济阳环保,山东：监测数据造假 莘县一公司被查处】省环保厅日前通报了莘县深港环保工程技术有限公司自动监测数据造假案。目前，@聊城莘县环境  依据《水污染防治法》第七十条规定，对该公司处以顶格罚款，@莘县公安 依据《环境保护法》第六十三条规定，对造假实施者王某行政拘留15日。监测数据造假莘县一公司被查处 ​,1,8,0,2016-12-28 11:13:18,https://weibo.cn/comment/Eo9CA4Qwb?rl=1#cmtfrm,日照城市排水,1,山东环境,转发理由:近年来，山东始终对监测数据造假持零容忍态度，严厉打击污染源自动监测数据弄虚作假违法行为。今年以来，省环保厅共查处4家造假企业，分别是巨野县三达水务有限公司、日照城市排水有限责任公司、上实环境城西(潍坊)污水处理有限公司和莘县深港环保工程技术有限公司。@微博济南@生态梦人 @绿之芽      ,@聊城莘县环境,@莘县公安,@微博济南,@生态梦人,@绿之芽
市中环保,山东：监测数据造假 莘县一公司被查处】省环保厅日前通报了莘县深港环保工程技术有限公司自动监测数据造假案。目前，@聊城莘县环境  依据《水污染防治法》第七十条规定，对该公司处以顶格罚款，@莘县公安 依据《环境保护法》第六十三条规定，对造假实施者王某行政拘留15日。监测数据造假莘县一公司被查处 ​,1,8,0,2016-12-28 10:01:13,https://weibo.cn/comment/Eo9CA4Qwb?rl=1#cmtfrm,日照城市排水,1,山东环境,转发理由:近年来，山东始终对监测数据造假持零容忍态度，严厉打击污染源自动监测数据弄虚作假违法行为。今年以来，省环保厅共查处4家造假企业，分别是巨野县三达水务有限公司、日照城市排水有限责任公司、上实环境城西(潍坊)污水处理有限公司和莘县深港环保工程技术有限公司。@微博济南@生态梦人 @绿之芽      ,@聊城莘县环境,@莘县公安,@微博济南,@生态梦人,@绿之芽
济南环保,山东：监测数据造假 莘县一公司被查处】省环保厅日前通报了莘县深港环保工程技术有限公司自动监测数据造假案。目前，@聊城莘县环境  依据《水污染防治法》第七十条规定，对该公司处以顶格罚款，@莘县公安 依据《环境保护法》第六十三条规定，对造假实施者王某行政拘留15日。监测数据造假莘县一公司被查处 ​,9,8,8,2016-12-28 09:11:07,https://weibo.cn/comment/Eo9CA4Qwb?rl=1#cmtfrm,日照城市排水,1,山东环境,转发理由:近年来，山东始终对监测数据造假持零容忍态度，严厉打击污染源自动监测数据弄虚作假违法行为。今年以来，省环保厅共查处4家造假企业，分别是巨野县三达水务有限公司、日照城市排水有限责任公司、上实环境城西(潍坊)污水处理有限公司和莘县深港环保工程技术有限公司。@微博济南@生态梦人 @绿之芽      ,@聊城莘县环境,@莘县公安,@微博济南,@生态梦人,@绿之芽
济南环保,污染源监控数据作假将入严重失信黑名单】篡改数据采集仪程序，致使污染物处理设施不正常运行；人为故意逃避自动监控设备监管，超标排放污水……环保部14日通报8起今年上半年污染源自动监控设施及数据弄虚作假案例，弄虚作假的主体日后将被列入“严重失信主体‘黑名单’”。http://t.cn/RtvtvOA ​,9,25,14,2016-07-15 09:19:52,https://weibo.cn/comment/DES2Zwysc?rl=1#cmtfrm,日照城市排水,1,山东环境,转发理由:此次被通报的8起案例中，山东有两起，分别是山东省巨野县三达水务有限公司私接暗管、人为干扰污染源自动监控系统案和山东省日照市城市排水有限公司擅自修改自动监控设备参数案。@微博济南@绿之芽 @孤独求单@女的超 @米斯特_徐      ,@微博济南,@绿之芽,@孤独求单,@女的超,@米斯特_徐
山东环境,回音#         网友反映“淄博鑫港燃气有限公司”和“淄博市傅山焦化有限责任公司”在线数据超标，高新区环保局立即进行现场调查。        经查，淄博鑫港燃气有限公司2016年4月14日在线监测数据二氧化硫超标，该公司表示是因为淄博市在线监控中心对烟气在线设备没有进行验收，就直接将数据上传造成的。执法人员责令公司负责人及时联系市监控中心进行验收；原有的脱硫设施达不到现在的排放标准，必须再建新的烟气脱硫设施。现该公司的污染治理设施正在招标中。        淄博市傅山焦化有限责任公司2016年4月14日在线监测数据二氧化硫超标，一是该公司焦炉长期低负荷运行造成串漏；二是由于2015年山东省大气污染物排放标准提标后，焦化行业SO2排放标准由原来的200㎎/m³直接提升至50㎎/m³以下，原有的脱硫设施达不到现在的排放标准，必须再建新的烟气脱硫设施。高新区环保局工作人员多次对该企业进行监察，要求该公司积极考察建设改进焦炉烟气脱硫技术设施，督促其污染设施尽快开工建设，同时加强焦炉维护检修，确保污染物稳定达标排放。        针对淄博市傅山焦化有限责任公司和淄博鑫港燃气有限公司在线数据超标问题，由淄博市环境监察支队分别对上述两家公司作出行政处罚。高新区环保局要求该公司针对超标问题认真分析原因，制定有效应急措施，加强现场管理，杜绝类似现象发生，确保在线数据稳定达标排放。淄博高新技术产业开发区环境保护局                             2016年4月15日,1,2,7,2016-04-15 14:36:12,https://weibo.cn/comment/Dr4NmyEV5?rl=1#cmtfrm,淄博鑫港燃气,1,淄博环保,,@宁静的阳光,@淄博高新区环保局
山东环境,回音#网友@宁静的阳光 反映“淄博鑫港燃气有限公司和淄博市傅山焦化有限责任公司在线数据超标”，高新区环保局高度重视，立即进行现场调查。经查，淄博鑫港燃气有限公司2016年3月28日、29日在线监测数据二氧化硫超标，该公司表示是因为淄博市在线监控中心对烟气在线设备没有进行验收，就直接将数据上传造成的...（详见长微博）@山东环境 @宁静的阳光,5,9,7,2016-04-06 15:18:18,https://weibo.cn/comment/DpIfUeuf8?rl=1#cmtfrm,淄博鑫港燃气,1,淄博环保,转发理由:#互动#网友@宁静的阳光 反映淄博鑫港燃气有限公司和淄博市傅山焦化有限责任公司在线数据超标问题，已经@淄博高新区环保局 调查处理。欢迎网友监督评议。      ,@宁静的阳光,@山东环境,@宁静的阳光,@宁静的阳光,@淄博高新区环保局
淄博环保,#回音#网友@宁静的阳光 反映“淄博鑫港燃气有限公司和淄博市傅山焦化有限责任公司在线数据超标”，高新区环保局高度重视，立即进行现场调查。经查，淄博鑫港燃气有限公司2016年3月28日、29日在线监测数据二氧化硫超标，该公司表示是因为淄博市在线监控中心对烟气在线设备没有进行验收，就直接将数据上传造成的...（详见长微博）@山东环境 @宁静的阳光,6,9,10,2016-04-06 15:16:20,https://weibo.cn/comment/DpIfUeuf8?uid=3114085181&rl=1#cmtfrm,淄博鑫港燃气,,,,@宁静的阳光,@山东环境,@宁静的阳光
山东环境,回音#        网友@宁静的阳光 反映“淄博市傅山焦化有限责任公司和淄博鑫港燃气有限公司在线数据超标”。       经高新区环保局调查， 淄博鑫港燃气有限公司2016年3月15日、16日在线监测数据二氧化硫超标，该公司表示是因为淄博市在线监控中心对烟气在线设备没有进行验收，就直接将数据上传造成的。执法人员责令公司负责人及时联系市监控中心进行验收。        淄博市傅山焦化有限责任公司2016年3月15日、16日在线监测数据二氧化硫超标，是该公司焦炉长期低负荷运行造成串漏导致。责令该公司采取必要措施，加强焦炉维护检修，杜绝再次出现超标问题。       针对淄博鑫港燃气有限公司和淄博市傅山焦化有限责任公司在线数据二氧化硫超标问题，高新区环保局严格按照相关法律法规对日均值超标情况作出相应行政处罚，同时要求该公司针对超标问题认真分析原因，制定有效应急措施，加强现场管理，杜绝类似现象发生，确保在线数据稳定达标排放。淄博高新技术产业开发区环境保护局                            2016年3月17日,4,6,11,2016-03-17 17:11:44,https://weibo.cn/comment/DmGmx0370?rl=1#cmtfrm,淄博鑫港燃气,1,淄博环保,,@宁静的阳光,@宁静的阳光,@淄博高新区环保局
沂南环境,#我们在行动#沂南夜鹰第二站沂南县第二污水处理厂，污水处理设施运行正常，取排污口水样一份，未发现其他环境违法行为。@山东环境 @临沂环境 @环保家中宝 临沂·界湖街区 ​,3,0,1,2016-07-25 21:34:41,https://weibo.cn/comment/E0whMaL1g?uid=3803678055&rl=1#cmtfrm,沂南县污水处理厂,,,,@山东环境,@临沂环境,@环保家中宝
山东环境,回音廊#关于网友反映的山东正和热电有限公司5月2日8时二氧化硫在线超标的回复。据查，该企业5月2日8时二氧化硫在线超标属于瞬时值超标，日均值属于正常范围，不作为处罚依据。@霸天虎V5@大王一杰@豫鲁风骨 @山东环境@微言环保@生态梦人@绿行齐鲁 ​,2,2,5,2016-05-03 15:04:21,https://weibo.cn/comment/DtOHMyf4R?rl=1#cmtfrm,山东正和热电,1,环保东营,转发理由:#互动#关于网友反映的山东正和热电有限公司二氧化硫在线超标的问题，已经@环保东营 调查处理，欢迎网友监督评议。      ,@霸天虎V5,@大王一杰,@豫鲁风骨,@山东环境,@微言环保,@生态梦人,@绿行齐鲁,@环保东营
环保东营,#回音廊#关于网友反映的山东正和热电有限公司5月2日8时二氧化硫在线超标的回复。据查，该企业5月2日8时二氧化硫在线超标属于瞬时值超标，日均值属于正常范围，不作为处罚依据。@霸天虎V5@大王一杰@豫鲁风骨 @山东环境@微言环保@生态梦人@绿行齐鲁 ​,0,2,8,2016-05-03 15:02:43,https://weibo.cn/comment/DtOHMyf4R?uid=1602726821&rl=1#cmtfrm,山东正和热电,,,,@霸天虎V5,@大王一杰,@豫鲁风骨,@山东环境,@微言环保,@生态梦人,@绿行齐鲁
济南环保,#回声台#【网友@潴潴寳貝 反映槐荫区绿地国际花都和绿地泉景园中间，紧挨着住户楼，污染严重，味道特别大问题的回复】经槐荫环保落实，腊山分洪沿线无工业企业污水直排河道问题，该区域城市污水管网尚不完善，且无污水处理厂，致使周围居民区的生活污水直排腊山分洪河道。其中最大污水来源为陡沟河。陡沟河起源于市中区党家办事处，途经陡沟办事处，以中国重汽集团（雨污）为主，流经陡沟办事处进入槐荫区腊山办事处后流入腊山分洪河。经张家庄小区、王府庄进入腊山分洪河。污水主要来源是市中区工业废水、生活污水，进入槐荫区后与居民生活污水经陡沟河道共同排入腊山分洪河。市中区污水占总水量的三分之二以上。槐荫区段生活污水来源为国际绿地花都、济南泉景园、陆军学院、航修厂、94270部队、张家庄小区、王府小区、水屯小区、玉周景园小区。措施：济南市市政部门已对造成问题的陡沟及腊山分洪流域进行了统一规划并已经设计了截污方案，将建设腊山水质净化厂，该水质净化厂的服务范围为腊山片区及玉符河流域，规划腊山水质净化厂规模为7万m3/d。在水质净化厂建成前，先建设管网，将该区域污水收集，进入水质净化四厂处理，解决污水污染河道问题。@山东环境 @公众环境马军 @豫鲁风骨 @生态梦人 @绿之芽 @abc云水禅心 @拨云见晴空@潴潴寳貝,10,8,18,2016-11-10 14:45:19,https://weibo.cn/comment/EgTLf9ztd?uid=3567934541&rl=1#cmtfrm,陡沟河污水处理厂,,,,@潴潴寳貝,@山东环境,@公众环境马军,@豫鲁风骨,@生态梦人,@绿之芽,@拨云见晴空,@潴潴寳貝
济南环保,#回声台#【网友@潴潴寳貝 反映槐荫区绿地国际花都和绿地泉景园中间，紧挨着住户楼，污染严重，味道特别大问题的回复】经槐荫环保落实，腊山分洪沿线无工业企业污水直排河道问题，该区域城市污水管网尚不完善，且无污水处理厂，致使周围居民区的生活污水直排腊山分洪河道。其中最大污水来源为陡沟河。陡沟河起源于市中区党家办事处，途经陡沟办事处，以中国重汽集团（雨污）为主，流经陡沟办事处进入槐荫区腊山办事处后流入腊山分洪河。经张家庄小区、王府庄进入腊山分洪河。污水主要来源是市中区工业废水、生活污水，进入槐荫区后与居民生活污水经陡沟河道共同排入腊山分洪河。市中区污水占总水量的三分之二以上。槐荫区段生活污水来源为国际绿地花都、济南泉景园、陆军学院、航修厂、94270部队、张家庄小区、王府小区、水屯小区、玉周景园小区。措施：济南市市政部门已对造成问题的陡沟及腊山分洪流域进行了统一规划并已经设计了截污方案，将建设腊山水质净化厂，该水质净化厂的服务范围为腊山片区及玉符河流域，规划腊山水质净化厂规模为7万m3/d。在水质净化厂建成前，先建设管网，将该区域污水收集，进入水质净化四厂处理，解决污水污染河道问题。@山东环境 @公众环境马军 @豫鲁风骨 @生态梦人 @绿之芽 @abc云水禅心 @拨云见晴空@潴潴寳貝,10,8,18,2016-11-10 14:45:19,https://weibo.cn/comment/EgTLf9ztd?uid=3567934541&rl=1#cmtfrm,陡沟河污水处理厂,,,,@潴潴寳貝,@山东环境,@公众环境马军,@豫鲁风骨,@生态梦人,@绿之芽,@拨云见晴空,@潴潴寳貝
泗水环境,@绿行齐鲁@Bluracle @济宁环境，你们反映的关于泗水圣源热电有限公司1月3日7时二氧化硫排放数据异常情况，是由于企业2#脱硫塔外排石膏泵出现故障，导致塔内石灰石浆液吸收二氧化硫能力降低，导致二氧化硫排放超标。经紧急抢修，现已恢复正常。 ​,1,0,3,2016-01-04 17:10:07,https://weibo.cn/comment/DbAfUpeLK?uid=3960777495&rl=1#cmtfrm,泗水圣源热电,,,,@绿行齐鲁,@济宁环境
鹰潭环境保护局,近日，一条微博引起了大家的热切关注：“#鹰潭身边事#【网曝江西六国化工有限责任公司污水排放超标！】据@青赣环境交流中心 昨日发博：根据江西省环境质量发布平台数据显示，发现贵溪市江西六国化工有限责任公司污水排放氨氮浓度超标近三倍，PH值超标，曝光污染企业行为，青赣在行动，请环保部门监督该企业污染排放行为！@鹰潭环境保护局”这关系着大家赖以生存的母亲河，鹰潭市环保局高度重视，立即赶赴现场，会同贵溪市环保局调查处理，现将查处情况公布如下@贵溪这点事：,0,2,3,2016-10-24 09:53:04,https://weibo.cn/comment/EehAb5OYO?uid=3963741254&rl=1#cmtfrm,江西六国化工,,,,@青赣环境交流中心,@鹰潭环境保护局,@贵溪这点事
山东环境,回音壁#关于网友反映的中国石化集团胜利石油管理局胜利发电厂氮氧化物在线超标的回复。经查，该企业5月9日05时氮氧化物在线超标属于瞬时值超标，日均值属于正常范围，不作为处罚依据。@蔚蓝地图@大王一杰@山东环境@微言环保 ​,3,2,6,2016-05-11 15:05:09,https://weibo.cn/comment/Dv27Sd71B?rl=1#cmtfrm,中国石化集团胜利石油管理局胜利发电厂,1,环保东营,转发理由:#互动#关于网友反映的中国石化集团胜利石油管理局胜利发电厂氮氧化物在线超标问题，已经@环保东营 调查处理。欢迎网友监督评议。      ,@蔚蓝地图,@大王一杰,@山东环境,@微言环保,@环保东营
环保东营,#回音壁#关于网友反映的中国石化集团胜利石油管理局胜利发电厂氮氧化物在线超标的回复。经查，该企业5月9日05时氮氧化物在线超标属于瞬时值超标，日均值属于正常范围，不作为处罚依据。@蔚蓝地图@大王一杰@山东环境@微言环保 ​,1,2,8,2016-05-11 15:03:00,https://weibo.cn/comment/Dv27Sd71B?uid=1602726821&rl=1#cmtfrm,中国石化集团胜利石油管理局胜利发电厂,,,,@蔚蓝地图,@大王一杰,@山东环境,@微言环保
山东环境,回音廊#关于网友反映的广饶县稻庄镇污水处理厂5月19日9时COD在线超标的回复：据查，该企业5月19日COD在线超标是由设备故障引起的，后经维护，设备已正常。@大王一杰@山东环境 @山东发布 @蔚蓝地图 @微言环保 @孤独求单 @豫鲁风骨 @绿行齐鲁 ​,4,10,6,2016-05-23 09:51:59,https://weibo.cn/comment/DwPbzcBwm?rl=1#cmtfrm,稻庄镇污水处理厂,1,环保东营,,@大王一杰,@山东环境,@山东发布,@蔚蓝地图,@微言环保,@孤独求单,@豫鲁风骨,@绿行齐鲁,@环保东营
环保东营,#回音廊#关于网友反映的广饶县稻庄镇污水处理厂5月19日9时COD在线超标的回复：据查，该企业5月19日COD在线超标是由设备故障引起的，后经维护，设备已正常。@大王一杰@山东环境 @山东发布 @蔚蓝地图 @微言环保 @孤独求单 @豫鲁风骨 @绿行齐鲁 ​,2,10,34,2016-05-23 09:47:00,https://weibo.cn/comment/DwPbzcBwm?uid=1602726821&rl=1#cmtfrm,稻庄镇污水处理厂,,,,@大王一杰,@山东环境,@山东发布,@蔚蓝地图,@微言环保,@孤独求单,@豫鲁风骨,@绿行齐鲁
山东环境,于网友反映的广饶县稻庄镇污水处理厂COD在线超标的回复：经查，该企业在线COD超标属于瞬时值超标。不作为处罚依据。下图是该企业COD在线实时数据及日均值数据。@霸天虎@山东环境@绿行齐鲁 ​,2,2,4,2016-04-14 15:02:28,https://weibo.cn/comment/DqVzQhLsc?rl=1#cmtfrm,稻庄镇污水处理厂,1,环保东营,转发理由:#互动#关于网友反映的广饶县稻庄镇污水处理厂COD在线超标问题，已经@环保东营 调查处理。欢迎网友监督评议。      ,@霸天虎,@山东环境,@绿行齐鲁,@环保东营
环保东营,关于网友反映的广饶县稻庄镇污水处理厂COD在线超标的回复：经查，该企业在线COD超标属于瞬时值超标。不作为处罚依据。下图是该企业COD在线实时数据及日均值数据。@霸天虎@山东环境@绿行齐鲁 ​,2,2,5,2016-04-14 15:01:28,https://weibo.cn/comment/DqVzQhLsc?uid=1602726821&rl=1#cmtfrm,稻庄镇污水处理厂,,,,@霸天虎,@山东环境,@绿行齐鲁
山东环境,回音#网友反映山东天源热电有限公司1月28日20时、1月29日6时二氧化硫超标排放，桓台县环保局对此问题高度重视，现将调查处理情况公布如下：经调查，1月28日20时二氧化硫在线监控数据出现瞬时超标情况，1月28日二氧化硫日均值未超标，针对1与29日二氧化硫超标的...（详见长微博）@山东环境@蔚蓝地图 ​,6,1,4,2016-02-02 11:00:09,https://weibo.cn/comment/DfXcTwXMl?rl=1#cmtfrm,山东天源热电,1,淄博环保,转发理由:#互动#关于网友@宁静的阳光 反映山东天源热电有限公司二氧化硫超标排放的问题，已经@桓台环保 调查处理，欢迎网友监督评议。      ,@山东环境,@蔚蓝地图,@宁静的阳光,@桓台环保
淄博环保,#回音#网友反映山东天源热电有限公司1月28日20时、1月29日6时二氧化硫超标排放，桓台县环保局对此问题高度重视，现将调查处理情况公布如下：经调查，1月28日20时二氧化硫在线监控数据出现瞬时超标情况，1月28日二氧化硫日均值未超标，针对1与29日二氧化硫超标的...（详见长微博）@山东环境@蔚蓝地图 ​,1,1,5,2016-02-02 10:57:04,https://weibo.cn/comment/DfXcTwXMl?uid=3114085181&rl=1#cmtfrm,山东天源热电,,,,@山东环境,@蔚蓝地图
山东环境,回音#2016年1月21日下午，淄博市环境监察支队执法人员对山东天源热电有限公司进行现场调查，具体情况如下：1月21日6:00该公司5-11监控站点在线监控小时值二氧化硫为217mg/M3，标准200mg/M3，超标0.085倍。经现场调查，超标原因为1月21日3:50分更换...（详见长微博）@山东环境 @蔚蓝地图@宁静的阳光 ​,4,1,3,2016-01-22 11:31:33,https://weibo.cn/comment/DehqCBfL2?rl=1#cmtfrm,山东天源热电,1,淄博环保,转发理由:#互动#关于网友@宁静的阳光 反映的山东天源热电有限公司二氧化硫超标的问题，已经@淄博环保 调查处理，欢迎网友监督评议。      ,@山东环境,@蔚蓝地图,@宁静的阳光,@宁静的阳光,@淄博环保
淄博环保,#回音#2016年1月21日下午，淄博市环境监察支队执法人员对山东天源热电有限公司进行现场调查，具体情况如下：1月21日6:00该公司5-11监控站点在线监控小时值二氧化硫为217mg/M3，标准200mg/M3，超标0.085倍。经现场调查，超标原因为1月21日3:50分更换...（详见长微博）@山东环境 @蔚蓝地图@宁静的阳光 ​,1,1,4,2016-01-22 10:45:14,https://weibo.cn/comment/DehqCBfL2?uid=3114085181&rl=1#cmtfrm,山东天源热电,,,,@山东环境,@蔚蓝地图,@宁静的阳光
淄博环保,关于淄博金阳热力有限公司在线监测二氧化硫数据超标的调查情况说明 @山东环境 @蔚蓝地图 @宁静的阳光 关于淄博金阳热力有限公司在线监测二氧化硫数据超标的调查情况 ​,4,4,15,2016-02-22 15:51:49,https://weibo.cn/comment/Dj1Gsuw6G?uid=3114085181&rl=1#cmtfrm,淄博金阳热力,,,,@山东环境,@蔚蓝地图,@宁静的阳光
淄博环保,#环保在行动# 淄博市环保局局长于照春带队夜查淄博金阳热力有限公司。@山东环境@不浪费2 @生态梦人 @蔚蓝地图@豫鲁风骨 @一路向前冲锋不止 @山东空气观察团 @生态齐鲁网 @大淄博论坛 @淄川环保官博 ​,4,6,16,2016-08-03 22:17:48,https://weibo.cn/comment/E1TpKCYu1?uid=3114085181&rl=1#cmtfrm,淄博金阳热力,,,,@山东环境,@不浪费2,@生态梦人,@蔚蓝地图,@豫鲁风骨,@一路向前冲锋不止,@山东空气观察团,@生态齐鲁网,@大淄博论坛,@淄川环保官博
山东环境,于淄博金阳热力有限公司在线监测二氧化硫数据超标的调查情况说明 @山东环境 @蔚蓝地图 @宁静的阳光 关于淄博金阳热力有限公司在线监测二氧化硫数据超标的调查情况 ​,2,4,10,2016-02-22 16:01:40,https://weibo.cn/comment/Dj1Gsuw6G?rl=1#cmtfrm,淄博金阳热力,1,淄博环保,,@山东环境,@蔚蓝地图,@宁静的阳光,@宁静的阳光,@淄博环保
淄博环保,关于淄博金阳热力有限公司在线监测二氧化硫数据超标的调查情况说明 @山东环境 @蔚蓝地图 @宁静的阳光 关于淄博金阳热力有限公司在线监测二氧化硫数据超标的调查情况 ​,4,4,15,2016-02-22 15:51:49,https://weibo.cn/comment/Dj1Gsuw6G?uid=3114085181&rl=1#cmtfrm,淄博金阳热力,,,,@山东环境,@蔚蓝地图,@宁静的阳光
山东环境,回音#网友反映山东金诚石化集团有限公司1月31日二氧化硫超标排放，山东金诚石化集团有限公司锅炉废气治理设施1月29日至1月31日进行调试，在调试过程中，大气污染物不能稳定达标排放，该企业已针对锅炉调试工作向有关环保部门提交了申请报告，目前调试工作已完成...（详见长微博）@山东环境@蔚蓝地图 ​,3,1,5,2016-02-02 12:13:11,https://weibo.cn/comment/DfXydySA1?rl=1#cmtfrm,山东金诚石化集团,1,淄博环保,转发理由:#互动#关于网友反映山东金诚石化集团有限公司二氧化硫超标排放的问题，已经@桓台环保 调查处理，欢迎网友监督评议。      ,@山东环境,@蔚蓝地图,@桓台环保
淄博环保,#回音#网友反映山东金诚石化集团有限公司1月31日二氧化硫超标排放，山东金诚石化集团有限公司锅炉废气治理设施1月29日至1月31日进行调试，在调试过程中，大气污染物不能稳定达标排放，该企业已针对锅炉调试工作向有关环保部门提交了申请报告，目前调试工作已完成...（详见长微博）@山东环境@蔚蓝地图 ​,1,1,6,2016-02-02 11:49:37,https://weibo.cn/comment/DfXydySA1?uid=3114085181&rl=1#cmtfrm,山东金诚石化集团,,,,@山东环境,@蔚蓝地图
山东环境,回音壁# 关于网友反映“山东巨润建材有限公司在线数据偏高”信访件的调查报告。链接地址：http://t.cn/Rfh1ZCu ​,2,3,5,2016-11-07 15:05:26,https://weibo.cn/comment/EgruAzqvE?rl=1#cmtfrm,山东巨润建材,1,菏泽环境,,@永启2011,@菏泽环境
菏泽环境,近，山东巨润建材有限公司在线监测数据数值都比较高，希望排放浓度高的企业作出公开说明！并请@菏泽环境 @巨野县环境保护局 关注。2016年11月02日16点#蔚蓝地图# http://t.cn/RVdmEb5 #山东空气观察#@绿行齐鲁 @蔚蓝地图 ​,1,2,35,2016-11-03 08:05:19,https://weibo.cn/comment/EfGSQD3uS?rl=1#cmtfrm,山东巨润建材,1,永启2011,转发理由:您好，您反映的关于山东巨润建材有限公司排放浓度超标问题，我们已交给相关科室进行核实查处，感谢您对环环保工作的支持。      ,@菏泽环境,@巨野县环境保护局,@绿行齐鲁,@蔚蓝地图
济南环保,山东：首例大气污染民事公益诉讼审结】日前，@山东高法 通报了一年来全省法院环境资源审判工作情况并发布典型案例。截至目前，全省法院共受理8起环境公益诉讼案件，其中，北京市朝阳区自然之友环境研究所与山东金岭化工股份有限公司大气污染民事公益诉讼案是我省法院审结的首例大气污染民事公益诉讼案件。http://t.cn/R5GFSfE,15,5,21,2016-06-04 15:46:42,https://weibo.cn/comment/DyDxyn0h4?rl=1#cmtfrm,山东金岭化工股份,1,山东环境,转发理由:【山东：首例大气污染民事公益诉讼审结】日前，@山东高法 通报了一年来全省法院环境资源审判工作情况并发布典型案例。截至目前，全省法院共受理8起环境公益诉讼案件，其中，北京市朝阳区自然之友环境研究所与山东金岭化工股份有限公司大气污染民事公益诉讼案是@微博济南 @孤独求单 @女的超 @米斯特_徐      ,@山东高法,@山东高法,@微博济南,@孤独求单,@女的超,@米斯特_徐
山东环境,回音廊#关于网友反映的山东金岭化工股份有限公司4月27日16时COD在线超标的回复：据查，该企业4月27日16时COD在线超标属于瞬时值超标，日均值属于正常范围。瞬时值超标不作为处罚依据。COD在线值见下图。回复@大王一杰@蔚蓝地图 @绿行齐鲁 @常山蛇1 @东营大众网@山东环境 ​,3,3,10,2016-04-29 09:33:31,https://weibo.cn/comment/DtaPmfECr?rl=1#cmtfrm,山东金岭化工股份,1,环保东营,转发理由:#互动#关于网友@大王一杰 反映的山东金岭化工股份有限公司4月27日16时COD在线超标的问题，已经@环保东营 调查处理。欢迎网友监督评议。      ,@大王一杰,@蔚蓝地图,@绿行齐鲁,@常山蛇1,@东营大众网,@山东环境,@大王一杰,@环保东营
环保东营,#回音廊#关于网友反映的山东金岭化工股份有限公司4月27日16时COD在线超标的回复：据查，该企业4月27日16时COD在线超标属于瞬时值超标，日均值属于正常范围。瞬时值超标不作为处罚依据。COD在线值见下图。回复@大王一杰@蔚蓝地图 @绿行齐鲁 @常山蛇1 @东营大众网@山东环境 ​,3,3,15,2016-04-29 09:31:30,https://weibo.cn/comment/DtaPmfECr?uid=1602726821&rl=1#cmtfrm,山东金岭化工股份,,,,@大王一杰,@蔚蓝地图,@绿行齐鲁,@常山蛇1,@东营大众网,@山东环境
山东环境,【自然之友诉金岭化工被立案】@自然之友 诉山东金岭化工股份有限公司大气污染环境公益诉讼案日前在@东营中院 被立案受理。据了解，@自然之友 诉请判令被告消除所有不遵守环境保护法律法规行为对大气环境造成的威胁，并请求法院判令被告支付大气环境治理费用，约人民币1000万元。中国环境报电子报 ​,4,4,27,2016-01-27 09:45:42,https://weibo.cn/comment/Df2aWnGrh?uid=3354394424&rl=1#cmtfrm,山东金岭化工股份,,,,@自然之友,@东营中院,@自然之友
山东环境,回音廊#关于网友@大王一杰反映的利津县环海污水处理有限公司COD在线超标的回复。据查，该企业4月16日14时COD在线超标属于设备故障数据，现设备已正常。@大王一杰@山东环境@豫鲁风骨@微言环保@孤独求单@常山蛇1 ​,3,3,5,2016-04-20 09:35:12,https://weibo.cn/comment/DrNYR6Kyh?rl=1#cmtfrm,利津县环海污水处理,1,环保东营,转发理由:关于网友@大王一杰 反映利津县环海污水处理有限公司COD在线超标问题，已经@环保东营 调查处理。欢迎网友监督处理。      ,@大王一杰反映的利津县环海污水处理有限公司COD在线超标的回复,@大王一杰,@山东环境,@豫鲁风骨,@微言环保,@孤独求单,@常山蛇1,@大王一杰,@环保东营
沈阳环保,#沈阳市民环境诉求# 15:58微博网友@智慧盛京 反映华润沈海热电冒黑烟。经查，该企业3号锅炉烟道挡板突然关闭导致锅炉炉膛正压，灰尘上扬，锅炉灭火造成冒黑烟。目前抢修进行中。据网友@赵师傅不爱吃鱼 提供的信息，现场已停止冒黑烟。感谢各位网友提供的信息，沈阳的环境离不开大家的参与[作揖] ​,21,13,9,2016-02-03 17:08:36,https://weibo.cn/comment/Dg94c0bBK?uid=2765022325&rl=1#cmtfrm,沈阳华润热电,,,,@智慧盛京,@赵师傅不爱吃鱼
青岛环保,【揭秘青岛热企减排全程：深度清洁黑烟变白烟】近日，青岛新闻网记者到青岛热电股份有限公司，探访了供热烟气排放的全过程，为网友展现了热企烟气净化的每个步骤。@山东环境 @青岛交通广播FM897 @掌上青岛 @青岛论坛 @青岛环保哥 @沐官岛客 @魅力灵山湾 揭秘青岛热企减排全程：深度清洁黑烟变白烟  ​,2,3,3,2016-01-11 17:19:38,https://weibo.cn/comment/DcEjfoLYC?uid=3245359303&rl=1#cmtfrm,青岛热电股份,,,,@山东环境,@青岛交通广播FM897,@掌上青岛,@青岛论坛,@青岛环保哥,@沐官岛客,@魅力灵山湾
济南环保,#微公告#【济南市环境保护局 行政处罚决定书】http://t.cn/RfoF5zB被处罚人：山东球墨铸铁管有限公司营业执照号码：370000018065225组织机构代码：61407250-0法定代表人：杨洪彬    职务：总经理  地    址: 济南市历城区工业北路铁骑路25号@山东环境 @微博济南 @绿之芽 @生态梦人 @公众环境马军 @中国环境新闻 @拨云见晴空,9,14,19,2016-11-23 14:38:51,https://weibo.cn/comment/EiSh4rJ8J?uid=3567934541&rl=1#cmtfrm,山东球墨铸铁管,,,,@山东环境,@微博济南,@绿之芽,@生态梦人,@公众环境马军,@中国环境新闻,@拨云见晴空
平阴环保,微公告# 违法信息公开【行政处罚决定书（山东球墨铸铁管有限公司） 】@山东环境 @生态梦人 @公众环境马军 @蔚蓝地图 @中国环境新闻 @微博济南 @绿之芽 @拨云见晴空 ​,2,13,5,2016-09-23 11:29:46,https://weibo.cn/comment/E9qmWahGZ?rl=1#cmtfrm,山东球墨铸铁管,1,济南环保,转发理由:违法信息公开【行政处罚决定书（山东球墨铸铁管有限公司） 】      ,@山东环境,@生态梦人,@公众环境马军,@蔚蓝地图,@中国环境新闻,@微博济南,@绿之芽,@拨云见晴空
市中环保,微公告# 违法信息公开【行政处罚决定书（山东球墨铸铁管有限公司） 】@山东环境 @生态梦人 @公众环境马军 @蔚蓝地图 @中国环境新闻 @微博济南 @绿之芽 @拨云见晴空 ​,0,13,0,2016-09-22 12:56:05,https://weibo.cn/comment/E9qmWahGZ?rl=1#cmtfrm,山东球墨铸铁管,1,济南环保,转发理由:行政处罚决定书（山东球墨铸铁管有限公司）      ,@山东环境,@生态梦人,@公众环境马军,@蔚蓝地图,@中国环境新闻,@微博济南,@绿之芽,@拨云见晴空
济南环保,#微公告# 违法信息公开【行政处罚决定书（山东球墨铸铁管有限公司） 】@山东环境 @生态梦人 @公众环境马军 @蔚蓝地图 @中国环境新闻 @微博济南 @绿之芽 @拨云见晴空 ​,10,13,39,2016-09-22 11:03:39,https://weibo.cn/comment/E9qmWahGZ?uid=3567934541&rl=1#cmtfrm,山东球墨铸铁管,,,,@山东环境,@生态梦人,@公众环境马军,@蔚蓝地图,@中国环境新闻,@微博济南,@绿之芽,@拨云见晴空
济南环保,【市环保局公布一批环境违法信息 山东球墨噪声污染再被罚】近日，市环保局公布了一批环境违法信息，山东中捷置业有限公司因紫悦华庭房地产开发项目建筑工地扬尘污染防治措施达不到要求被罚款8万元，山东球墨铸铁管有限公司因噪声污染被罚款5000元@山东环境 @微博济南 @生态梦人 市环保局公布一批环境违法信息 山东球墨噪声污染再被罚 ​,13,30,29,2016-08-16 14:22:45,https://weibo.cn/comment/E3ORnqqge?uid=3567934541&rl=1#cmtfrm,山东球墨铸铁管,,,,@山东环境,@微博济南,@生态梦人
山东环境,微公告#【行政处罚决定书(山东球墨铸铁管有限公司)  】http://t.cn/RtpVRx5山东环境@微博济南@绿之芽@孤独求单@女的超 @米斯特_徐 @拨云见晴空 ​,4,25,10,2016-08-10 16:23:56,https://weibo.cn/comment/E2UCGyb4f?rl=1#cmtfrm,山东球墨铸铁管,1,济南环保,转发理由:#贯彻落实新环保法##环保在行动#济南对山东球墨铸铁管有限公司下达行政处罚决定书      ,@微博济南,@绿之芽,@孤独求单,@女的超,@米斯特_徐,@拨云见晴空
平阴环保,微公告#【行政处罚决定书(山东球墨铸铁管有限公司)  】http://t.cn/RtpVRx5山东环境@微博济南@绿之芽@孤独求单@女的超 @米斯特_徐 @拨云见晴空 ​,2,25,1,2016-08-10 16:14:05,https://weibo.cn/comment/E2UCGyb4f?rl=1#cmtfrm,山东球墨铸铁管,1,济南环保,转发理由:行政处罚决定书(山东球墨铸铁管有限公司)      ,@微博济南,@绿之芽,@孤独求单,@女的超,@米斯特_徐,@拨云见晴空
济南环保,#微公告#【行政处罚决定书(山东球墨铸铁管有限公司)  】http://t.cn/RtpVRx5山东环境@微博济南@绿之芽@孤独求单@女的超 @米斯特_徐 @拨云见晴空 ​,12,25,30,2016-08-10 15:12:44,https://weibo.cn/comment/E2UCGyb4f?uid=3567934541&rl=1#cmtfrm,山东球墨铸铁管,,,,@微博济南,@绿之芽,@孤独求单,@女的超,@米斯特_徐,@拨云见晴空
山东环境,回音#网友反映“2016年3月6日18：00时、2016年3月8日03:00时、11:00时山东金晶科技股份有限公司在线数据超标”。经高新区环保局调查，该公司2号生产线脱硝风机轴承断裂，停机更换...（详见长微博）@山东环境 @不浪费2 @生态梦人 @生态齐鲁网 @豫鲁风骨 @一路向前冲锋不止 @蔚蓝地图 @宁静的阳光 ​,5,3,10,2016-03-11 09:45:53,https://weibo.cn/comment/DlIUZBMnq?rl=1#cmtfrm,山东金晶科技股份,1,淄博环保,转发理由:#互动#关于网友@宁静阳光 反映山东金晶科技股份有限公司在线数据超标问题，已经@淄博环保 调查处理。欢迎网友监督评议。      ,@山东环境,@不浪费2,@生态梦人,@生态齐鲁网,@豫鲁风骨,@一路向前冲锋不止,@蔚蓝地图,@宁静的阳光,@宁静阳光,@淄博环保
淄博环保,#回音#网友反映“2016年3月6日18：00时、2016年3月8日03:00时、11:00时山东金晶科技股份有限公司在线数据超标”。经高新区环保局调查，该公司2号生产线脱硝风机轴承断裂，停机更换...（详见长微博）@山东环境 @不浪费2 @生态梦人 @生态齐鲁网 @豫鲁风骨 @一路向前冲锋不止 @蔚蓝地图 @宁静的阳光 ​,1,3,12,2016-03-11 09:36:21,https://weibo.cn/comment/DlIUZBMnq?uid=3114085181&rl=1#cmtfrm,山东金晶科技股份,,,,@山东环境,@不浪费2,@生态梦人,@生态齐鲁网,@豫鲁风骨,@一路向前冲锋不止,@蔚蓝地图,@宁静的阳光
山东环境,于“山东金晶科技股份有限公司在线数据超标”的调查回复 关于“山东金晶科技股份有限公司在线数据超标”的调查回复 @山东环境 @不浪费2 @生态梦人 @生态齐鲁网 @豫鲁风骨 @一路向前冲锋不止 @蔚蓝地图 @宁静的阳光 ​,3,4,8,2016-03-10 21:46:05,https://weibo.cn/comment/DlE22lV8z?rl=1#cmtfrm,山东金晶科技股份,1,淄博环保,,@山东环境,@不浪费2,@生态梦人,@生态齐鲁网,@豫鲁风骨,@一路向前冲锋不止,@蔚蓝地图,@宁静的阳光,@宁静的阳光,@淄博环保
淄博环保,关于“山东金晶科技股份有限公司在线数据超标”的调查回复 关于“山东金晶科技股份有限公司在线数据超标”的调查回复 @山东环境 @不浪费2 @生态梦人 @生态齐鲁网 @豫鲁风骨 @一路向前冲锋不止 @蔚蓝地图 @宁静的阳光 ​,3,4,11,2016-03-10 21:09:58,https://weibo.cn/comment/DlE22lV8z?uid=3114085181&rl=1#cmtfrm,山东金晶科技股份,,,,@山东环境,@不浪费2,@生态梦人,@生态齐鲁网,@豫鲁风骨,@一路向前冲锋不止,@蔚蓝地图,@宁静的阳光
山东环境,关于对山东金晶科技股份有限公司在线持续超标问题调查处理情况的报告】淄博市环境监察支队安排执法人员会同高新区环保局对山东金晶科技股份有限公司在线数据持续超标问题进行调查处理，现将情况...（详见长微博）@山东环境 @不浪费2 @蔚蓝地图 @豫鲁风骨 @巴松狼王 @绿行齐鲁 @宁静的阳光 @鲁中网 ​,3,9,18,2016-03-07 15:34:47,https://weibo.cn/comment/Dl9e7elhn?rl=1#cmtfrm,山东金晶科技股份,1,淄博环保,转发理由:#互动#@淄博环保 通报山东金晶科技股份有限公司在线持续超标问题调查处理情况      ,@山东环境,@不浪费2,@蔚蓝地图,@豫鲁风骨,@巴松狼王,@绿行齐鲁,@宁静的阳光,@鲁中网,@淄博环保
淄博环保,【关于对山东金晶科技股份有限公司在线持续超标问题调查处理情况的报告】淄博市环境监察支队安排执法人员会同高新区环保局对山东金晶科技股份有限公司在线数据持续超标问题进行调查处理，现将情况...（详见长微博）@山东环境 @不浪费2 @蔚蓝地图 @豫鲁风骨 @巴松狼王 @绿行齐鲁 @宁静的阳光 @鲁中网 ​,8,9,26,2016-03-07 14:44:34,https://weibo.cn/comment/Dl9e7elhn?uid=3114085181&rl=1#cmtfrm,山东金晶科技股份,,,,@山东环境,@不浪费2,@蔚蓝地图,@豫鲁风骨,@巴松狼王,@绿行齐鲁,@宁静的阳光,@鲁中网
淄博环保,山东金晶科技股份有限公司在线数据超标的调查回复 关于山东金晶科技股份有限公司在线数据超标的调查回复 @山东环境@不浪费2 @生态梦人 @宁静的阳光@蔚蓝地图@豫鲁风骨 @一路向前冲锋不止 @山东空气观察团 @生态齐鲁网 ​,1,1,1,2016-03-04 12:47:30,https://weibo.cn/comment/DkGb6AYEe?uid=3114085181&rl=1#cmtfrm,山东金晶科技股份,,,,@山东环境,@不浪费2,@生态梦人,@宁静的阳光,@蔚蓝地图,@豫鲁风骨,@一路向前冲锋不止,@山东空气观察团,@生态齐鲁网
山东环境,于网友反映山东金晶科技股份有限公司在线数据超标排放的调查回复 关于网友反映山东金晶科技股份有限公司在线数据超标排放的调查回复 @山东环境 @宁静的阳光 @蔚蓝地图 ​,3,3,6,2016-02-25 09:59:51,https://weibo.cn/comment/DjrDPzOMf?rl=1#cmtfrm,山东金晶科技股份,1,淄博环保,,@山东环境,@宁静的阳光,@蔚蓝地图,@济宁的阳光,@淄博环保
淄博环保,关于网友反映山东金晶科技股份有限公司在线数据超标排放的调查回复 关于网友反映山东金晶科技股份有限公司在线数据超标排放的调查回复 @山东环境 @宁静的阳光 @蔚蓝地图 ​,5,3,11,2016-02-25 09:56:46,https://weibo.cn/comment/DjrDPzOMf?uid=3114085181&rl=1#cmtfrm,山东金晶科技股份,,,,@山东环境,@宁静的阳光,@蔚蓝地图
山东环境,回音#网友反映“2016年2月10日17:00时、2016年2月11日20:00时、2016年2月13日11:00时山东金晶科技股份有限公司在线数据超标”。经高新区环保局调查，该公司2号生产线2016年2月10日17:00时氮氧化物超标原因是2号生产线烟气脱硝...（详见长微博）@山东环境 @蔚蓝地图 @宁静的阳光 @淄博高新区环保局 ​,4,2,3,2016-02-15 16:27:53,https://weibo.cn/comment/DhXMvyyvw?rl=1#cmtfrm,山东金晶科技股份,1,淄博环保,转发理由:#互动#关于网友@宁静的阳光 反映山东金晶科技股份有限公司在线数据超标的问题，已经@淄博高新区环保局 调查处理，欢迎网友监督评议。      ,@山东环境,@蔚蓝地图,@宁静的阳光,@淄博高新区环保局,@宁静的阳光,@淄博高新区环保局
淄博环保,#回音#网友反映“2016年2月10日17:00时、2016年2月11日20:00时、2016年2月13日11:00时山东金晶科技股份有限公司在线数据超标”。经高新区环保局调查，该公司2号生产线2016年2月10日17:00时氮氧化物超标原因是2号生产线烟气脱硝...（详见长微博）@山东环境 @蔚蓝地图 @宁静的阳光 @淄博高新区环保局 ​,1,2,5,2016-02-15 16:05:26,https://weibo.cn/comment/DhXMvyyvw?uid=3114085181&rl=1#cmtfrm,山东金晶科技股份,,,,@山东环境,@蔚蓝地图,@宁静的阳光,@淄博高新区环保局
山东环境,回音#网友投诉“2016年1月30日0时，山东金晶科技股份有限公司在线数据超标”。经高新区环保局调查，山东金晶科技股份有限公司2号线2016年1月30日0时在线数据二氧化硫超标的原因是该公司2号生产线脱硫剂消石灰输送管路，因夜间天冷气温降低造成管路冻结、阻塞...（详见长微博）@山东环境 @蔚蓝地图 ​,4,1,6,2016-02-02 12:18:19,https://weibo.cn/comment/DfXHlosS1?rl=1#cmtfrm,山东金晶科技股份,1,淄博环保,转发理由:#互动#关于网友@LX-A 、@宁静的阳光  反映山东金晶科技股份有限公司在线数据超标的问题，已经淄博市高新区环保局调查处理，欢迎网友监督评议。      ,@山东环境,@蔚蓝地图,@宁静的阳光
淄博环保,#回音#网友投诉“2016年1月30日0时，山东金晶科技股份有限公司在线数据超标”。经高新区环保局调查，山东金晶科技股份有限公司2号线2016年1月30日0时在线数据二氧化硫超标的原因是该公司2号生产线脱硫剂消石灰输送管路，因夜间天冷气温降低造成管路冻结、阻塞...（详见长微博）@山东环境 @蔚蓝地图 ​,0,1,8,2016-02-02 12:12:06,https://weibo.cn/comment/DfXHlosS1?uid=3114085181&rl=1#cmtfrm,山东金晶科技股份,,,,@山东环境,@蔚蓝地图
山东环境,回音#网友反映“2016年1月28日20时，山东金晶科技股份有限公司在线数据超标”。经查，超标的原因是:该公司2号生产线脱硫剂消石灰输送管路，因夜间天冷气温降低造成管路冻结、阻塞，消石灰粉没有足量发生反应，致使短时间烟气二氧化硫浓度超标，值班人员于...（详见长微博）@山东环境@蔚蓝地图 ​,2,2,7,2016-02-01 10:08:37,https://weibo.cn/comment/DfNqQ7OdQ?rl=1#cmtfrm,山东金晶科技股份,1,淄博环保,转发理由:#互动#关于网友反映的山东金晶科技股份有限公司在线数据超标问题，已经@淄博高新区环保局 调查处理。欢迎网友监督评议。      ,@山东环境,@蔚蓝地图,@淄博高新区环保局
淄博环保,#回音#网友反映“2016年1月28日20时，山东金晶科技股份有限公司在线数据超标”。经查，超标的原因是:该公司2号生产线脱硫剂消石灰输送管路，因夜间天冷气温降低造成管路冻结、阻塞，消石灰粉没有足量发生反应，致使短时间烟气二氧化硫浓度超标，值班人员于...（详见长微博）@山东环境@蔚蓝地图 ​,1,2,8,2016-02-01 10:03:57,https://weibo.cn/comment/DfNqQ7OdQ?uid=3114085181&rl=1#cmtfrm,山东金晶科技股份,,,,@山东环境,@蔚蓝地图
山东环境,东金晶科技股份有限公司在线数据超标的投诉回复 关于“山东金晶科技股份有限公司在线数据超标”的投诉回复@山东环境 ​,3,2,5,2016-01-23 10:09:27,https://weibo.cn/comment/DeqAOgAad?rl=1#cmtfrm,山东金晶科技股份,1,淄博环保,,@山东环境,@宁静的阳光
山东环境,友反映“2016年1月19日05时，山东金晶科技股份有限公司在线数据超标”。经淄博高新区环保局现场调查，山东金晶科技股份有限公司2号线在线数据超标的原因是: 2号生产线脱硫剂（硝石灰粉）输运管道冻裂，导致上灰量不稳定，影响脱硫效率，造成二氧化硫间断性超标...（详见长微博）@山东环境@蔚蓝地图 ​,4,2,3,2016-01-20 15:58:20,https://weibo.cn/comment/De0zslqqi?rl=1#cmtfrm,山东金晶科技股份,1,淄博环保,转发理由:#互动#关于网友反映的2016年1月19日05时山东金晶科技股份有限公司在线数据超标问题，已经@淄博高新区环保局 调查处理。欢迎网友监督评议。      ,@山东环境,@蔚蓝地图,@淄博高新区环保局
淄博环保,网友反映“2016年1月19日05时，山东金晶科技股份有限公司在线数据超标”。经淄博高新区环保局现场调查，山东金晶科技股份有限公司2号线在线数据超标的原因是: 2号生产线脱硫剂（硝石灰粉）输运管道冻裂，导致上灰量不稳定，影响脱硫效率，造成二氧化硫间断性超标...（详见长微博）@山东环境@蔚蓝地图 ​,0,2,4,2016-01-20 15:50:18,https://weibo.cn/comment/De0zslqqi?uid=3114085181&rl=1#cmtfrm,山东金晶科技股份,,,,@山东环境,@蔚蓝地图
山东环境,友反映“2016年1月16日08时、2016年1月18日08时，山东金晶科技股份有限公司在线数据超标”。经淄博高新技术产业开发区环境保护局调查，该公司2号生产线脱硫系统输送消石灰的给料机因天冷出现故障，不能及时加灰，影响脱硫效率，造成二氧化硫间断性超标...（详见长微博）@山东环境@蔚蓝地图 ​,3,3,4,2016-01-20 15:46:54,https://weibo.cn/comment/De0xagSyW?rl=1#cmtfrm,山东金晶科技股份,1,淄博环保,转发理由:#互动#关于网友@LX-A 反映的2016年1月16日08时、2016年1月18日08时，山东金晶科技股份有限公司在线数据超标的问题，已经@淄博高新区环保局  调查处理。欢迎网友监督评议。      ,@山东环境,@蔚蓝地图,@淄博高新区环保局
淄博环保,网友反映“2016年1月16日08时、2016年1月18日08时，山东金晶科技股份有限公司在线数据超标”。经淄博高新技术产业开发区环境保护局调查，该公司2号生产线脱硫系统输送消石灰的给料机因天冷出现故障，不能及时加灰，影响脱硫效率，造成二氧化硫间断性超标...（详见长微博）@山东环境@蔚蓝地图 ​,1,3,5,2016-01-20 15:44:39,https://weibo.cn/comment/De0xagSyW?uid=3114085181&rl=1#cmtfrm,山东金晶科技股份,,,,@山东环境,@蔚蓝地图
山东环境,回音壁#网友反映“2016年1月14日05时，山东金晶科技股份有限公司在线数据超标问题”。经淄博市高新区环境保护局调查，导致山东金晶科技股份有限公司2号线在线数据超标的原因是:该公司2号生产线脱硫剂（硝石灰粉）输运管道堵塞，造成脱硫剂不能足量加入，致使二氧化硫超标...（详见长微博）@山东环境 ​,3,2,6,2016-01-14 17:22:57,https://weibo.cn/comment/Dd6te1Chj?rl=1#cmtfrm,山东金晶科技股份,1,淄博环保,转发理由:#互动#关于网友@宁静的阳光 反映山东金晶科技股份有限公司在线数据超标的问题，已经@淄博高新区环保局 调查处理。欢迎网友监督评议。      ,@山东环境,@宁静的阳光,@淄博高新区环保局
山东环境,新区环保局对山东金晶科技股份有限公司在线数据超标的问题进行调查 高新区环保局对山东金晶科技股份有限公司在线数据超标问题进行调查 @山东环境 ​,4,3,11,2016-01-07 14:39:44,https://weibo.cn/comment/Dc1u9Ep0a?rl=1#cmtfrm,山东金晶科技股份,1,淄博环保,,@山东环境,@宁静的阳光,@花子风0916,@米斯特_徐,@张-派派,@淄博高新区环保局
山东环境,于山东金晶科技、淄博焦化煤气公司二氧化硫超标的调查处理情况  关于山东金晶科技股份有限公司、淄博市焦化煤气公司二氧化硫超标的调查处理情况 @山东环境 @蔚蓝地图 @宁静的阳光 ​,3,3,5,2016-01-07 12:47:47,https://weibo.cn/comment/Dc0J0mEOn?rl=1#cmtfrm,山东金晶科技股份,1,淄博环保,,@山东环境,@蔚蓝地图,@宁静的阳光,@宁静的阳光,@淄博环保
淄博环保,网友@宁静的阳光 反映“山东金晶科技股份有限公司二氧化硫超标”，淄博市环保局工作人员已去现场调查，待原因查明后公布调查结果[话筒] ​,4,13,2,2016-01-06 18:03:36,https://weibo.cn/comment/DbTsCm6dj?uid=3114085181&rl=1#cmtfrm,山东金晶科技股份,,,,@宁静的阳光
临沂环境,局王乐玉局长带队对河东环境隐患大排查“快整治严执法2”集中行动进行督导。督导组在临沂市河东区东兴电镀中心现场。@山东环境 @临沂环境 @临沂河东网 @蔚蓝沂蒙 @生态梦人 临沂·九曲街区 ​,2,1,0,2016-04-20 16:30:04,https://weibo.cn/comment/DrQmTFz6j?rl=1#cmtfrm,临沂市河东区东兴电镀中心,1,河东环境,转发理由:#我们在行动# 局党组成员、副局长王乐玉带队对河东环境隐患大排查“快整治严执法2”集中行动进行督导。督导组在临沂市河东区东兴电镀中心现场。      ,@山东环境,@临沂环境,@临沂河东网,@蔚蓝沂蒙,@生态梦人
河东环境,市局王乐玉局长带队对河东环境隐患大排查“快整治严执法2”集中行动进行督导。督导组在临沂市河东区东兴电镀中心现场。@山东环境 @临沂环境 @临沂河东网 @蔚蓝沂蒙 @生态梦人 临沂·九曲街区 ​,1,1,1,2016-04-20 15:36:09,https://weibo.cn/comment/DrQmTFz6j?uid=1737762607&rl=1#cmtfrm,临沂市河东区东兴电镀中心,,,,@山东环境,@临沂环境,@临沂河东网,@蔚蓝沂蒙,@生态梦人
济阳环保,山东：监测数据造假 莘县一公司被查处】省环保厅日前通报了莘县深港环保工程技术有限公司自动监测数据造假案。目前，@聊城莘县环境  依据《水污染防治法》第七十条规定，对该公司处以顶格罚款，@莘县公安 依据《环境保护法》第六十三条规定，对造假实施者王某行政拘留15日。监测数据造假莘县一公司被查处 ​,1,8,0,2016-12-28 11:13:18,https://weibo.cn/comment/Eo9CA4Qwb?rl=1#cmtfrm,巨野县三达水务,1,山东环境,转发理由:近年来，山东始终对监测数据造假持零容忍态度，严厉打击污染源自动监测数据弄虚作假违法行为。今年以来，省环保厅共查处4家造假企业，分别是巨野县三达水务有限公司、日照城市排水有限责任公司、上实环境城西(潍坊)污水处理有限公司和莘县深港环保工程技术有限公司。@微博济南@生态梦人 @绿之芽      ,@聊城莘县环境,@莘县公安,@微博济南,@生态梦人,@绿之芽
市中环保,山东：监测数据造假 莘县一公司被查处】省环保厅日前通报了莘县深港环保工程技术有限公司自动监测数据造假案。目前，@聊城莘县环境  依据《水污染防治法》第七十条规定，对该公司处以顶格罚款，@莘县公安 依据《环境保护法》第六十三条规定，对造假实施者王某行政拘留15日。监测数据造假莘县一公司被查处 ​,1,8,0,2016-12-28 10:01:13,https://weibo.cn/comment/Eo9CA4Qwb?rl=1#cmtfrm,巨野县三达水务,1,山东环境,转发理由:近年来，山东始终对监测数据造假持零容忍态度，严厉打击污染源自动监测数据弄虚作假违法行为。今年以来，省环保厅共查处4家造假企业，分别是巨野县三达水务有限公司、日照城市排水有限责任公司、上实环境城西(潍坊)污水处理有限公司和莘县深港环保工程技术有限公司。@微博济南@生态梦人 @绿之芽      ,@聊城莘县环境,@莘县公安,@微博济南,@生态梦人,@绿之芽
济南环保,山东：监测数据造假 莘县一公司被查处】省环保厅日前通报了莘县深港环保工程技术有限公司自动监测数据造假案。目前，@聊城莘县环境  依据《水污染防治法》第七十条规定，对该公司处以顶格罚款，@莘县公安 依据《环境保护法》第六十三条规定，对造假实施者王某行政拘留15日。监测数据造假莘县一公司被查处 ​,9,8,8,2016-12-28 09:11:07,https://weibo.cn/comment/Eo9CA4Qwb?rl=1#cmtfrm,巨野县三达水务,1,山东环境,转发理由:近年来，山东始终对监测数据造假持零容忍态度，严厉打击污染源自动监测数据弄虚作假违法行为。今年以来，省环保厅共查处4家造假企业，分别是巨野县三达水务有限公司、日照城市排水有限责任公司、上实环境城西(潍坊)污水处理有限公司和莘县深港环保工程技术有限公司。@微博济南@生态梦人 @绿之芽      ,@聊城莘县环境,@莘县公安,@微博济南,@生态梦人,@绿之芽
济南环保,污染源监控数据作假将入严重失信黑名单】篡改数据采集仪程序，致使污染物处理设施不正常运行；人为故意逃避自动监控设备监管，超标排放污水……环保部14日通报8起今年上半年污染源自动监控设施及数据弄虚作假案例，弄虚作假的主体日后将被列入“严重失信主体‘黑名单’”。http://t.cn/RtvtvOA ​,9,25,14,2016-07-15 09:19:52,https://weibo.cn/comment/DES2Zwysc?rl=1#cmtfrm,巨野县三达水务,1,山东环境,转发理由:此次被通报的8起案例中，山东有两起，分别是山东省巨野县三达水务有限公司私接暗管、人为干扰污染源自动监控系统案和山东省日照市城市排水有限公司擅自修改自动监控设备参数案。@微博济南@绿之芽 @孤独求单@女的超 @米斯特_徐      ,@微博济南,@绿之芽,@孤独求单,@女的超,@米斯特_徐
济阳环保,下区环保局一中队依据市局统一安排对山东闽源钢铁厂进行现场检查@山东环境 @济南环保 @生态梦人 @绿之芽 @豫鲁风骨@龙头虎跃 @蓝天白云LTBY2014 ​,5,14,0,2016-03-24 14:09:48,https://weibo.cn/comment/DnBdNCMu8?rl=1#cmtfrm,山东闽源钢铁,1,历下环保,转发理由:#防霾治霾，共治共享# #环境监测在行动# 【历下区环保局一中队依据市局统一安排对山东闽源钢铁厂进行现场检查】      ,@山东环境,@济南环保,@生态梦人,@绿之芽,@豫鲁风骨,@龙头虎跃,@蓝天白云LTBY2014
济阳环保,下区环保局一中队依据市局统一安排对山东闽源钢铁厂进行现场检查@山东环境 @济南环保 @生态梦人 @绿之芽 @豫鲁风骨@龙头虎跃 @蓝天白云LTBY2014 ​,7,14,1,2016-03-24 10:52:55,https://weibo.cn/comment/DnBdNCMu8?rl=1#cmtfrm,山东闽源钢铁,1,历下环保,转发理由:#防霾治霾，共治共享# #环境监测在行动# 【历下区环保局一中队依据市局统一安排对山东闽源钢铁厂进行现场检查】      ,@山东环境,@济南环保,@生态梦人,@绿之芽,@豫鲁风骨,@龙头虎跃,@蓝天白云LTBY2014
无锡环保,【关于部分企业在线监控数据情况的说明】江阴利港电力有限公司#1#2机组自2016年9月24日至10月20日停运，停运期间氧量异常，烟尘折算小时浓度超标，为无效数据。江阴市山泉污水处理厂2016年10月14日至18日COD小时均值间断性超标，原因为该厂COD仪器运行已满8年，设备老化严重导致数据异常，数据异常期间企业已委托有资质的第三方进行连续监测，同时江阴监察局于2016年10月19日采样，COD监测结果达标。企业已与10月10日申请更换，目前正在安装新的COD在线仪，预计10月底完成。@绿色江南公众环境关注中心,1,3,1,2016-10-24 11:25:27,https://weibo.cn/comment/EeibG1PKQ?uid=3002381244&rl=1#cmtfrm,江阴市山泉污水处理厂,,,,@绿色江南公众环境关注中心
费县环境,#我们在行动# 费县环保夜鹰行动第一站：富翔污水处理公司，污染治理设施运转正常。@山东环境 @临沂环境 @环保小伙子 ​,2,2,1,2016-05-31 21:24:53,https://weibo.cn/comment/Dy7aOgSvZ?uid=3803805722&rl=1#cmtfrm,费县富翔污水处理,,,,@山东环境,@临沂环境,@环保小伙子
费县环境,#我们在行动#夜幕降临， 费县夜鹰出动啦！[拳头][拳头]我局监察大队费城组夜鹰小分队在费县富翔污水处理厂进出口各取水样一份，污水处理设施运行正常。@山东环境 @临沂环境 @环保小伙子 ​,5,6,9,2016-05-24 20:49:23,https://weibo.cn/comment/Dx2WVn5u0?uid=3803805722&rl=1#cmtfrm,费县富翔污水处理,,,,@山东环境,@临沂环境,@环保小伙子
济南环保,环保部：公布第一季度主要污染物排放严重超标的国家重点监控企业名单】在公布的95家严重超标的国家重点监控企业名单中，包括山东2家：烟台华力热电供应有限公司（严重超标排放废气的国家重点监控企业，73 家），莱州市宏泽水务有限公司（严重超标排放的污水处理厂，20 家）。http://t.cn/Rqs0iM9 ​,13,7,21,2016-05-20 16:04:10,https://weibo.cn/comment/Dwp6gB4bl?rl=1#cmtfrm,烟台华力热电供应,1,山东环境,转发理由:【环保部：公布第一季度主要污染物排放严重超标的国家重点监控企业名单】在公布的95家严重超标的国家重点监控企业名单中，包括山东2家：烟台华力热电供应有限公司（严重超标排放废气的国家重点监控企业，73 家），莱州市宏泽水务有限公司@微博济南@绿之芽@孤独求单@女的超@米斯特_徐      ,@微博济南,@绿之芽,@孤独求单,@女的超,@米斯特_徐
山东环境,回音廊#关于网友反映的9月13日5时大王镇污水处理厂COD超标问题的回复：经小编向业务科室咨询，该污水处理厂9月13日5时COD超标情况属实。据了解该污水处理厂超标是由于设备出现故障，导致浓度值不准确。现设备已维修好正常运转。欢迎广大网友积极监督，发现问题及时举报。@山东环境@霸天虎V5@微言环保@绿行齐鲁,3,2,7,2016-09-13 17:07:01,https://weibo.cn/comment/E85S6aTuU?rl=1#cmtfrm,大王镇污水处理厂,1,环保东营,转发理由:#互动#关于网友@霸天虎V5 反映大王镇污水处理厂COD超标的问题，已经@环保东营 调查处理。欢迎网友监督评议。      ,@山东环境,@霸天虎V5,@微言环保,@绿行齐鲁,@霸天虎V5,@环保东营
环保东营,#回音廊#关于网友反映的9月13日5时大王镇污水处理厂COD超标问题的回复：经小编向业务科室咨询，该污水处理厂9月13日5时COD超标情况属实。据了解该污水处理厂超标是由于设备出现故障，导致浓度值不准确。现设备已维修好正常运转。欢迎广大网友积极监督，发现问题及时举报。@山东环境@霸天虎V5@微言环保@绿行齐鲁,1,2,10,2016-09-13 17:02:26,https://weibo.cn/comment/E85S6aTuU?uid=1602726821&rl=1#cmtfrm,大王镇污水处理厂,,,,@山东环境,@霸天虎V5,@微言环保,@绿行齐鲁
济南环保,环保部：公布第一季度主要污染物排放严重超标的国家重点监控企业名单】在公布的95家严重超标的国家重点监控企业名单中，包括山东2家：烟台华力热电供应有限公司（严重超标排放废气的国家重点监控企业，73 家），莱州市宏泽水务有限公司（严重超标排放的污水处理厂，20 家）。http://t.cn/Rqs0iM9 ​,13,7,21,2016-05-20 16:04:10,https://weibo.cn/comment/Dwp6gB4bl?rl=1#cmtfrm,莱州市宏泽水务,1,山东环境,转发理由:【环保部：公布第一季度主要污染物排放严重超标的国家重点监控企业名单】在公布的95家严重超标的国家重点监控企业名单中，包括山东2家：烟台华力热电供应有限公司（严重超标排放废气的国家重点监控企业，73 家），莱州市宏泽水务有限公司@微博济南@绿之芽@孤独求单@女的超@米斯特_徐      ,@微博济南,@绿之芽,@孤独求单,@女的超,@米斯特_徐
山东环境,于隆盛钢铁热电厂和宏达热电在线监测数据超标查处情况的报告 关于隆盛钢铁热电厂和宏达热电在线监测数据超标查处情况的报告@山东环境 @宁静的阳光@蔚蓝地图 ​,3,3,5,2016-02-03 15:57:28,https://weibo.cn/comment/Dg8A1gdMq?rl=1#cmtfrm,淄博宏达热电,1,淄博环保,,@山东环境,@宁静的阳光,@蔚蓝地图,@宁静的阳光,@临淄环保
济阳环保,兖矿：“洗白”煤炭护蓝天】山东一年要烧掉4亿吨煤，但占5%民用散煤排出的SO2却占了煤炭排放量的近三成。最近兖矿集团研制成功的新型洁净煤新技术，让烧煤时的SO2排放一下子下降了八成。兖矿集团正筹建一条百万吨洁净煤生产线，届时，洁净煤的价格将跟优质无烟煤基本持平。http://t.cn/Rfsq6o7 ​,0,13,0,2016-12-07 10:39:28,https://weibo.cn/comment/EkXuN3mOe?rl=1#cmtfrm,兖矿集团,1,山东环境,转发理由:[赞]【兖矿：“洗白”煤炭护蓝天】山东一年要烧掉4亿吨煤，但占5%民用散煤排出的SO2却占了煤炭排放量的近三成。最近兖矿集团研制成功的新型洁净煤新技术，让烧煤时的SO2排放一下子下降了八成。兖矿集团正筹建一条百万吨洁净煤生产线，届时，洁净煤的价格将跟优质无烟煤基本持平[]@微博济南@生态梦人      ,@微博济南,@生态梦人
济南环保,兖矿：“洗白”煤炭护蓝天】山东一年要烧掉4亿吨煤，但占5%民用散煤排出的SO2却占了煤炭排放量的近三成。最近兖矿集团研制成功的新型洁净煤新技术，让烧煤时的SO2排放一下子下降了八成。兖矿集团正筹建一条百万吨洁净煤生产线，届时，洁净煤的价格将跟优质无烟煤基本持平。http://t.cn/Rfsq6o7 ​,6,13,8,2016-12-07 09:56:24,https://weibo.cn/comment/EkXuN3mOe?rl=1#cmtfrm,兖矿集团,1,山东环境,转发理由:【兖矿：“洗白”煤炭护蓝天】山东一年要烧掉4亿吨煤，但占5%民用散煤排出的SO2却占了煤炭排放量的近三成。最近兖矿集团研制成功的新型洁净煤新技术，让烧煤时的SO2排放一下子下降了八成。兖矿集团正筹建一条百万吨洁净煤生产线，届时，洁净煤的价格将跟优质无烟煤基本持平[赞][赞]@微博济南@生态梦人      ,@微博济南,@生态梦人
柳州机车车辆厂,【火车B超女大夫坚守30年零事故】 广西柳州“火车B超女大夫” 坚守30年“零事故” @央视新闻 @人民日报@科技日报@工人日报 @中国铁路@人民铁道网@南宁铁路@广西日报 ​,0,0,0,2016-05-01 23:07:17,https://weibo.cn/comment/Dtz1tx2cm?uid=3153855700&rl=1#cmtfrm,柳州机车车辆厂,,,,@央视新闻,@人民日报,@科技日报,@工人日报,@中国铁路,@人民铁道网,@南宁铁路,@广西日报
柳州机车车辆厂,#爱行天下# 近日，全国道德模范李建珍来到柳州火车站，与铁路春运志愿者一起为南来北往的旅客服务，并向旅客宣传文明出行，用爱心温暖旅客的回家路。@南宁铁路 @广西日报 @工人日报 @央视新闻 ​,0,0,5,2016-02-05 12:15:26,https://weibo.cn/comment/Dgq0bAON4?uid=3153855700&rl=1#cmtfrm,柳州机车车辆厂,,,,@南宁铁路,@广西日报,@工人日报,@央视新闻
市中环保,环保部就大气污染防治问题约谈济宁等5市政府主要负责同志】4月28日，环境保护部对山西省长治市、安徽省安庆市、山东省济宁市、河南省商丘市、陕西省咸阳市等5地市政府主要负责同志进行约谈，督促地方政府全面贯彻实施《大气污染防治行动计划》，严格落实环境保护有关法定责任。http://t.cn/RqjLMfq ​,2,60,0,2016-04-29 14:03:53,https://weibo.cn/comment/Dta8nsRJE?rl=1#cmtfrm,山东兖矿国际焦化,1,山东环境,转发理由:@济南环保: 企业环境违法问题突出。济宁市济矿民生煤化工公司、山东兖矿国际焦化公司、荣信煤化工公司焦炉尾气无治理设施，兖州市金阳光玻璃制品公司、金乡东兴砖厂等企业均未安装烟气治理设施；济宁山水水泥公司、山东济矿民生热能公司治污设施不正常运行@微博济南@绿之芽@孤独求单@女的超@米斯特_徐      ,@济南环保,@微博济南,@绿之芽,@孤独求单,@女的超,@米斯特_徐
平阴环保,环保部就大气污染防治问题约谈济宁等5市政府主要负责同志】4月28日，环境保护部对山西省长治市、安徽省安庆市、山东省济宁市、河南省商丘市、陕西省咸阳市等5地市政府主要负责同志进行约谈，督促地方政府全面贯彻实施《大气污染防治行动计划》，严格落实环境保护有关法定责任。http://t.cn/RqjLMfq ​,2,60,1,2016-04-29 11:15:24,https://weibo.cn/comment/Dta8nsRJE?rl=1#cmtfrm,山东兖矿国际焦化,1,山东环境,转发理由:@济南环保: 企业环境违法问题突出。济宁市济矿民生煤化工公司、山东兖矿国际焦化公司、荣信煤化工公司焦炉尾气无治理设施，兖州市金阳光玻璃制品公司、金乡东兴砖厂等企业均未安装烟气治理设施；济宁山水水泥公司、山东济矿民生热能公司治污设施不正常运行@微博济南@绿之芽@孤独求单@女的超@米斯特_徐      ,@济南环保,@微博济南,@绿之芽,@孤独求单,@女的超,@米斯特_徐
济南环保,环保部就大气污染防治问题约谈济宁等5市政府主要负责同志】4月28日，环境保护部对山西省长治市、安徽省安庆市、山东省济宁市、河南省商丘市、陕西省咸阳市等5地市政府主要负责同志进行约谈，督促地方政府全面贯彻实施《大气污染防治行动计划》，严格落实环境保护有关法定责任。http://t.cn/RqjLMfq ​,10,60,20,2016-04-29 10:27:33,https://weibo.cn/comment/Dta8nsRJE?rl=1#cmtfrm,山东兖矿国际焦化,1,山东环境,转发理由:企业环境违法问题突出。济宁市济矿民生煤化工公司、山东兖矿国际焦化公司、荣信煤化工公司焦炉尾气无治理设施，兖州市金阳光玻璃制品公司、金乡东兴砖厂等企业均未安装烟气治理设施；济宁山水水泥公司、山东济矿民生热能公司治污设施不正常运行@微博济南@绿之芽@孤独求单@女的超@米斯特_徐      ,@微博济南,@绿之芽,@孤独求单,@女的超,@米斯特_徐
济南环保,泉林的绿色发展之路，其实是被逼出来的】没错！废物就是放错了地方的资源！用了10多年时间、投入30多亿元，山东泉林纸业有限责任公司用实际行动验证了这句话的正确性。今天出版的@经济日报 刊发《泉林纸业：捡回“另一半农业”》，介绍了泉林的绿色发展之路。http://t.cn/Rt09LON ​,7,36,14,2016-08-11 09:15:23,https://weibo.cn/comment/E31fmcNSf?rl=1#cmtfrm,山东泉林纸业,1,山东环境,转发理由:曾经被冠以“落后行业”的丑小鸭，摇身一变成了美国人的香饽饽。泉林纸业进军美国的举动，正是山东主动利用生态环保标准，倒逼经济转调的一个缩影。在严格的环保标准倒逼之下，山东造纸行业经历了阵痛和调整，如今已实现凤凰涅槃@微博济南@绿之芽@孤独求单 @女的超 @米斯特_徐      ,@经济日报,@微博济南,@绿之芽,@孤独求单,@女的超,@米斯特_徐
威海环境,环保热点聚焦# 【“全国首例雾霾案”宣判，公众所关心的法律问题法院讲明白了吗?】今年7月，在山东德州宣判的“全国首起雾霾案”或许可以提供参考，判决书对诉讼主体和赔偿责任主体都有说明。“全国首例雾霾案”宣判，你所关心的问题法院讲明白了！（附判决全文） @公众环境马军@德州环境@文静嫣然@豫鲁风骨@绿之芽@李红昌CHO@污染资源化@济南府农民 ​,2,8,23,2016-12-24 06:45:30,https://weibo.cn/comment/EnuPOFsDh?rl=1#cmtfrm,德州晶华集团振华,1,生态梦人,转发理由://@生态梦人:法院判决：被告德州晶华集团振华有限公司于本判决生效之日起，30日内赔偿因超标排放污染物造成的损失2198.36万元，支付至德州市专项基金账户，用于德州市大气环境质量修复。      ,@公众环境马军,@德州环境,@文静嫣然,@豫鲁风骨,@绿之芽,@李红昌CHO,@污染资源化,@济南府农民,@生态梦人
济南环保,山东：全省法院受理8起环境公益诉讼】目前，全省法院共受理8件环境公益诉讼案件。其中，环境行政公益诉讼案件1件，为庆云县法院受理的庆云检察院诉县环保局行政不作为一案。环境民事公益诉讼案件7件，包括中华环保联合会诉德州晶华集团振华有限公司大气污染侵权案。全省法院受理8起环境公益诉讼 ​,13,3,17,2016-06-04 15:46:14,https://weibo.cn/comment/DyDDV9kNl?rl=1#cmtfrm,德州晶华集团振华,1,山东环境,转发理由:【山东：全省法院受理8起环境公益诉讼】目前，全省法院共受理8件环境公益诉讼案件。其中，环境行政公益诉讼案件1件，为庆云县法院受理的庆云检察院诉县环保局行政不作为一案。环境民事公益诉讼案件7件，包括中华环保联合会诉德州晶华集团振华有限公司大气污@微博济南 @孤独求单 @女的超 @米斯特_徐      ,@微博济南,@孤独求单,@女的超,@米斯特_徐
莒县环保,最高法为你解读新《环保法》下的三起环境公益诉讼】案例二：司法与行政执法协调联动——中华环保联合会诉德州晶华集团振华有限公司大气污染民事公益诉讼案。详情点击：最高法为你解读新《环保法》下的三起环境公益诉讼 ​,0,1,1,2016-01-01 21:27:14,https://weibo.cn/comment/DaXMOo94F?rl=1#cmtfrm,德州晶华集团振华,1,中国环境宣传教育,,@中国环境宣传教育
青岛环保,【2016年市办实事燃煤锅炉超低排放改造提前完成】2016年青岛市将实施市区燃煤机组(锅炉)超低排放改造建设与示范运行10台列为2016年市办实事。截止9月底，华电青岛发电有限公司等9台机组完成了超低排放改造，高新热电完成了计划外2台机组超低排放改造，项目完成率110%。 超低排放改造将进一步削减燃煤机组（锅炉）废气污染物排放量，预计可削减各类废气污染物年排放量约5000吨，持续改善市区空气质量；推动企业转型升级，使燃煤企业淘汰升级耗能高，污染大的燃煤锅炉，促进行业调方式转结构。@青岛交通广播FM897 @掌上青岛,0,1,1,2016-09-30 10:26:39,https://weibo.cn/comment/EaDxTfWxh?uid=3245359303&rl=1#cmtfrm,华电青岛发电,,,,@青岛交通广播FM897,@掌上青岛
济阳环保,环境监测在行动#山东晋煤明水化工集团有限公司邀请省内环境应急管理专家对公司《突发环境事件应急预案》进行评审，与会专家经过查看现场、充分讨论，提出评审修改意见。@济南环保 @山东环境 ​,1,5,0,2016-10-23 19:14:33,https://weibo.cn/comment/Ee2ngAHUw?rl=1#cmtfrm,山东晋煤明水化工集团,1,章丘环保,转发理由:山东晋煤明水化工集团有限公司邀请省内环境应急管理专家对公司《突发环境事件应急预案》进行评审，与会专家经过查看现场、充分讨论，提出评审修改意见。@生态梦人@米斯特_徐 @拨云见晴空 @微博济南 @山东环境      ,@济南环保,@山东环境,@生态梦人,@米斯特_徐,@拨云见晴空,@微博济南,@山东环境
济南环保,环境监测在行动#山东晋煤明水化工集团有限公司邀请省内环境应急管理专家对公司《突发环境事件应急预案》进行评审，与会专家经过查看现场、充分讨论，提出评审修改意见。@济南环保 @山东环境 ​,10,5,20,2016-10-23 15:03:01,https://weibo.cn/comment/Ee2ngAHUw?rl=1#cmtfrm,山东晋煤明水化工集团,1,章丘环保,转发理由:#环境监测在行动#山东晋煤明水化工集团有限公司邀请省内环境应急管理专家对公司《突发环境事件应急预案》进行评审，与会专家经过查看现场、充分讨论，提出评审修改意见。@生态梦人@米斯特_徐 @拨云见晴空 @微博济南 @山东环境      ,@济南环保,@山东环境,@生态梦人,@米斯特_徐,@拨云见晴空,@微博济南,@山东环境
济南环保,环境监测在行动#山东晋煤明水化工集团有限公司邀请省内环境应急管理专家对公司《突发环境事件应急预案》进行评审，与会专家经过查看现场、充分讨论，提出评审修改意见。@济南环保 @山东环境 ​,8,5,5,2016-10-22 20:06:35,https://weibo.cn/comment/Ee2ngAHUw?rl=1#cmtfrm,山东晋煤明水化工集团,1,章丘环保,转发理由:#环境监测在行动#【山东晋煤明水化工集团有限公司邀请省内环境应急管理专家对公司《突发环境事件应急预案》进行评审，与会专家经过查看现场、充分讨论，提出评审修改意见。】@山东环境@微博济南@绿之芽 @abc云水禅心 @拨云见晴空 @孤独求单@米斯特_徐      ,@济南环保,@山东环境,@山东环境,@微博济南,@绿之芽,@拨云见晴空,@孤独求单,@米斯特_徐
临邑环境,回音廊#关于网友反映的广饶康达环保水务有限公司5月28日8时COD超标的回复，据查，该企业5月28日8时COD超标问题属实，但属于瞬时值超标，日均值在正常范围之内，瞬时值超标不作为处罚依据。@霸天虎V5@绿行齐鲁@微言环保@大王一杰@蔚蓝地图@山东环境 ​,10,2,28,2016-05-30 13:22:49,https://weibo.cn/comment/DxT3Fr2ia?rl=1#cmtfrm,广饶康达环保水务,1,环保东营,,@霸天虎V5,@绿行齐鲁,@微言环保,@大王一杰,@蔚蓝地图,@山东环境,@山东环境,@霸天虎V5,@环保东营
山东环境,回音廊#关于网友反映的广饶康达环保水务有限公司5月28日8时COD超标的回复，据查，该企业5月28日8时COD超标问题属实，但属于瞬时值超标，日均值在正常范围之内，瞬时值超标不作为处罚依据。@霸天虎V5@绿行齐鲁@微言环保@大王一杰@蔚蓝地图@山东环境 ​,3,2,36,2016-05-30 09:31:19,https://weibo.cn/comment/DxT3Fr2ia?rl=1#cmtfrm,广饶康达环保水务,1,环保东营,,@霸天虎V5,@绿行齐鲁,@微言环保,@大王一杰,@蔚蓝地图,@山东环境,@霸天虎V5,@环保东营
环保东营,#回音廊#关于网友反映的广饶康达环保水务有限公司5月28日8时COD超标的回复，据查，该企业5月28日8时COD超标问题属实，但属于瞬时值超标，日均值在正常范围之内，瞬时值超标不作为处罚依据。@霸天虎V5@绿行齐鲁@微言环保@大王一杰@蔚蓝地图@山东环境 ​,0,2,38,2016-05-30 09:28:50,https://weibo.cn/comment/DxT3Fr2ia?uid=1602726821&rl=1#cmtfrm,广饶康达环保水务,,,,@霸天虎V5,@绿行齐鲁,@微言环保,@大王一杰,@蔚蓝地图,@山东环境
环保东营,#回音壁#关于网友反映的山东华誉集团有限公司COD在线超标的回复。经查，该企业5月9日COD在线日均值超标，超标原因是在线设备出现故障。目前设备已维修正常。@蔚蓝地图@绿行齐鲁@大王一杰@山东环境@微言环保 ​,1,2,12,2016-05-11 15:11:49,https://weibo.cn/comment/Dv2bs6maA?uid=1602726821&rl=1#cmtfrm,山东华誉集团,,,,@蔚蓝地图,@绿行齐鲁,@大王一杰,@山东环境,@微言环保
山东环境,回音壁#关于网友反映的山东华誉集团有限公司COD在线超标的回复。经查，该企业5月9日COD在线日均值超标，超标原因是在线设备出现故障。目前设备已维修正常。@蔚蓝地图@绿行齐鲁@大王一杰@山东环境@微言环保 ​,4,2,10,2016-05-11 15:24:52,https://weibo.cn/comment/Dv2bs6maA?rl=1#cmtfrm,山东华誉集团,1,环保东营,转发理由:#互动#关于网友反映的山东华誉集团有限公司COD在线超标问题，已经@环保东营 调查处理。欢迎网友监督评议。      ,@蔚蓝地图,@绿行齐鲁,@大王一杰,@山东环境,@微言环保,@环保东营
环保东营,#回音壁#关于网友反映的山东华誉集团有限公司COD在线超标的回复。经查，该企业5月9日COD在线日均值超标，超标原因是在线设备出现故障。目前设备已维修正常。@蔚蓝地图@绿行齐鲁@大王一杰@山东环境@微言环保 ​,1,2,12,2016-05-11 15:11:49,https://weibo.cn/comment/Dv2bs6maA?uid=1602726821&rl=1#cmtfrm,山东华誉集团,,,,@蔚蓝地图,@绿行齐鲁,@大王一杰,@山东环境,@微言环保
济阳环保,工作动态#【12月29日，天桥区环保局到济南热电有限公司北郊热电厂对北郊超低排放改造工程进行验收工作。】 @济南环保 @山东环境 ​,1,8,0,2016-12-30 15:23:50,https://weibo.cn/comment/Eom00r42S?rl=1#cmtfrm,济南热电,1,天桥环保,转发理由:#工作动态#【12月29日，天桥区环保局到济南热电有限公司北郊热电厂对北郊超低排放改造工程进行验收工作。】@山东环境@微博济南@生态梦人 @绿之芽@公众环境马军      ,@济南环保,@山东环境,@山东环境,@微博济南,@生态梦人,@绿之芽,@公众环境马军
济南环保,工作动态#【12月29日，天桥区环保局到济南热电有限公司北郊热电厂对北郊超低排放改造工程进行验收工作。】 @济南环保 @山东环境 ​,9,8,11,2016-12-30 15:15:43,https://weibo.cn/comment/Eom00r42S?rl=1#cmtfrm,济南热电,1,天桥环保,转发理由:#工作动态#【12月29日，天桥区环保局到济南热电有限公司北郊热电厂对北郊超低排放改造工程进行验收工作。】@山东环境@微博济南@生态梦人 @绿之芽@公众环境马军 @豫鲁风骨@abc云水禅心      ,@济南环保,@山东环境,@山东环境,@微博济南,@生态梦人,@绿之芽,@公众环境马军,@豫鲁风骨
乐陵环境,省会城市群大气污染防治##环保在行动#为巩固联动执法成果，确保环境问题整改到位、违法行为处理到位，27日，省环保厅2016年省会城市群冬季大气污染执法联动行动督导组，先后到济南热电有限公司金鸡岭热电厂、济南庚辰钢铁有限公司进行检查，对省会城市群7市执法联动行动进行后督察。 ​,0,13,0,2016-12-28 19:36:47,https://weibo.cn/comment/Eoa9JsZ3E?rl=1#cmtfrm,济南热电,1,山东环境,转发理由:为巩固联动执法成果，确保环境问题整改到位、违法行为处理到位，27日，省厅2016年省会城市群冬季大气污染执法联动行动督导组先后到济南热电有限公司金鸡岭热电厂、庚辰钢铁有限公司进行检查，对省会城市群7市执法联动行动进行后督察@微博济南@生态梦人 @绿之芽@公众环境马军 @abc云水禅心      ,@微博济南,@生态梦人,@绿之芽,@公众环境马军
济阳环保,省会城市群大气污染防治##环保在行动#为巩固联动执法成果，确保环境问题整改到位、违法行为处理到位，27日，省环保厅2016年省会城市群冬季大气污染执法联动行动督导组，先后到济南热电有限公司金鸡岭热电厂、济南庚辰钢铁有限公司进行检查，对省会城市群7市执法联动行动进行后督察。 ​,1,13,0,2016-12-28 11:09:05,https://weibo.cn/comment/Eoa9JsZ3E?rl=1#cmtfrm,济南热电,1,山东环境,转发理由:#环保在行动#为巩固联动执法成果，确保环境问题整改到位、违法行为处理到位，27日，省厅2016年省会城市群冬季大气污染执法联动行动督导组先后到济南热电有限公司金鸡岭热电厂、庚辰钢铁有限公司进行检查，对省会城市群7市执法联动行动进行后督察@微博济南@生态梦人 @绿之芽@公众环境马军 @abc云水禅心      ,@微博济南,@生态梦人,@绿之芽,@公众环境马军
市中环保,省会城市群大气污染防治##环保在行动#为巩固联动执法成果，确保环境问题整改到位、违法行为处理到位，27日，省环保厅2016年省会城市群冬季大气污染执法联动行动督导组，先后到济南热电有限公司金鸡岭热电厂、济南庚辰钢铁有限公司进行检查，对省会城市群7市执法联动行动进行后督察。 ​,1,13,0,2016-12-28 10:02:19,https://weibo.cn/comment/Eoa9JsZ3E?rl=1#cmtfrm,济南热电,1,山东环境,转发理由:#环保在行动#为巩固联动执法成果，确保环境问题整改到位、违法行为处理到位，27日，省厅2016年省会城市群冬季大气污染执法联动行动督导组先后到济南热电有限公司金鸡岭热电厂、庚辰钢铁有限公司进行检查，对省会城市群7市执法联动行动进行后督察@微博济南@生态梦人 @绿之芽@公众环境马军 @abc云水禅心      ,@微博济南,@生态梦人,@绿之芽,@公众环境马军
济南环保,省会城市群大气污染防治##环保在行动#为巩固联动执法成果，确保环境问题整改到位、违法行为处理到位，27日，省环保厅2016年省会城市群冬季大气污染执法联动行动督导组，先后到济南热电有限公司金鸡岭热电厂、济南庚辰钢铁有限公司进行检查，对省会城市群7市执法联动行动进行后督察。 ​,8,13,20,2016-12-28 09:38:35,https://weibo.cn/comment/Eoa9JsZ3E?rl=1#cmtfrm,济南热电,1,山东环境,转发理由:#环保在行动#为巩固联动执法成果，确保环境问题整改到位、违法行为处理到位，27日，省厅2016年省会城市群冬季大气污染执法联动行动督导组先后到济南热电有限公司金鸡岭热电厂、庚辰钢铁有限公司进行检查，对省会城市群7市执法联动行动进行后督察@微博济南@生态梦人 @绿之芽@公众环境马军 @abc云水禅心      ,@微博济南,@生态梦人,@绿之芽,@公众环境马军
济阳环保,局长带队检查南郊热电厂重污染天气应对工作。@济南环保 ​,1,5,0,2016-12-21 15:29:00,https://weibo.cn/comment/En7GHznJe?rl=1#cmtfrm,济南热电,1,市中环保,转发理由:#抗霾保卫战# 济南市中环保局，董局长带队检查南郊热电厂重污染天气应对工作。@山东环境 @绿之芽 @拨云见晴空 @豫鲁风骨 @生态梦人      ,@济南环保,@山东环境,@绿之芽,@拨云见晴空,@豫鲁风骨,@生态梦人
济南环保,局长带队检查南郊热电厂重污染天气应对工作。@济南环保 ​,9,5,23,2016-12-21 15:27:53,https://weibo.cn/comment/En7GHznJe?rl=1#cmtfrm,济南热电,1,市中环保,转发理由:#抗霾保卫战# 济南市中环保局，董局长带队检查南郊热电厂重污染天气应对工作。@山东环境 @绿之芽 @拨云见晴空 @豫鲁风骨 @生态梦人      ,@济南环保,@山东环境,@绿之芽,@拨云见晴空,@豫鲁风骨,@生态梦人
济阳环保,工作动态#【12月16日上午，天桥区环保局到济南明湖热电厂对燃气锅炉排污申报进行现场检查及核定。】 @济南环保 ​,1,4,0,2016-12-16 17:15:25,https://weibo.cn/comment/EmlmZFv4V?rl=1#cmtfrm,济南热电,1,天桥环保,转发理由:#工作动态#【12月16日上午，天桥区环保局到济南明湖热电厂对燃气锅炉排污申报进行现场检查及核定。】 @山东环境@微博济南@生态梦人 @绿之芽@多多小五月      ,@济南环保,@山东环境,@微博济南,@生态梦人,@绿之芽,@多多小五月
济南环保,工作动态#【12月16日上午，天桥区环保局到济南明湖热电厂对燃气锅炉排污申报进行现场检查及核定。】 @济南环保 ​,10,4,25,2016-12-16 10:38:19,https://weibo.cn/comment/EmlmZFv4V?rl=1#cmtfrm,济南热电,1,天桥环保,转发理由:#工作动态#【12月16日上午，天桥区环保局到济南明湖热电厂对燃气锅炉排污申报进行现场检查及核定。】 @山东环境@微博济南@生态梦人 @绿之芽@多多小五月      ,@济南环保,@山东环境,@微博济南,@生态梦人,@绿之芽,@多多小五月
济南环保,#听民意 解民忧 化积案专项整治活动#【天桥区环保局“三个严控”抓好冬季大气污染防治工作】为确保冬季环境空气质量，切实维护群众环境权益，天桥区环保局以严控燃煤污染、机动车尾气污染、扬尘污染等三个严控为抓手，切实抓好冬季大气污染防治工作。 　　一是严控燃煤污染。严格管理好济南明湖热电厂、济南北郊热电厂、中航工业济南特种结构研究所等几家大型燃煤供热单位，继续推进燃煤企业进行废气治理工作，实现污染物稳定达标排放。同时还对辖区小型的浴池燃煤、燃用下脚料的环境违法行为进行了专项整治活动，对检查中发现的环境违法问题，严格按照有关要求进行了查处。  　　二是严控机动车排气污染。联合交警部门加大对机动车冒黑烟和违规驶入禁行区域的黄标车查处力度，开展定期的路检工作；加大对公交、客运、货运等营运车辆的入户抽测力度，对尾气检测不合格的营运车辆，责令限期改正，依法予以处理；加强对机动车环检机构监督管理，确保通过检测能筛选出排气超标车辆，杜绝冒黑烟车辆上路行驶。  　　三是严控扬尘污染。对建筑施工工地、煤炭经营单位的煤场、企业堆场等单位加大检查力度，要求各单位切实采取防尘、覆盖、围挡、密闭、喷洒等防扬尘措施，治理好扬尘污染。  @山东环境 @绿之芽 @拨云见晴空 @豫鲁风骨 @拨云见晴空 @生态梦人,8,6,6,2016-12-01 11:31:56,https://weibo.cn/comment/Ek4tapSyB?uid=3567934541&rl=1#cmtfrm,济南热电,,,,@山东环境,@绿之芽,@拨云见晴空,@豫鲁风骨,@拨云见晴空,@生态梦人
济南环保,#防霾治霾，共治共享# [话筒]【全市最大封闭式煤场“诞生”】近日，在济南热电北郊厂，全市最大的封闭煤场已完成主体建设，投用后将彻底解决大风天气下的煤炭扬尘问题，减少对周边环境的影响。据了解，该煤场为单层钢筋混凝土框架结构，南北长约400米，东西最大宽度60米，建筑高度为23.30米，总建筑面积2.4万平方米，设计储煤量约15万吨。（来源济南日报）@山东环境 @微博济南 @绿之芽 @拨云见晴空 @生态梦人 @豫鲁风骨 @米斯特_徐 @abc云水禅心 @中国环境新闻,10,16,13,2016-11-11 14:26:13,https://weibo.cn/comment/Eh33Zckh2?uid=3567934541&rl=1#cmtfrm,济南热电,,,,@山东环境,@微博济南,@绿之芽,@拨云见晴空,@生态梦人,@豫鲁风骨,@米斯特_徐,@中国环境新闻
济南环保,#温馨提示#【济南新增1500万平方米供暖面积 下周二起“看天供暖”】　23日，秋雨淅淅沥沥，气温一度低至8℃，从室内走出来的市民也不由紧了紧身上的厚外套。伴随着温度骤降，今年济南热力与济南热电两大主要热企已做好各项供热前准备，11月1日起具备供热条件。市供热主管部门也表示将随时关注气温变化，如遇寒冷天气将及时启动锅炉运行。截至目前，今年新增集中供暖面积超过1500万平方米，是历年来增加最多的一次。对此，两大热企共新建改造近90公里热网，同步实现40台大型锅炉超低排放改造，在确保更多市民供暖需求的同时，为提升“济南气质”贡献一份力量。http://t.cn/RVWCyAg山东环境@济南时报@舜网@济南市政 @微言环保@中国环境新闻@微博济南@济南12345,13,19,22,2016-10-24 11:26:21,https://weibo.cn/comment/Eeic33laR?uid=3567934541&rl=1#cmtfrm,济南热电,,,,@济南时报,@舜网,@济南市政,@微言环保,@中国环境新闻,@微博济南,@济南12345
济南环保,"济南新闻#【[话筒]明起济南多条干道要开工！涉经六路经七路明湖北路等】18日,记者在负责济南市西城供暖的济南热电了解到,该公司近期将实施燃煤替代工程,对热网进行提升改造,路面工程涉及到明湖西路、明湖北路、经六路和经七路四条道路等。 明起济南多条干道要开工！涉经六路经七路明湖北路等 ​",7,87,17,2016-09-19 09:12:17,https://weibo.cn/comment/E8X4DkPJR?rl=1#cmtfrm,济南热电,1,齐鲁晚报,,@微博济南,@绿之芽,@孤独求单,@拨云见晴空
济南环保,[good]【施工巧安排 修路少添堵】目前，济南又有多条道路加入“修路季”，给周边市民的出行带来一定不便。施工单位为尽早完工使出“浑身解数”，科学合理安排施工工序等好举措频现，力求将对周边百姓的影响降至最低。　　在济南热电的建设路热网升级改造项目中，井然有序的潮汐车道、规范化的交通引导设施、“不落地”的渣土储运方式等措施，既规范了作业措施与工程管理，又减少了对交通出行的影响，获得了不少市民的点赞。@微博济南 @山东环境 @生态梦人 @绿之芽 @拨云见晴空 @豫鲁风骨,10,10,13,2016-08-25 15:39:15,https://weibo.cn/comment/E5ccTApeE?uid=3567934541&rl=1#cmtfrm,济南热电,,,,@微博济南,@山东环境,@生态梦人,@绿之芽,@拨云见晴空,@豫鲁风骨
平阴环保,济南热电对开元锅炉房烟囱实施拆除】随着济南热电有限公司淘汰所属小型燃煤锅炉的大力实施，开元锅炉房烟囱拆除工作正有序展开。记者从该公司了解到，开元锅炉房今年底将建成3台低氮燃烧燃气热水锅炉，按照市委、市政府治理大气污染总体部署，济南热电承担18台小型燃煤锅炉淘汰工作，其中包括开元锅炉房3台7MW及1台10.5MW燃煤锅炉。7月25日上午，记者在开元锅炉房看到，绿色防护网内，烟囱拆除工作正有序进行，施工人员在60米的高脚手架上紧张忙碌着。济南热电供热八公司副经理范尊光告诉记者，为防止施工期间碎石、碎砖坠落砸伤过往行人，他们做了严密的防护措施，并派专门的安全员提醒周边行人和车辆注意安全。此外，济南热电林南锅炉房烟囱即将拆除完，经三纬九锅炉房也将实施烟囱拆除作业。　　据范尊光介绍，济南热电超前谋划，于2015年12月开始着手进行开元锅炉房燃煤锅炉替代的前期工作。开元锅炉房烟囱拆除后，将按照环保要求新建1根30米高的不锈钢烟囱。待项目建设完成后，燃气锅炉将作为开元片区现有、未加入集中供暖用户、工艺美院及经十一路、千佛山东路周边汽改水末端用户的调峰、备用热源，服务开元锅炉房160万平方米周边用户。@微博济南@绿之芽@孤独求单@女的超 @米斯特_徐,0,17,1,2016-07-27 09:47:35,https://weibo.cn/comment/E0DfevoGR?rl=1#cmtfrm,济南热电,1,济南环保,,@微博济南,@绿之芽,@孤独求单,@女的超,@米斯特_徐
济南环保,【济南热电对开元锅炉房烟囱实施拆除】随着济南热电有限公司淘汰所属小型燃煤锅炉的大力实施，开元锅炉房烟囱拆除工作正有序展开。记者从该公司了解到，开元锅炉房今年底将建成3台低氮燃烧燃气热水锅炉，按照市委、市政府治理大气污染总体部署，济南热电承担18台小型燃煤锅炉淘汰工作，其中包括开元锅炉房3台7MW及1台10.5MW燃煤锅炉。7月25日上午，记者在开元锅炉房看到，绿色防护网内，烟囱拆除工作正有序进行，施工人员在60米的高脚手架上紧张忙碌着。济南热电供热八公司副经理范尊光告诉记者，为防止施工期间碎石、碎砖坠落砸伤过往行人，他们做了严密的防护措施，并派专门的安全员提醒周边行人和车辆注意安全。此外，济南热电林南锅炉房烟囱即将拆除完，经三纬九锅炉房也将实施烟囱拆除作业。　　据范尊光介绍，济南热电超前谋划，于2015年12月开始着手进行开元锅炉房燃煤锅炉替代的前期工作。开元锅炉房烟囱拆除后，将按照环保要求新建1根30米高的不锈钢烟囱。待项目建设完成后，燃气锅炉将作为开元片区现有、未加入集中供暖用户、工艺美院及经十一路、千佛山东路周边汽改水末端用户的调峰、备用热源，服务开元锅炉房160万平方米周边用户。@微博济南@绿之芽@孤独求单@女的超 @米斯特_徐,11,17,19,2016-07-26 15:17:39,https://weibo.cn/comment/E0DfevoGR?uid=3567934541&rl=1#cmtfrm,济南热电,,,,@微博济南,@绿之芽,@孤独求单,@女的超,@米斯特_徐
济南环保,#防霾治霾，共治共享# 【开元锅炉房烟囱拆除】昨日，在济南热电开元锅炉房内，绿色防护网中的烟囱拆除工作正有序进行，施工人员在60米的高脚手架上紧张作业。目前，按照市委、市政府治理大气污染总体部署，随着全市淘汰小型燃煤锅炉的大力实施，开元锅炉房的3台7MW及1台10.5MW燃煤锅炉完成淘汰之后，烟囱拆除工作也已展开。下一步，济南热电将在原有场地投资约3000万建设3×29MW低氮燃烧燃气热水锅炉及一台烟气余热回收热泵机组，并预留大温差供热机组位置。同时，金鸡岭热电厂金水北线的高温水将通过旅游路输送至该供热片区，周边居民今冬将可乐享优质双热源供暖保障。据了解，开元锅炉房烟囱拆除后，按照环保要求，将新建一根30米高的不锈钢烟囱。项目建设完成后，燃气锅炉将作为开元片区、经十一路、千佛山东路周边用户的调峰、备用热源，届时开元锅炉房供热面积将达到160万平方米，可为周边用户提供清洁高效的双热源保证。（济南日报）@山东环境 @绿之芽 @abc云水禅心 @拨云见晴空 @生态梦人 @豫鲁风骨,13,17,15,2016-07-26 10:24:15,https://weibo.cn/comment/E0Bk9l4Na?uid=3567934541&rl=1#cmtfrm,济南热电,,,,@山东环境,@绿之芽,@拨云见晴空,@生态梦人,@豫鲁风骨
济阳环保,济南热力7台小型燃煤锅炉提前一个月拆除完毕】6月5日，记者从济南热力有限公司采访了解到，东新热电厂、小鸭热源厂合计7台小型燃煤锅炉拆除工作目前已全部完成。@山东环境 @绿之芽 @云水禅心 @微博济南 @济南市政 @生态梦人 @拨云见晴空 @公众环境马军 @中国环境新闻 http://t.cn/R5tH4h1 ​,1,11,0,2016-06-06 14:36:56,https://weibo.cn/comment/DyXLm4aq3?rl=1#cmtfrm,济南热电,1,济南环保,转发理由:6月5日，记者从济南热力有限公司采访了解到，东新热电厂、小鸭热源厂合计7台小型燃煤锅炉拆除工作目前已全部完成。      ,@山东环境,@绿之芽,@云水禅心,@微博济南,@济南市政,@生态梦人,@拨云见晴空,@公众环境马军,@中国环境新闻
济南环保,【济南热力7台小型燃煤锅炉提前一个月拆除完毕】6月5日，记者从济南热力有限公司采访了解到，东新热电厂、小鸭热源厂合计7台小型燃煤锅炉拆除工作目前已全部完成。@山东环境 @绿之芽 @云水禅心 @微博济南 @济南市政 @生态梦人 @拨云见晴空 @公众环境马军 @中国环境新闻 http://t.cn/R5tH4h1 ​,13,11,25,2016-06-06 11:17:46,https://weibo.cn/comment/DyXLm4aq3?uid=3567934541&rl=1#cmtfrm,济南热电,,,,@山东环境,@绿之芽,@云水禅心,@微博济南,@济南市政,@生态梦人,@拨云见晴空,@公众环境马军,@中国环境新闻
济南环保,、区两级煤炭质量与存储专项整治领导组对济南热电金鸡岭热电厂进行检查，确保燃煤单位使用合格煤炭，对煤炭存储扬尘实施有效管理。@济南环保 @山东环境 ​,14,9,25,2016-05-20 15:19:37,https://weibo.cn/comment/DwnbFjX2W?rl=1#cmtfrm,济南热电,1,市中环保,转发理由:#工作动态#市、区两级煤炭质量与存储专项整治领导组对济南热电金鸡岭热电厂进行检查，确保燃煤单位使用合格煤炭，对煤炭存储扬尘实施有效管理@微博济南@绿之芽@孤独求单@女的超@米斯特_徐      ,@济南环保,@山东环境,@微博济南,@绿之芽,@孤独求单,@女的超,@米斯特_徐
济南环保,、区两级煤炭质量与存储专项整治领导组对济南热电金鸡岭热电厂进行检查，确保燃煤单位使用合格煤炭，对煤炭存储扬尘实施有效管理。@济南环保 @山东环境 ​,15,9,40,2016-05-20 11:05:02,https://weibo.cn/comment/DwnbFjX2W?rl=1#cmtfrm,济南热电,1,市中环保,转发理由:#防霾治霾，共治共享# 市、区两级煤炭质量与存储专项整治领导组对济南热电金鸡岭热电厂进行检查，确保燃煤单位使用合格煤炭，对煤炭存储扬尘实施有效管理。@生态梦人 @绿之芽 @微博济南 @拨云见晴空 @公众环境马军 @山东环境      ,@济南环保,@山东环境,@生态梦人,@绿之芽,@微博济南,@拨云见晴空,@公众环境马军,@山东环境
济阳环保,林祥南街锅炉房拆除完毕】本报4月26日讯（记者 鲁婧）记者今天从济南热电有限公司获悉，林祥南街锅炉房2台共20吨/小时燃煤锅炉已完成拆除。下一步，将由2台14兆瓦燃气热水锅炉替代，作为调峰、备用锅炉，为周边60万平方米的供热面积.@微博济南@绿之芽@孤独求单 @女的超@米斯特_徐 http://t.cn/RqWQITS,1,9,0,2016-04-27 14:27:08,https://weibo.cn/comment/DsTQSsevu?rl=1#cmtfrm,济南热电,1,济南环保,,@微博济南,@绿之芽,@孤独求单,@女的超,@米斯特_徐
济南环保,【林祥南街锅炉房拆除完毕】本报4月26日讯（记者 鲁婧）记者今天从济南热电有限公司获悉，林祥南街锅炉房2台共20吨/小时燃煤锅炉已完成拆除。下一步，将由2台14兆瓦燃气热水锅炉替代，作为调峰、备用锅炉，为周边60万平方米的供热面积.@微博济南@绿之芽@孤独求单 @女的超@米斯特_徐 http://t.cn/RqWQITS,16,9,31,2016-04-27 14:18:33,https://weibo.cn/comment/DsTQSsevu?uid=3567934541&rl=1#cmtfrm,济南热电,,,,@微博济南,@绿之芽,@孤独求单,@女的超,@米斯特_徐
平阴环保,小鸭热源厂锅炉主体已拆除10%】小鸭热源厂正在进行带式除尘器拆除作业。（潘庆照 摄） 今天，记者探访了济南热电有限公司小鸭热源厂（简称“小鸭热源厂”）的燃煤锅炉淘汰（改造）进展情况。据介绍，目前，其锅炉主体拆除已完成10%左右@微博济南@绿之芽@孤独求单@女的超@米斯特_徐 http://t.cn/RqX24Fx,2,9,1,2016-04-15 16:57:45,https://weibo.cn/comment/Dr4FXlXPt?rl=1#cmtfrm,济南热电,1,济南环保,,@微博济南,@绿之芽,@孤独求单,@女的超,@米斯特_徐,@微博济南,@绿之芽,@孤独求单,@女的超
济南环保,【小鸭热源厂锅炉主体已拆除10%】小鸭热源厂正在进行带式除尘器拆除作业。（潘庆照 摄） 今天，记者探访了济南热电有限公司小鸭热源厂（简称“小鸭热源厂”）的燃煤锅炉淘汰（改造）进展情况。据介绍，目前，其锅炉主体拆除已完成10%左右@微博济南@绿之芽@孤独求单@女的超@米斯特_徐 http://t.cn/RqX24Fx,15,9,29,2016-04-15 14:11:15,https://weibo.cn/comment/Dr4FXlXPt?uid=3567934541&rl=1#cmtfrm,济南热电,,,,@微博济南,@绿之芽,@孤独求单,@女的超,@米斯特_徐
济南环保,"#防霾治霾，共治共享# 【我市今年25台市政燃煤小锅炉开拆】按照市委、市政府治理大气污染的总体部署,济南市市政公用部门所属淘汰燃煤小锅炉2日开始拆除。根据市政府责任书要求，“2016年10月底前，完成济南东新热电有限公司等9家单位14台35吨/小时以下，合计245蒸吨燃煤锅炉的淘汰（改造）任务；力争2016年10月底前完成14台35吨/小时，合计490蒸吨燃煤锅炉的淘汰（改造）任务，确保2017年6月底前完成”。到2017年6月底前，淘汰拆除燃煤锅炉共计28台。@山东环境 @绿之芽 @微言环保 @中国环境新闻 @生态梦人 @微博济南 @济南市政 http://t.cn/RqLWo4A",11,10,34,2016-04-03 16:40:26,https://weibo.cn/comment/DpgwyipgL?uid=3567934541&rl=1#cmtfrm,济南热电,,,,@山东环境,@绿之芽,@微言环保,@中国环境新闻,@生态梦人,@微博济南,@济南市政
济阳环保,行政处罚决定书】（济南热电有限公司明湖热电厂）@山东环境 @微博济南 @微言环保 @绿之芽 @生态梦人 ​,2,12,0,2016-03-21 17:04:57,https://weibo.cn/comment/Dni0RaUIB?rl=1#cmtfrm,济南热电,1,济南环保,转发理由:【行政处罚决定书】（济南热电有限公司明湖热电厂）      ,@山东环境,@微博济南,@微言环保,@绿之芽,@生态梦人
济阳环保,行政处罚决定书】（济南热电有限公司明湖热电厂）@山东环境 @微博济南 @微言环保 @绿之芽 @生态梦人 ​,2,12,0,2016-03-21 17:04:13,https://weibo.cn/comment/Dni0RaUIB?rl=1#cmtfrm,济南热电,1,济南环保,转发理由:#环境污染曝光台# 【行政处罚决定书】（济南热电有限公司明湖热电厂）      ,@山东环境,@微博济南,@微言环保,@绿之芽,@生态梦人
商河环保,行政处罚决定书】（济南热电有限公司明湖热电厂）@山东环境 @微博济南 @微言环保 @绿之芽 @生态梦人 ​,1,12,0,2016-03-21 16:47:44,https://weibo.cn/comment/Dni0RaUIB?rl=1#cmtfrm,济南热电,1,济南环保,转发理由:【行政处罚决定书】（济南热电有限公司明湖热电厂）      ,@山东环境,@微博济南,@微言环保,@绿之芽,@生态梦人
济南环保,【行政处罚决定书】（济南热电有限公司明湖热电厂）@山东环境 @微博济南 @微言环保 @绿之芽 @生态梦人 ​,13,12,51,2016-03-21 16:47:14,https://weibo.cn/comment/Dni0RaUIB?uid=3567934541&rl=1#cmtfrm,济南热电,,,,@山东环境,@微博济南,@微言环保,@绿之芽,@生态梦人
山东环境,曝光台#【行政处罚决定书（济南热电有限公司明湖热电厂）】济南市环境保护局行 政 处 罚 决 定 书 济环罚字[2016]第J002号 被处罚人：济南热电有限公司 …@山东环境 @abc云水禅心 @米斯特_徐 @绿之芽 @中国环境新闻 @微言环保 @生态梦人 行政处罚决定书（济南热电有限公司明湖热电厂） ​,9,14,7,2016-02-17 11:57:19,https://weibo.cn/comment/DieZojpOd?rl=1#cmtfrm,济南热电,1,济南环保,,@山东环境,@米斯特_徐,@绿之芽,@中国环境新闻,@微言环保,@生态梦人,@济南环保
潍坊环保,对网友反映的“2016年2月1日7时32分 “二氧化硫、氮氧化物在线数据超标排名前十的企业”中山东海化集团有限公司热力电力分公司，氮氧化物数值303mg/m3。”问题，经查，该超标现象为“采样系统故障”导致... 2016年2月1日7时山东海化集团热力电力分公司氮氧化物超标情况说明 ​,0,3,0,2016-02-02 15:59:18,https://weibo.cn/comment/DfZ2oDWIf?rl=1#cmtfrm,山东海化集团,1,潍坊滨海环境,,@潍坊滨海环境,@蔚蓝地图
山东环境,回音#网友反映“2016年3月4日06时，淄博热电集团公司在线数据超标”，经高新区环保局调查，淄博热电集团公司4号站点锅炉配备低氮燃烧＋SCR脱硝设施，氮氧化物达标排放。在3月4日05时左右，因脱硝系统出现故障，氮氧化物排放浓度超标，当日值班人员发现后及时上报...（详见长微博）@山东环境 ​,3,2,6,2016-03-07 15:15:07,https://weibo.cn/comment/Dl9p9hvvC?rl=1#cmtfrm,淄博热电集团公司,1,淄博环保,转发理由:#互动#关于网友@宁静的阳光 反映淄博热电集团公司在线数据超标的问题，已经@淄博高新区环保局 调查处理，欢迎网友监督评议。      ,@山东环境,@宁静的阳光,@淄博高新区环保局
淄博环保,#回复#网友反映淄博坤升热电有限公司在线监测氮氧化物数据超标，淄川区环保局对此高度重视，现将调查情况说明如下：淄博坤升热电有限公司是淄川东部城区和淄矿集团冬季供暖的热源厂，现有2台循环流化床锅炉，包括1台75t/h，1台130t/h，发电总装机容量12MW...（详见长微博）@山东环境 @蔚蓝地图 ​,0,1,3,2016-02-02 11:44:18,https://weibo.cn/comment/DfXw3ExxU?uid=3114085181&rl=1#cmtfrm,淄博热电集团公司,,,,@山东环境,@蔚蓝地图
山东环境,回音#网友反映“2016年1月18日08时，淄博热电集团公司在线数据超标”。经查，淄博热电集团公司4号站点锅炉配备低氮燃烧+SCR脱硝设施正常情况下氮氧化物都能达标排放。由于近期因供暖压力大，锅炉运行负荷高，同时受低气温影响喷氨系统出现轻微堵塞缺陷，导致...（详见长微博）@山东环境@蔚蓝地图 ​,5,2,3,2016-01-20 15:59:06,https://weibo.cn/comment/De0AyDbUy?rl=1#cmtfrm,淄博热电集团公司,1,淄博环保,转发理由:#互动#关于网友反映的2016年1月18日08时淄博热电集团公司在线数据超标问题，已经@淄博高新区环保局 调查处理。欢迎网友监督评议。      ,@山东环境,@蔚蓝地图,@淄博高新区环保局
淄博环保,#回音#网友反映“2016年1月18日08时，淄博热电集团公司在线数据超标”。经查，淄博热电集团公司4号站点锅炉配备低氮燃烧+SCR脱硝设施正常情况下氮氧化物都能达标排放。由于近期因供暖压力大，锅炉运行负荷高，同时受低气温影响喷氨系统出现轻微堵塞缺陷，导致...（详见长微博）@山东环境@蔚蓝地图 ​,0,2,4,2016-01-20 15:53:01,https://weibo.cn/comment/De0AyDbUy?uid=3114085181&rl=1#cmtfrm,淄博热电集团公司,,,,@山东环境,@蔚蓝地图
山东环境,#互动#关于群众反映的枣庄华润纸业有限公司厂污染问题，已经@山亭环保政务微博 调查处理。欢迎网友监督评议。 ​,4,2,9,2016-08-02 09:31:23,https://weibo.cn/comment/E1EY9tNMx?uid=3354394424&rl=1#cmtfrm,枣庄华润纸业,,,,@山亭环保政务微博
陕西环保,洛南县环保局关于网友反映“洛南县九龙矿业污染形成几十公里黄河”的处理情况说明】 @记录陕西 @记者张伟在路上 @记者孙虎 @飙新闻 @商洛播报 @商洛发布 @商洛崔伟 @陕西新闻记者 @记者孙金龙 @陕西身边事 @网说陕西@记者宋海龙@新闻晨@陕西环保 【洛南县环保局关于网友微博反映“洛南县九龙矿业污染形成几十公里黄河”一文的处理情况说明】 ​,3,4,1,2016-01-27 11:57:45,https://weibo.cn/comment/Df31rvYsy?rl=1#cmtfrm,洛南县九龙矿业,1,商洛环保,转发理由:#互动#洛南县环保局关于网友反映“洛南县九龙矿业污染形成几十公里黄河”的处理情况说明[围观]      ,@记录陕西,@记者张伟在路上,@记者孙虎,@飙新闻,@商洛播报,@商洛发布,@商洛崔伟,@陕西新闻记者,@记者孙金龙,@陕西身边事,@网说陕西,@记者宋海龙,@新闻晨,@陕西环保
山东环境,回音#         网友反映“淄博周北热电有限公司1-3号锅炉排放口二氧化硫超标0.08倍”。周村区环保分局执法人员立即展开了调查：        经查，2016年4月29日下午16：20分左右，淄博周北热电有限公司脱硫石粉输送管泄漏，无法正常工作，公司立即启动备用方案，更换备用输送管道，17：10分处理完毕。16点左右二氧化硫的小时均值为216mg/m³，4月29日当天二氧化硫日均值为141mg/m³，日均值不超标。该情况已向我局做出报告说明，我局要求其严格管理，保证治污设施正常运行，发现问题及时处理，并及时向环保部门汇报。        执法人员将继续加大对辖区内两家电厂的监管力度，发现问题及时处理。,3,1,4,2016-05-05 16:52:35,https://weibo.cn/comment/Du8g6jlW7?rl=1#cmtfrm,淄博周北热电,1,淄博环保,,@宁静的阳光,@周村环保
淄博环保,#回音#网友反映“1月17日11:00周北热电有限公司二氧化硫监测值为216mg/m3，标准为200mg/m3”。经查，淄博周北热电有限公司2016年1月17日二氧化硫日均值未超标，其11点左右瞬时值为216，已向环保部门报告，主要为锅炉燃烧不充分，锅炉调整不及时造成...（详见长微博）@山东环境@蔚蓝地图 ​,2,2,4,2016-01-20 15:55:38,https://weibo.cn/comment/De0BCvALd?uid=3114085181&rl=1#cmtfrm,淄博周北热电,,,,@山东环境,@蔚蓝地图
山东环境,回音壁#网友反映“淄博周北热电有限公司1月10日二氧化硫超标排放”的信访收悉。 经周村环保分局调查，2016年1月10日早8时，淄博周北热电有限公司石粉磨制系统电机烧毁（电机9日出现过短路的问题），无法正常工作，该公司立即向淄博市环保局和周村环保分局汇报情况及处置...（详见长微博）@山东环境 ​,3,3,3,2016-01-14 17:21:13,https://weibo.cn/comment/Dd6ubp9aR?rl=1#cmtfrm,淄博周北热电,1,淄博环保,转发理由:#互动#关于网友@宁静的阳光 反映淄博周北热电有限公司超标排放的问题，已经@淄博环保 调查处理。欢迎网友监督评议。      ,@山东环境,@宁静的阳光,@淄博环保
济阳环保,宫龙山路仲宫大桥下面污水口非常隐蔽，污水直接流向玉符河再进入卧虎山水库，卧虎山水库是济南重要水源地，后果可想而知。@济南水利 @济南生活 @济南12345 @济南环保 @济南市政 ​,1,7,0,2016-11-10 16:47:36,https://weibo.cn/comment/Ef5pte4PH?rl=1#cmtfrm,仲宫污水处理厂,1,FREE-WONG,转发理由:#回声台#关于仲宫龙山路仲宫大桥下排污口污水直流玉符河问题历城环保局执法人员到达仲宫龙山路仲宫大桥下排污口现场，经查实：此处污水为仲南村居民生活污水，经仲南村南侧水渠流向污水管网，最终排入污水处理厂集中处理。 @济南市政 @山东环境 @生态梦人 @豫鲁风骨 @abc云水禅心      ,@济南水利,@济南生活,@济南12345,@济南环保,@济南市政,@济南市政,@山东环境,@生态梦人,@豫鲁风骨
济南环保,宫龙山路仲宫大桥下面污水口非常隐蔽，污水直接流向玉符河再进入卧虎山水库，卧虎山水库是济南重要水源地，后果可想而知。@济南水利 @济南生活 @济南12345 @济南环保 @济南市政 ​,10,7,18,2016-11-10 16:19:37,https://weibo.cn/comment/Ef5pte4PH?rl=1#cmtfrm,仲宫污水处理厂,1,FREE-WONG,转发理由:#回声台#关于仲宫龙山路仲宫大桥下排污口污水直流玉符河问题历城环保局执法人员到达仲宫龙山路仲宫大桥下排污口现场，经查实：此处污水为仲南村居民生活污水，经仲南村南侧水渠流向污水管网，最终排入污水处理厂集中处理。 @济南市政 @山东环境 @生态梦人 @豫鲁风骨 @abc云水禅心      ,@济南水利,@济南生活,@济南12345,@济南环保,@济南市政,@济南市政,@山东环境,@生态梦人,@豫鲁风骨
济南环保,政务监督面对面直播#【问题整改“回头看”－－南山截污，承诺何时兑现？】通过大数据分析，卧虎山一带水污染问题市民反映十分强烈，仲宫污水处理厂的扩建工作迫在眉睫，本期节目邀请市编办、市财政局相关领导与水利、环保、公用事业局、及历城区政府领导一同回应市民关切。详情http://t.cn/R5cBfTK ​,12,4,16,2016-06-07 16:51:09,https://weibo.cn/comment/Dz99XpyDj?rl=1#cmtfrm,仲宫污水处理厂,1,微博济南,转发理由:#政务监督面对面直播#【问题整改“回头看”－－南山截污，承诺何时兑现？】通过大数据分析，卧虎山一带水污染问题市民反映十分强烈，仲宫污水处理厂的扩建工作迫在眉睫，本期节目邀请市编办、市财政局相关领导与水利、环保、公用事业局、及历城区政府领导一同回应市民关切@山东环境 @绿之芽 @生态梦人      ,@山东环境,@绿之芽,@生态梦人
济阳环保,宫龙山路仲宫大桥下面污水口非常隐蔽，污水直接流向玉符河再进入卧虎山水库，卧虎山水库是济南重要水源地，后果可想而知。@济南水利 @济南生活 @济南12345 @济南环保 @济南市政 ​,1,7,0,2016-11-10 16:47:36,https://weibo.cn/comment/Ef5pte4PH?rl=1#cmtfrm,仲宫污水处理厂,1,FREE-WONG,转发理由:#回声台#关于仲宫龙山路仲宫大桥下排污口污水直流玉符河问题历城环保局执法人员到达仲宫龙山路仲宫大桥下排污口现场，经查实：此处污水为仲南村居民生活污水，经仲南村南侧水渠流向污水管网，最终排入污水处理厂集中处理。 @济南市政 @山东环境 @生态梦人 @豫鲁风骨 @abc云水禅心      ,@济南水利,@济南生活,@济南12345,@济南环保,@济南市政,@济南市政,@山东环境,@生态梦人,@豫鲁风骨
济南环保,宫龙山路仲宫大桥下面污水口非常隐蔽，污水直接流向玉符河再进入卧虎山水库，卧虎山水库是济南重要水源地，后果可想而知。@济南水利 @济南生活 @济南12345 @济南环保 @济南市政 ​,10,7,18,2016-11-10 16:19:37,https://weibo.cn/comment/Ef5pte4PH?rl=1#cmtfrm,仲宫污水处理厂,1,FREE-WONG,转发理由:#回声台#关于仲宫龙山路仲宫大桥下排污口污水直流玉符河问题历城环保局执法人员到达仲宫龙山路仲宫大桥下排污口现场，经查实：此处污水为仲南村居民生活污水，经仲南村南侧水渠流向污水管网，最终排入污水处理厂集中处理。 @济南市政 @山东环境 @生态梦人 @豫鲁风骨 @abc云水禅心      ,@济南水利,@济南生活,@济南12345,@济南环保,@济南市政,@济南市政,@山东环境,@生态梦人,@豫鲁风骨
济南环保,政务监督面对面直播#【问题整改“回头看”－－南山截污，承诺何时兑现？】通过大数据分析，卧虎山一带水污染问题市民反映十分强烈，仲宫污水处理厂的扩建工作迫在眉睫，本期节目邀请市编办、市财政局相关领导与水利、环保、公用事业局、及历城区政府领导一同回应市民关切。详情http://t.cn/R5cBfTK ​,12,4,16,2016-06-07 16:51:09,https://weibo.cn/comment/Dz99XpyDj?rl=1#cmtfrm,仲宫污水处理厂,1,微博济南,转发理由:#政务监督面对面直播#【问题整改“回头看”－－南山截污，承诺何时兑现？】通过大数据分析，卧虎山一带水污染问题市民反映十分强烈，仲宫污水处理厂的扩建工作迫在眉睫，本期节目邀请市编办、市财政局相关领导与水利、环保、公用事业局、及历城区政府领导一同回应市民关切@山东环境 @绿之芽 @生态梦人      ,@山东环境,@绿之芽,@生态梦人
临淄环保,临淄环保分局危险废物普查工作一组对淄博齐翔腾达化工股份有限公司进行危险废物审核检查 ，工作三组对源丰达进行危险废物核查。@山东环境 @淄博环保 @不浪费2 @LZTV_许兆伟 @一路向前冲锋不止 @生态梦人 ​,1,1,1,2016-02-23 15:38:30,https://weibo.cn/comment/Djb1ydNC9?uid=2710940831&rl=1#cmtfrm,淄博齐翔腾达化工股份,,,,@山东环境,@淄博环保,@不浪费2,@一路向前冲锋不止,@生态梦人
永宁环保,问政银川 @银川环境监察  正在花妖音乐节燥着呢，突然闻到阵阵清香，一想在永宁，立马释然，真的太特么应景了，给点个赞[good][good][good][good] ​,0,9,0,2016-09-30 17:52:15,https://weibo.cn/comment/E7ZI4qLfa?rl=1#cmtfrm,宁夏伊品生物科技股份,1,大碗香菜不要拉面二细滴,,@问政银川,@银川环境监察
济阳环保,抗霾保卫战# #工作动态# 【12月18日下午，济南市环保局秦立华副局长一行7人现场检查济南裕兴化工厂，天桥区环保局刘永红局长、张辂副局长陪同。】 @济南环保 ​,1,4,0,2016-12-19 09:26:17,https://weibo.cn/comment/EmGxfmmbk?rl=1#cmtfrm,济南裕兴化工,1,天桥环保,转发理由:#抗霾保卫战# #工作动态# 【12月18日下午，济南市环保局秦立华副局长一行7人现场检查济南裕兴化工厂，天桥区环保局刘永红局长、张辂副局长陪同。】 @山东环境@微博济南@生态梦人 @绿之芽@多多小五月      ,@济南环保,@山东环境,@微博济南,@生态梦人,@绿之芽,@多多小五月
济南环保,抗霾保卫战# #工作动态# 【12月18日下午，济南市环保局秦立华副局长一行7人现场检查济南裕兴化工厂，天桥区环保局刘永红局长、张辂副局长陪同。】 @济南环保 ​,10,4,12,2016-12-18 17:15:12,https://weibo.cn/comment/EmGxfmmbk?rl=1#cmtfrm,济南裕兴化工,1,天桥环保,转发理由:#抗霾保卫战# #工作动态# 【12月18日下午，济南市环保局秦立华副局长一行7人现场检查济南裕兴化工厂，天桥区环保局刘永红局长、张辂副局长陪同。】 @山东环境@微博济南@生态梦人 @绿之芽@多多小五月      ,@济南环保,@山东环境,@微博济南,@生态梦人,@绿之芽,@多多小五月
济南环保,工作动态# 【近日，天桥区环保局环境监察中队到济南裕兴化工厂检查危废产生处置台帐。】@济南环保 ​,8,6,7,2016-12-03 13:15:44,https://weibo.cn/comment/EkfFg91iM?rl=1#cmtfrm,济南裕兴化工,1,天桥环保,转发理由:#工作动态# 【近日，天桥区环保局环境监察中队到济南裕兴化工厂检查危废产生处置台帐。】@山东环境 @微博济南@生态梦人 @多多小五月      ,@济南环保,@山东环境,@微博济南,@生态梦人,@多多小五月
济阳环保,工作动态# 【 2016年11月15日，天桥区环保局调研员到济南裕兴化工厂进行实地调研工作。】@济南环保 ​,2,8,1,2016-11-15 15:46:38,https://weibo.cn/comment/EhERL2Tg8?rl=1#cmtfrm,济南裕兴化工,1,天桥环保,转发理由:#工作动态# 【 2016年11月15日，天桥区环保局调研员到济南裕兴化工厂进行实地调研工作。】@山东环境 @微博济南@生态梦人@绿之芽@公众环境马军      ,@济南环保,@山东环境,@微博济南,@生态梦人,@绿之芽,@公众环境马军
济南环保,工作动态# 【 2016年11月15日，天桥区环保局调研员到济南裕兴化工厂进行实地调研工作。】@济南环保 ​,10,8,9,2016-11-15 15:10:05,https://weibo.cn/comment/EhERL2Tg8?rl=1#cmtfrm,济南裕兴化工,1,天桥环保,转发理由:#工作动态# 【 2016年11月15日，天桥区环保局调研员到济南裕兴化工厂进行实地调研工作。】@山东环境 @微博济南@生态梦人@绿之芽@公众环境马军      ,@济南环保,@山东环境,@微博济南,@生态梦人,@绿之芽,@公众环境马军
平阴环保,济南裕兴化工厂原厂区启动土壤修复 明年底完成】8月20日上午，济南裕兴化工有限责任公司原厂区地上物清理暨土壤修复工程启动仪式在济南裕兴化工有限责任公司原厂区召开，市、区环保局负责人、滨河集团负责人及济南裕兴化工有限责任公司负责人参加了启动仪式。　　济南裕兴化工有限责任公司自1958年开始生产铬盐产品。2009年，根据济南市总体规划，整体搬迁至济南市新材料产业园，并不再生产铬盐。2012年12月，裕兴公司原历史堆积的铬渣全部处置完毕并通过了省环保厅、省发改委组织的验收。目前，裕兴公司已经完成了原厂区水文地质勘探、铬污染状况调查、可行性研究、环境风险评价、修复工程中试、修复方案制定等土壤修复准备工作。本次启动仪式将进行建筑垃圾、白石膏等地上物的清理工作，这也标志着修复工作进入实质性阶段。　　根据市政府的要求，2016年8月20日，裕兴公司启动原厂区土壤修复工作，2017年年底完成。污染土壤修复时，充分考虑场地污染特征、修复时间、成本、修复效果、未来规划等各方面条件，合理采取原位(简单理解，是指在原地进行土壤修复)、异位(将需修复土壤挪到合适位置处理)，需要修复土方量大约105万立方米。　　整个修复过程中，裕兴公司将委托专业化环境监理公司开展全过程环境监理，确保修复过程规范进行，落实各项污染防治措施，保证修复质量和效果;同时环保部门将跟踪监督，加密监察、监测频次，做好污染土壤的贮存、运输、处置及污水处理等重点环节的监管。　　按照“谁污染，谁治理“的原则，裕兴公司承担治理与修复的主体责任，裕兴公司负责人表示，将严格把握工程质量关，确保修复效果，从根本上解决原厂区土壤污染问题，助力小清河片区开发，也为济南市老工业企业搬迁后解决土地污染遗留问题提供借鉴。,1,2,1,2016-08-22 16:14:58,https://weibo.cn/comment/E4y61lGMv?rl=1#cmtfrm,济南裕兴化工,1,中国济南发布,转发理由:【济南裕兴化工厂原厂区启动土壤修复 明年底完成】8月20日上午，济南裕兴化工有限责任公司原厂区地上物清理暨土壤修复工程启动仪式在济南裕兴化工有限责任公司原厂区召开，市、区环保局负责人、滨河集团负责人及济南裕兴化工有限责任公司负责人参加了启动仪式。 @山东环境 @生态梦人 @豫鲁峰骨      ,@山东环境,@生态梦人,@豫鲁峰骨
济阳环保,济南裕兴化工厂原厂区启动土壤修复 明年底完成】8月20日上午，济南裕兴化工有限责任公司原厂区地上物清理暨土壤修复工程启动仪式在济南裕兴化工有限责任公司原厂区召开，市、区环保局负责人、滨河集团负责人及济南裕兴化工有限责任公司负责人参加了启动仪式。　　济南裕兴化工有限责任公司自1958年开始生产铬盐产品。2009年，根据济南市总体规划，整体搬迁至济南市新材料产业园，并不再生产铬盐。2012年12月，裕兴公司原历史堆积的铬渣全部处置完毕并通过了省环保厅、省发改委组织的验收。目前，裕兴公司已经完成了原厂区水文地质勘探、铬污染状况调查、可行性研究、环境风险评价、修复工程中试、修复方案制定等土壤修复准备工作。本次启动仪式将进行建筑垃圾、白石膏等地上物的清理工作，这也标志着修复工作进入实质性阶段。　　根据市政府的要求，2016年8月20日，裕兴公司启动原厂区土壤修复工作，2017年年底完成。污染土壤修复时，充分考虑场地污染特征、修复时间、成本、修复效果、未来规划等各方面条件，合理采取原位(简单理解，是指在原地进行土壤修复)、异位(将需修复土壤挪到合适位置处理)，需要修复土方量大约105万立方米。　　整个修复过程中，裕兴公司将委托专业化环境监理公司开展全过程环境监理，确保修复过程规范进行，落实各项污染防治措施，保证修复质量和效果;同时环保部门将跟踪监督，加密监察、监测频次，做好污染土壤的贮存、运输、处置及污水处理等重点环节的监管。　　按照“谁污染，谁治理“的原则，裕兴公司承担治理与修复的主体责任，裕兴公司负责人表示，将严格把握工程质量关，确保修复效果，从根本上解决原厂区土壤污染问题，助力小清河片区开发，也为济南市老工业企业搬迁后解决土地污染遗留问题提供借鉴。,1,2,0,2016-08-22 10:40:47,https://weibo.cn/comment/E4y61lGMv?rl=1#cmtfrm,济南裕兴化工,1,中国济南发布,转发理由:【济南裕兴化工厂原厂区启动土壤修复 明年底完成】8月20日上午，济南裕兴化工有限责任公司原厂区地上物清理暨土壤修复工程启动仪式在济南裕兴化工有限责任公司原厂区召开，市、区环保局负责人、滨河集团负责人及济南裕兴化工有限责任公司负责人参加了启动仪式。 @山东环境 @生态梦人 @豫鲁峰骨      ,@山东环境,@生态梦人,@豫鲁峰骨
济南环保,环保工作动态#  【8月3日市规财处调研员任昌与市环境监察一大队副调研员毕作新，市环境监控中心人员联合验收天桥区辖区内济南裕兴化工有限公司和济南元首针织有限公司两企业氨氮在线监控系统项目，区环保局副局长等陪同。】@济南环保@山东环境 ​,12,5,17,2016-08-04 11:18:08,https://weibo.cn/comment/E1YrMr2jZ?rl=1#cmtfrm,济南裕兴化工,1,天桥环保,转发理由:#环保工作动态#  【8月3日市规财处调研员任昌与市环境监察一大队副调研员毕作新，市环境监控中心人员联合验收天桥区辖区内济南裕兴化工有限公司和济南元首针织有限公司两企业氨氮在线监控系统项目，区环保局副局长等陪同。】@微博济南@绿之芽@孤独求单@女的超 @米斯特_徐      ,@济南环保,@山东环境,@微博济南,@绿之芽,@孤独求单,@女的超,@米斯特_徐
济南环保,环保在行动# #工作动态# 【5月19日上午，天桥区环保局到济南裕兴化工有限责任公司进行废酸检查工作，综合近期裕兴化工恢复正常生产情况，监察中队针对危险废物的产生，利用，处置，贮存，转移等环节，展开细致的监督检查工作，并对红石膏产生，清运设备等提出工艺改进建议。】 ​,15,3,20,2016-05-20 15:19:07,https://weibo.cn/comment/DwntK69Io?rl=1#cmtfrm,济南裕兴化工,1,天桥环保,转发理由:#工作动态#5月19日上午，天桥区环保局到济南裕兴化工有限责任公司进行废酸检查工作，综合近期裕兴化工恢复正常生产情况，监察中队针对危险废物的产生，利用，处置，贮存，转移等环节，展开细致的监督检查工作@微博济南@绿之芽@孤独求单@女的超@米斯特_徐 @abc云水禅心      ,@微博济南,@绿之芽,@孤独求单,@女的超,@米斯特_徐
大丰市环保志愿者,2016年03月02日22点，兰精（南京）纤维有限公司在线监测数据，希望排放浓度高的企业作出公开说明！#蔚蓝地图#@中国环境新闻 @江苏环保 执行排发标准怎么会是0? ​,1,0,1,2016-03-02 22:36:24,https://weibo.cn/comment/Dkrb9fZcs?uid=1707640501&rl=1#cmtfrm,兰精（南京）纤维,,,,@中国环境新闻,@江苏环保
石化实说,中石化紧急救援江苏靖江化工品仓储点火灾】江苏靖江化工品仓储点爆炸起火后，中石化上海高桥石化消防支队立即组织精干力量，飞驰200多公里，奔赴火灾现场进行救援。 金陵石化消防支队紧急派出1台指挥车2台消防车共12名消防队员赶赴增援。至23日凌晨1时54分，罐体阀门成功关闭，现场火势全部扑灭。 ​,28,198,1588,2016-04-23 10:47:03,https://weibo.cn/comment/DsgCY5gL8?rl=1#cmtfrm,中国石化仪征化纤,1,石化实说,转发理由:@高桥石化在线 出动4辆消防车，1辆指挥车，24名消防战士； @中国石化仪征化纤 派出2台消防车参加现场救援。愿所有消防官兵平安[心]      ,@高桥石化在线,@中国石化仪征化纤
石化实说,中石化紧急救援江苏靖江化工品仓储点火灾】江苏靖江化工品仓储点爆炸起火后，中石化上海高桥石化消防支队立即组织精干力量，飞驰200多公里，奔赴火灾现场进行救援。 金陵石化消防支队紧急派出1台指挥车2台消防车共12名消防队员赶赴增援。至23日凌晨1时54分，罐体阀门成功关闭，现场火势全部扑灭。 ​,17,198,1685,2016-04-23 10:37:44,https://weibo.cn/comment/DsgCY5gL8?rl=1#cmtfrm,中国石化仪征化纤,1,石化实说,转发理由:@中国石化仪征化纤 派出2台消防车参加现场救援。愿所有消防官兵平安[心]      ,@中国石化仪征化纤
山东环境,回复#网友反映淄博坤升热电有限公司在线监测氮氧化物数据超标，淄川区环保局对此高度重视，现将调查情况说明如下：淄博坤升热电有限公司是淄川东部城区和淄矿集团冬季供暖的热源厂，现有2台循环流化床锅炉，包括1台75t/h，1台130t/h，发电总装机容量12MW...（详见长微博）@山东环境 @蔚蓝地图 ​,4,1,2,2016-02-02 12:15:35,https://weibo.cn/comment/DfXw3ExxU?rl=1#cmtfrm,淄博坤升热电,1,淄博环保,转发理由:#互动#关于网友@宁静的阳光 反映淄博坤升热电有限公司氮氧化物在线监测数据超标的问题，已经@淄川环保官博 调查处理，欢迎网友监督评议。      ,@山东环境,@蔚蓝地图,@宁静的阳光,@淄川环保官博
淄博环保,#回复#网友反映淄博坤升热电有限公司在线监测氮氧化物数据超标，淄川区环保局对此高度重视，现将调查情况说明如下：淄博坤升热电有限公司是淄川东部城区和淄矿集团冬季供暖的热源厂，现有2台循环流化床锅炉，包括1台75t/h，1台130t/h，发电总装机容量12MW...（详见长微博）@山东环境 @蔚蓝地图 ​,0,1,3,2016-02-02 11:44:18,https://weibo.cn/comment/DfXw3ExxU?uid=3114085181&rl=1#cmtfrm,淄博坤升热电,,,,@山东环境,@蔚蓝地图
山东环境,博坤升热电有限公司在线监测氮氧化物数据超标 关于“淄博坤升热电有限公司在线监测氮氧化物数据超标”的调查处理结果 @山东环境 ​,5,5,6,2016-01-23 10:12:21,https://weibo.cn/comment/DeqwNrhyW?rl=1#cmtfrm,淄博坤升热电,1,淄博环保,,@山东环境,@宁静的阳光,@淄博环保
山东环境,回音#网友反映“淄博坤升热电有限公司氮氧化物超标”，淄博市环境监察支队立即派执法人员现场检查，同时与市环保监控中心联系调查，现将情况公布如下：淄博坤升热电有限公司现有75t/h和130t/h燃煤锅炉各1台，全部配套了完善的脱硫、除尘和脱硝设备...（详见长微博）@山东环境@蔚蓝地图@宁静的阳光 ​,2,1,3,2016-01-22 11:17:12,https://weibo.cn/comment/DehCsyYz6?rl=1#cmtfrm,淄博坤升热电,1,淄博环保,转发理由:#互动#关于网友@宁静的阳光 反映的淄博坤升热电有限公司氮氧化物超标的问题，已经@淄博环保 调查处理，欢迎网友监督评议。      ,@山东环境,@蔚蓝地图,@宁静的阳光,@宁静的阳光,@淄博环保
青岛环保,【大唐黄岛发电公司全部完成超低排放改造】继5、6号机组通过超低排放验收后，日前，大唐黄岛发电公司3号机组顺利通过省厅超低排放改造验收，大唐发电三套机组均已完成超低排放改造任务。3号机组超低排放改造项目投资1.7亿，全部为环保投资。实施过程中，企业克服场地小、施工环境复杂、交叉作业、任务繁重等一系列困难，按期保质完成改造建设任务。脱硝系统采样选择性催化还原法（SCR），更换新型低氮燃烧器；脱硫系统采用海水脱硫工艺，脱硫装置一炉一塔、单元制运行；针对原3号锅炉烟尘排放不达标、海水脱硫带来的“石膏雨”现象、烟囱腐蚀等问题，将原除尘器四电场拆除，采用“MGGH+本体增容（双室五电场）+脱硫除尘+高效除尘除雾器”除尘工艺。       验收监测期间3号锅炉烟气总排口二氧化硫排放浓度未检出，氮氧化物排放浓度最大值为10mg/m3，烟尘排放浓度最大值为3.2mg/m3，均符合《火电厂大气污染物排放标准》及《山东省火电厂大气污染物排放标准》大气污染物燃气轮机排放标准要求。3号机组脱硫效率达到99%以上，脱硝效率达到98%以上，除尘综合效率达到99.99%以上。@山东环境 @青岛交通广播FM897 @掌上青岛,0,0,1,2016-05-19 10:21:02,https://weibo.cn/comment/DwdHo8iv0?uid=3245359303&rl=1#cmtfrm,大唐黄岛发电,,,,@山东环境,@青岛交通广播FM897,@掌上青岛
定边公安,#案件通报#定边县公安局关于“6.17案件”进展情况通报。2016年6月13日22时许，承揽延长油田公司定边采油厂修井项目的定边县森豪威公司，在樊学采油队李庄科区队修井作业时，锅炉司机陈某在作业时意外身亡。死者亲属与森豪威公司就死者赔偿事宜多次协商未果。于6月17日上午聚集在定边采油厂办公楼前，与采油厂职工发生冲突。中午11时许，我局经过现场处置，事态平息。双方共有14人不同程度受轻微伤，全部送医院观察治疗。       经查，此事件定边采油厂一方涉案5人被刑事拘留。死者亲属一方涉案4人被刑事拘留。@榆林公安 @榆林日报 @西部法制网榆林频道 @华商报榆林记者站 @定边幽默哥 @定边身边事 目前，此案正在进一步调查中。,6,18,30,2016-06-20 19:40:15,https://weibo.cn/comment/DB92gFyHJ?uid=2690475873&rl=1#cmtfrm,延长油田公司定边采油厂,,,,@榆林公安,@榆林日报,@西部法制网榆林频道,@华商报榆林记者站,@定边幽默哥,@定边身边事
环保东营,#回音廊#关于网友反映的山东华星石油化工集团有限公司热电厂5月28日8时氮氧化物超标的回复：据查，该企业厂5月28日8时氮氧化物超标属实，但属于瞬时值超标，日均值在正常范围内，瞬时值超标不作为处罚依据。下图为该企业5月28日氮氧化物在线数据及日均值情况@霸天虎V5@绿行齐鲁@微言环保@大王一杰@蔚蓝地图@山东环境,1,1,13,2016-05-30 09:36:16,https://weibo.cn/comment/DxT6H4SEQ?uid=1602726821&rl=1#cmtfrm,山东华星石油化工集团,,,,@霸天虎V5,@绿行齐鲁,@微言环保,@大王一杰,@蔚蓝地图,@山东环境
山东环境,回音廊#关于网友反映的山东华星石油化工集团有限公司热电厂5月28日8时氮氧化物超标的回复：据查，该企业厂5月28日8时氮氧化物超标属实，但属于瞬时值超标，日均值在正常范围内，瞬时值超标不作为处罚依据。下图为该企业5月28日氮氧化物在线数据及日均值情况@霸天虎V5@绿行齐鲁@微言环保@大王一杰@蔚蓝地图@山东环境,3,1,10,2016-05-30 09:38:11,https://weibo.cn/comment/DxT6H4SEQ?rl=1#cmtfrm,山东华星石油化工集团,1,环保东营,转发理由:#互动#关于网友反映的山东华星石油化工集团有限公司热电厂氮氧化物超标问题，已经@环保东营 调查处理。欢迎网友监督评议。      ,@霸天虎V5,@绿行齐鲁,@微言环保,@大王一杰,@蔚蓝地图,@山东环境,@环保东营
环保东营,#回音廊#关于网友反映的山东华星石油化工集团有限公司热电厂5月28日8时氮氧化物超标的回复：据查，该企业厂5月28日8时氮氧化物超标属实，但属于瞬时值超标，日均值在正常范围内，瞬时值超标不作为处罚依据。下图为该企业5月28日氮氧化物在线数据及日均值情况@霸天虎V5@绿行齐鲁@微言环保@大王一杰@蔚蓝地图@山东环境,1,1,13,2016-05-30 09:36:16,https://weibo.cn/comment/DxT6H4SEQ?uid=1602726821&rl=1#cmtfrm,山东华星石油化工集团,,,,@霸天虎V5,@绿行齐鲁,@微言环保,@大王一杰,@蔚蓝地图,@山东环境
临沂环境,我们在行动# 我局固废科联合上冶镇环保办对山东光华纸业集团有限公司进行危废规范化检查@山东环境 @临沂环境 @环保小伙子 ​,3,2,2,2016-05-10 11:39:33,https://weibo.cn/comment/DuRkJowZ6?rl=1#cmtfrm,山东联合纸业,1,费县环境,转发理由:#我们在行动# 局固废科联合上冶镇环保办对山东光华纸业集团有限公司进行危废规范化检查。      ,@山东环境,@临沂环境,@环保小伙子
费县环境,#我们在行动# 我局固废科联合上冶镇环保办对山东光华纸业集团有限公司进行危废规范化检查@山东环境 @临沂环境 @环保小伙子 ​,6,2,6,2016-05-10 11:34:27,https://weibo.cn/comment/DuRkJowZ6?uid=3803805722&rl=1#cmtfrm,山东联合纸业,,,,@山东环境,@临沂环境,@环保小伙子
衢州质监,【特检的“小泥人”-锅炉的健康卫士】春节过后，市特检中心迎来了电站锅炉与大型余热锅炉内检的高峰期。检验人员克服检验环境差，劳动强度大等不利条件，保质保量完成了江山南方水泥有限公司 5000吨水泥回转窑两台余热锅炉的内部检验，为提高企业用户特种设备的健康水平做出了贡献。@衢州特检 ​,2,0,1,2016-03-02 08:43:34,https://weibo.cn/comment/DklJ6k9sn?uid=3518927655&rl=1#cmtfrm,江山南方水泥,,,,@衢州特检
山东环境,关于博友反映郯城经济开发区污水处理厂监测数据超标的调查处理情况说明】@PECC-YR@山东环境@临沂环境@蔚蓝地图 9月29日，有博友反映郯城经济开发区污水处理厂监测数据超标，此事项在临沂市环保局2016125期、2016126期《自动监控超标快报》已有反映: 9月21日郯城经济开发区污水处理厂氨氮日均值为6.97mg/L，标准值为5mg/L，超标倍数为0.4倍。2016126期《自动监控超标快报》反映: 9月22日郯城经济开发区污水处理厂氨氮日均值为7.44mg/L，标准值为5mg/L，超标倍数为0.5倍。郯城县环保局执法人员先后于2016年9月23日、24日、28日进行了现场调查。经现场核实和向有关人员了解情况，确定企业近期氨氮日均值超标的原因为：自9月13日起，郯城经济开发区污水处理厂进水氨氮远远超过该厂进水氨氮35mg/L的设计标准。进水长时间持续超标超过了企业处理能力，导致近期氨氮日均值超标。因超标原因为进水氨氮长时间持续超标，超过了企业自身处理能力导致，企业按照进水水质超标应急预案的规定，采取了降低进水量，增大曝气等措施提高污水处理能力，力求将环境影响降到最低，所以不予行政处罚，特此说明。                                                                                                   郯城县环保局                                                                                                  2016年9月30日,3,6,7,2016-09-30 17:39:15,https://weibo.cn/comment/EaGkwgrLm?rl=1#cmtfrm,开发区污水处理厂,1,郯城环境,,@山东环境,@临沂环境,@蔚蓝地图,@郯城环境
郯城环境,【关于博友反映郯城经济开发区污水处理厂监测数据超标的调查处理情况说明】@PECC-YR@山东环境@临沂环境@蔚蓝地图 9月29日，有博友反映郯城经济开发区污水处理厂监测数据超标，此事项在临沂市环保局2016125期、2016126期《自动监控超标快报》已有反映: 9月21日郯城经济开发区污水处理厂氨氮日均值为6.97mg/L，标准值为5mg/L，超标倍数为0.4倍。2016126期《自动监控超标快报》反映: 9月22日郯城经济开发区污水处理厂氨氮日均值为7.44mg/L，标准值为5mg/L，超标倍数为0.5倍。郯城县环保局执法人员先后于2016年9月23日、24日、28日进行了现场调查。经现场核实和向有关人员了解情况，确定企业近期氨氮日均值超标的原因为：自9月13日起，郯城经济开发区污水处理厂进水氨氮远远超过该厂进水氨氮35mg/L的设计标准。进水长时间持续超标超过了企业处理能力，导致近期氨氮日均值超标。因超标原因为进水氨氮长时间持续超标，超过了企业自身处理能力导致，企业按照进水水质超标应急预案的规定，采取了降低进水量，增大曝气等措施提高污水处理能力，力求将环境影响降到最低，所以不予行政处罚，特此说明。                                                                                                   郯城县环保局                                                                                                  2016年9月30日,8,6,14,2016-09-30 17:31:57,https://weibo.cn/comment/EaGkwgrLm?uid=3800451391&rl=1#cmtfrm,开发区污水处理厂,,,,@山东环境,@临沂环境,@蔚蓝地图
环保东营,#回音廊#关于网友反映的东营首创污水处理厂化学需氧量在线超标问题已经东营市开发区环保局调查处理。现回复如下，欢迎广大网友监督评议！据查实。该企业4月25日04时COD在线超标数据属于设备故障故障，在线设备公司已及时维护，确保数据传输准确。@霸天虎V5@微言环保 @山东环境 @绿行齐鲁 ​,0,1,7,2016-04-25 16:12:16,https://weibo.cn/comment/DsBK3c70l?uid=1602726821&rl=1#cmtfrm,开发区污水处理厂,,,,@霸天虎V5,@微言环保,@山东环境,@绿行齐鲁
市中环保,环保部就大气污染防治问题约谈济宁等5市政府主要负责同志】4月28日，环境保护部对山西省长治市、安徽省安庆市、山东省济宁市、河南省商丘市、陕西省咸阳市等5地市政府主要负责同志进行约谈，督促地方政府全面贯彻实施《大气污染防治行动计划》，严格落实环境保护有关法定责任。http://t.cn/RqjLMfq ​,2,60,0,2016-04-29 14:03:53,https://weibo.cn/comment/Dta8nsRJE?rl=1#cmtfrm,济宁山水水泥,1,山东环境,转发理由:@济南环保: 企业环境违法问题突出。济宁市济矿民生煤化工公司、山东兖矿国际焦化公司、荣信煤化工公司焦炉尾气无治理设施，兖州市金阳光玻璃制品公司、金乡东兴砖厂等企业均未安装烟气治理设施；济宁山水水泥公司、山东济矿民生热能公司治污设施不正常运行@微博济南@绿之芽@孤独求单@女的超@米斯特_徐      ,@济南环保,@微博济南,@绿之芽,@孤独求单,@女的超,@米斯特_徐
平阴环保,环保部就大气污染防治问题约谈济宁等5市政府主要负责同志】4月28日，环境保护部对山西省长治市、安徽省安庆市、山东省济宁市、河南省商丘市、陕西省咸阳市等5地市政府主要负责同志进行约谈，督促地方政府全面贯彻实施《大气污染防治行动计划》，严格落实环境保护有关法定责任。http://t.cn/RqjLMfq ​,2,60,1,2016-04-29 11:15:24,https://weibo.cn/comment/Dta8nsRJE?rl=1#cmtfrm,济宁山水水泥,1,山东环境,转发理由:@济南环保: 企业环境违法问题突出。济宁市济矿民生煤化工公司、山东兖矿国际焦化公司、荣信煤化工公司焦炉尾气无治理设施，兖州市金阳光玻璃制品公司、金乡东兴砖厂等企业均未安装烟气治理设施；济宁山水水泥公司、山东济矿民生热能公司治污设施不正常运行@微博济南@绿之芽@孤独求单@女的超@米斯特_徐      ,@济南环保,@微博济南,@绿之芽,@孤独求单,@女的超,@米斯特_徐
济南环保,环保部就大气污染防治问题约谈济宁等5市政府主要负责同志】4月28日，环境保护部对山西省长治市、安徽省安庆市、山东省济宁市、河南省商丘市、陕西省咸阳市等5地市政府主要负责同志进行约谈，督促地方政府全面贯彻实施《大气污染防治行动计划》，严格落实环境保护有关法定责任。http://t.cn/RqjLMfq ​,10,60,20,2016-04-29 10:27:33,https://weibo.cn/comment/Dta8nsRJE?rl=1#cmtfrm,济宁山水水泥,1,山东环境,转发理由:企业环境违法问题突出。济宁市济矿民生煤化工公司、山东兖矿国际焦化公司、荣信煤化工公司焦炉尾气无治理设施，兖州市金阳光玻璃制品公司、金乡东兴砖厂等企业均未安装烟气治理设施；济宁山水水泥公司、山东济矿民生热能公司治污设施不正常运行@微博济南@绿之芽@孤独求单@女的超@米斯特_徐      ,@微博济南,@绿之芽,@孤独求单,@女的超,@米斯特_徐
临淄环保,临淄环保分局日常监管随机抽查组对齐鲁伊士曼精细化工有限公司进行全面检查@不浪费2 @淄博环保 @山东环境 @一路向前冲锋不止 @生态梦人 @绿行齐鲁 ​,1,0,0,2016-03-16 10:54:55,https://weibo.cn/comment/Dmuzmnt9U?uid=2710940831&rl=1#cmtfrm,齐鲁伊士曼精细化工,,,,@不浪费2,@淄博环保,@山东环境,@一路向前冲锋不止,@生态梦人,@绿行齐鲁
烟台环境,关于蓬莱市北沟镇综合污水处理厂COD连续超标的情况说明】蓬莱市北沟镇综合污水处理厂负责处理北沟辖区内的工业企业和部分生活污水的处理，2016年12月6日，在线监控平台显示蓬莱市北沟镇综合污水处理厂COD出现超标情况，经蓬莱市环境保护局现场调查，由于该企业砂滤池和斜板沉降池突发故障，污水处理效率下降，造成出口COD浓度超标。蓬莱市环境保护局立即要求企业采取应急措施，对砂滤池和斜板沉降池进行维修，加快系统恢复。在设备维修过程中，由于无法确保污水处理效果，导致污水处理厂近几日连续超标。目前，设备维修已完成，出水水质恢复正常。为了保证污水处理厂进水的稳定性，我市启动了“一企一管”改造计划，将工业区内的企业排污口全部分开管理，安装在线监控设备，目前，工程已经完成了约90%，届时，可提高污水处理厂进口稳定性，保证污水处理厂的正常运行；同时，蓬莱市环境保护局将进一步加大环境监察力度，对重点工业企业做好不定时的夜间抽查检查，防止企业偷排漏排和超标排放。@烟台环境@PECC_LN@山东环境,1,6,10,2016-12-14 18:47:47,https://weibo.cn/comment/Em5jOjwS5?rl=1#cmtfrm,蓬莱市北沟镇综合污水处理厂,1,蓬莱环境,,@烟台环境,@山东环境,@蓬莱环境
烟台环境,关于网友反映蓬莱市北沟镇综合污水处理厂在线监测数据超标情况的调查回复】该企业在线设备2007年投入使用，目前严重老化，经我局监测站多次采样对比监测，在线数据与手工数据偏差较大。2016年10月1日至10月6日凌晨2点期间在线监测设备再次出现故障，COD浓度超标，经企业自测和我局监测站取样监测，实际COD排放浓度能够达标。该企业已与第三方运营单位联系，对在线设备进行维修，10月6日已恢复正常。我局已向该企业下达通知，要求其更换在线监测设备，近期将完成更换。@烟台环境,2,1,7,2016-10-21 17:48:32,https://weibo.cn/comment/EdSeazqKQ?rl=1#cmtfrm,蓬莱市北沟镇综合污水处理厂,1,蓬莱环境,,@烟台环境,@蓬莱环境,@绿色江南公众环境关注中心,@蔚蓝地图,@山东环境
山东环境,关网友举报5.4日东营首创水务在线数据超标的回复：经我局监察支队排查，该现象为三通电磁阀故障，光检盒进液不通畅，数据出现异常，仪器重复出现一个数据，更换电磁阀后，数据恢复正常。@环保东营 ​,4,1,15,2016-05-07 18:24:53,https://weibo.cn/comment/Du8nlatJl?rl=1#cmtfrm,东营首创水务,1,东营开发区环境,转发理由:#互动# 关于网友@大王一杰 反映的东营首创水务在线数据超标的问题，已经@东营开发区环境 调查处理，欢迎网友监督评议。      ,@环保东营,@大王一杰,@东营开发区环境
溧水环保,@蔚蓝地图 尊敬的网友：您反映的“江苏省国家重点监控企业自行监测信息发布平台显示，溧水天山水泥有限公司烟尘浓度出现超标现象”，我局高度重视，立即安排人员进行调查，现将相关情况答复如下：经查，由于近期连续下雨，河道水位过高，该公司燃料及产品无法通过船只运输，于7月2日下午6点已停产至今。7月3日，该公司向我局及南京市环保局在线管理部门报备了停产报告，南京市污染源自动监控系统中已显示其为“停产”状态，但江苏省国家重点监控企业自行监测信息发布平台未显示其停产状态。停产过程中，所监测气体里的氧含量基本等同于空气中氧含量（21%），因此折算系数很大，这便极易造成实测浓度较低而平台显示的折算浓度超标的现象。对此，我局要求该公司应协调在线运营单位，及时在相关平台备注其生产状态，同时做好停产期间环境管理工作，恢复生产时需提前向我局及上级有关部门报备。感谢您对环保工作的关注和理解！,2,2,40,2016-07-08 09:49:42,https://weibo.cn/comment/DDORvkJO8?uid=5091201195&rl=1#cmtfrm,溧水天山水泥,,,,@蔚蓝地图
溧水环保,@蔚蓝地图 尊敬的网友：您反映的“江苏省国家重点监控企业自行监测信息发布平台显示，溧水天山水泥有限公司烟尘浓度出现超标现象”，我局高度重视，立即安排人员进行调查，现将相关情况答复如下：经查，由于近期连续下雨，河道水位过高，该公司燃料及产品无法通过船只运输，于7月2日下午6点已停产至今。7月3日，该公司向我局及南京市环保局在线管理部门报备了停产报告，南京市污染源自动监控系统中已显示其为“停产”状态，但江苏省国家重点监控企业自行监测信息发布平台未显示其停产状态。停产过程中，所监测气体里的氧含量基本等同于空气中氧含量（21%），因此折算系数很大，这便极易造成实测浓度较低而平台显示的折算浓度超标的现象。对此，我局要求该公司应协调在线运营单位，及时在相关平台备注其生产状态，同时做好停产期间环境管理工作，恢复生产时需提前向我局及上级有关部门报备。感谢您对环保工作的关注和理解！,2,2,40,2016-07-08 09:49:42,https://weibo.cn/comment/DDORvkJO8?uid=5091201195&rl=1#cmtfrm,溧水天山水泥,,,,@蔚蓝地图
山东环境,于隆盛钢铁热电厂和宏达热电在线监测数据超标查处情况的报告 关于隆盛钢铁热电厂和宏达热电在线监测数据超标查处情况的报告@山东环境 @宁静的阳光@蔚蓝地图 ​,3,3,5,2016-02-03 15:57:28,https://weibo.cn/comment/Dg8A1gdMq?rl=1#cmtfrm,山东隆盛钢铁,1,淄博环保,,@山东环境,@宁静的阳光,@蔚蓝地图,@宁静的阳光,@临淄环保
山东环境,回音壁#网友@米斯特-徐 反映“1月17号17点蔚蓝地图的在线监测数据显示山东隆盛钢铁有限公司热电厂的二氧化硫排放超标”。临淄环境监察大队前往现场调查处理，该公司热电北厂6号炉脱硫塔脱硫泵盘根损坏漏水严重，需进行停泵检修，并于18:00恢复正常...（详见长微博）@山东环境@蔚蓝地图@米斯特-徐 ​,4,3,5,2016-01-19 10:17:18,https://weibo.cn/comment/DdOQshxrb?rl=1#cmtfrm,山东隆盛钢铁,1,淄博环保,转发理由:#互动#关于网友@米斯特-徐 反映的1月17号17点蔚蓝地图的在线监测数据显示山东隆盛钢铁有限公司热电厂的二氧化硫排放超标的问题，已经@临淄环保 调查处理。欢迎网友监督评议。      ,@米斯特-徐,@山东环境,@蔚蓝地图,@米斯特-徐,@米斯特-徐,@临淄环保
淄博环保,#回音壁#网友@米斯特-徐 反映“1月17号17点蔚蓝地图的在线监测数据显示山东隆盛钢铁有限公司热电厂的二氧化硫排放超标”。临淄环境监察大队前往现场调查处理，该公司热电北厂6号炉脱硫塔脱硫泵盘根损坏漏水严重，需进行停泵检修，并于18:00恢复正常...（详见长微博）@山东环境@蔚蓝地图@米斯特-徐 ​,0,3,7,2016-01-19 09:59:13,https://weibo.cn/comment/DdOQshxrb?uid=3114085181&rl=1#cmtfrm,山东隆盛钢铁,,,,@米斯特-徐,@山东环境,@蔚蓝地图,@米斯特-徐
临沂环境,#六五环境日##我们在行动#【环保日开启那些“神秘”部门】6月5日是世界环境日，为响应环保部“环保设施要向公众开放 ”的通知，在“纪念6·5世界环境日暨安利环保嘉年华”开幕仪式结束后，临沂市环保局组织了临沂本地微博大V以及从事不同行业的市民，走进临沂首创水务以及环境空气自动监测站。@山东环境 @微言环保 @中国环境新闻 http://t.cn/R5tHy65,51,24,47,2016-06-06 11:16:12,https://weibo.cn/comment/DyXKJpZrt?uid=3600956903&rl=1#cmtfrm,临沂首创水务,,,,@山东环境,@微言环保,@中国环境新闻
临沂环境,#六五环境日##我们在行动#【环保日开启那些“神秘”部门】6月5日是世界环境日，为响应环保部“环保设施要向公众开放 ”的通知，在“纪念6·5世界环境日暨安利环保嘉年华”开幕仪式结束后，临沂市环保局组织了临沂本地微博大V以及从事不同行业的市民，走进临沂首创水务以及环境空气自动监测站。@山东环境 @微言环保 @中国环境新闻 http://t.cn/R5tHy65,51,24,47,2016-06-06 11:16:12,https://weibo.cn/comment/DyXKJpZrt?uid=3600956903&rl=1#cmtfrm,临沂首创水务,,,,@山东环境,@微言环保,@中国环境新闻
山东环境,回音#【关于“淄博市傅山焦化有限责任公司在线数据超标”的回复】经查，淄博市傅山焦化有限责任公司2016年4月29日14:00在线监测数据二氧化硫超标，该公司在线监测数据处于调试运行阶段，查看在线监测数据不显示，投诉人所截图超标数据无法对当天日均值超…(详见下图) @山东环境 http://t.cn/Rq3movS ​,2,2,3,2016-05-10 14:34:40,https://weibo.cn/comment/DuSuZ3PJZ?rl=1#cmtfrm,淄博市傅山焦化,1,淄博环保,转发理由:#互动#关于网友@宁静的阳光 反映淄博市傅山焦化有限责任公司在线数据超标的问题，已经@淄博高新区环保局 调查处理。欢迎网友监督评议。      ,@山东环境,@宁静的阳光,@淄博高新区环保局
山东环境,回音#         网友反映“淄博鑫港燃气有限公司”和“淄博市傅山焦化有限责任公司”在线数据超标，高新区环保局立即进行现场调查。        经查，淄博鑫港燃气有限公司2016年4月14日在线监测数据二氧化硫超标，该公司表示是因为淄博市在线监控中心对烟气在线设备没有进行验收，就直接将数据上传造成的。执法人员责令公司负责人及时联系市监控中心进行验收；原有的脱硫设施达不到现在的排放标准，必须再建新的烟气脱硫设施。现该公司的污染治理设施正在招标中。        淄博市傅山焦化有限责任公司2016年4月14日在线监测数据二氧化硫超标，一是该公司焦炉长期低负荷运行造成串漏；二是由于2015年山东省大气污染物排放标准提标后，焦化行业SO2排放标准由原来的200㎎/m³直接提升至50㎎/m³以下，原有的脱硫设施达不到现在的排放标准，必须再建新的烟气脱硫设施。高新区环保局工作人员多次对该企业进行监察，要求该公司积极考察建设改进焦炉烟气脱硫技术设施，督促其污染设施尽快开工建设，同时加强焦炉维护检修，确保污染物稳定达标排放。        针对淄博市傅山焦化有限责任公司和淄博鑫港燃气有限公司在线数据超标问题，由淄博市环境监察支队分别对上述两家公司作出行政处罚。高新区环保局要求该公司针对超标问题认真分析原因，制定有效应急措施，加强现场管理，杜绝类似现象发生，确保在线数据稳定达标排放。淄博高新技术产业开发区环境保护局                             2016年4月15日,1,2,7,2016-04-15 14:36:12,https://weibo.cn/comment/Dr4NmyEV5?rl=1#cmtfrm,淄博市傅山焦化,1,淄博环保,,@宁静的阳光,@淄博高新区环保局
山东环境,回音#网友@宁静的阳光 反映“淄博鑫港燃气有限公司和淄博市傅山焦化有限责任公司在线数据超标”，高新区环保局高度重视，立即进行现场调查。经查，淄博鑫港燃气有限公司2016年3月28日、29日在线监测数据二氧化硫超标，该公司表示是因为淄博市在线监控中心对烟气在线设备没有进行验收，就直接将数据上传造成的...（详见长微博）@山东环境 @宁静的阳光,5,9,7,2016-04-06 15:18:18,https://weibo.cn/comment/DpIfUeuf8?rl=1#cmtfrm,淄博市傅山焦化,1,淄博环保,转发理由:#互动#网友@宁静的阳光 反映淄博鑫港燃气有限公司和淄博市傅山焦化有限责任公司在线数据超标问题，已经@淄博高新区环保局 调查处理。欢迎网友监督评议。      ,@宁静的阳光,@山东环境,@宁静的阳光,@宁静的阳光,@淄博高新区环保局
淄博环保,#回音#网友@宁静的阳光 反映“淄博鑫港燃气有限公司和淄博市傅山焦化有限责任公司在线数据超标”，高新区环保局高度重视，立即进行现场调查。经查，淄博鑫港燃气有限公司2016年3月28日、29日在线监测数据二氧化硫超标，该公司表示是因为淄博市在线监控中心对烟气在线设备没有进行验收，就直接将数据上传造成的...（详见长微博）@山东环境 @宁静的阳光,6,9,10,2016-04-06 15:16:20,https://weibo.cn/comment/DpIfUeuf8?uid=3114085181&rl=1#cmtfrm,淄博市傅山焦化,,,,@宁静的阳光,@山东环境,@宁静的阳光
山东环境,回音#        网友@宁静的阳光 反映“淄博市傅山焦化有限责任公司和淄博鑫港燃气有限公司在线数据超标”。       经高新区环保局调查， 淄博鑫港燃气有限公司2016年3月15日、16日在线监测数据二氧化硫超标，该公司表示是因为淄博市在线监控中心对烟气在线设备没有进行验收，就直接将数据上传造成的。执法人员责令公司负责人及时联系市监控中心进行验收。        淄博市傅山焦化有限责任公司2016年3月15日、16日在线监测数据二氧化硫超标，是该公司焦炉长期低负荷运行造成串漏导致。责令该公司采取必要措施，加强焦炉维护检修，杜绝再次出现超标问题。       针对淄博鑫港燃气有限公司和淄博市傅山焦化有限责任公司在线数据二氧化硫超标问题，高新区环保局严格按照相关法律法规对日均值超标情况作出相应行政处罚，同时要求该公司针对超标问题认真分析原因，制定有效应急措施，加强现场管理，杜绝类似现象发生，确保在线数据稳定达标排放。淄博高新技术产业开发区环境保护局                            2016年3月17日,4,6,11,2016-03-17 17:11:44,https://weibo.cn/comment/DmGmx0370?rl=1#cmtfrm,淄博市傅山焦化,1,淄博环保,,@宁静的阳光,@宁静的阳光,@淄博高新区环保局
环保东营,#回音廊#关于网友反映的垦利县利河污水处理有限公司COD在线超标的回复。据查，该企业4月17日06时COD 超标属于设备故障数据，现设备已正常。@山东环境 @大王一杰 ​,0,1,9,2016-04-20 09:19:10,https://weibo.cn/comment/DrNTSBRQk?uid=1602726821&rl=1#cmtfrm,垦利县利河污水处理,,,,@山东环境,@大王一杰
山东环境,回音廊#关于网友反映的垦利县利河污水处理有限公司COD在线超标的回复。据查，该企业4月17日06时COD 超标属于设备故障数据，现设备已正常。@山东环境 @大王一杰 ​,2,1,7,2016-04-20 09:24:47,https://weibo.cn/comment/DrNTSBRQk?rl=1#cmtfrm,垦利县利河污水处理,1,环保东营,转发理由:#互动#关于网友@大王一杰 反映垦利县利河污水处理有限公司COD在线超标的问题，已经@环保东营 调查处理。欢迎网友监督评议。      ,@山东环境,@大王一杰,@大王一杰,@环保东营
环保东营,#回音廊#关于网友反映的垦利县利河污水处理有限公司COD在线超标的回复。据查，该企业4月17日06时COD 超标属于设备故障数据，现设备已正常。@山东环境 @大王一杰 ​,0,1,9,2016-04-20 09:19:10,https://weibo.cn/comment/DrNTSBRQk?uid=1602726821&rl=1#cmtfrm,垦利县利河污水处理,,,,@山东环境,@大王一杰
萍乡发布,#萍乡新闻#【萍乡这四家企业因环保问题被约谈！】7月27日，市环保局针对江西省正大陶瓷有限公司、萍乡市众大高新材料有限公司、中材萍乡水泥有限公司、萍乡矿业集团有限责任公司安源电厂存在的突出环保问题，约谈上述四家企业的负责人，要求其切实履行环保职责，采取强有力的措施，对存在的问题及时予以整改，限期解决环境污染问题。约谈由市环保局副局长胡文政主持，由市环保局副局长贺小清进行问话。详情如下@萍乡市环境保护局 @江西日报 @江西发布,1,0,0,2016-08-01 15:23:03,https://weibo.cn/comment/E1xQph98J?uid=3917937138&rl=1#cmtfrm,萍乡矿业集团,,,,@萍乡市环境保护局,@江西日报,@江西发布
环保东营,#回音廊#关于网友@大王一杰反映的万达热电有限公司二氧化硫在线超标的回复。据查，该企业4月18日18时二氧化硫在线超标数据属于瞬时值超标，不作为处罚依据。@大王一杰@山东环境@绿行齐鲁@常山蛇1 ​,1,3,9,2016-04-20 08:58:48,https://weibo.cn/comment/DrNLCg67M?uid=1602726821&rl=1#cmtfrm,山东万达热电,,,,@大王一杰反映的万达热电有限公司二氧化硫在线超标的回复,@大王一杰,@山东环境,@绿行齐鲁,@常山蛇1
李沧环保,关于青岛碱业发展有限公司烟气二氧化硫超标的情况说明@青岛环保 @寻找清新的呼吸 ​,2,6,2,2016-01-18 18:10:29,https://weibo.cn/comment/DdIDmwutM?uid=2205662981&rl=1#cmtfrm,青岛碱业发展,,,,@青岛环保,@寻找清新的呼吸
青岛环保,搬出新天地：青岛碱业关停】2015年12月31日，位于李沧区四流北路78号的青岛碱业老厂区正式关停，这家57岁的老牌化工企业又迈出了重要一步！根据青岛市环保搬迁的总体规划，青碱将分别在平度新河园区、董家口临港产业区实现“二次创业”。@山东环境 @中国环境新闻 @巴松狼王 @生态梦人 @公众环境马军 ​,0,13,3,2016-01-03 12:45:39,https://weibo.cn/comment/Dbp1LEO2b?rl=1#cmtfrm,青岛碱业发展,1,青岛环保,转发理由:未来青碱将进入“两翼并进”发展新格局。在平度新河园区，将重点规划发展与区域产业配套性强、附加值高、环境友好型的无机化工和农资产业；在黄岛董家口临港产业区，青岛碱业充分发挥临港和液体化工码头优势，着力发展化工新材料产品，打造高端的新材料产业基地。      ,@山东环境,@中国环境新闻,@巴松狼王,@生态梦人,@公众环境马军
山东环境,于隆盛钢铁热电厂和宏达热电在线监测数据超标查处情况的报告 关于隆盛钢铁热电厂和宏达热电在线监测数据超标查处情况的报告@山东环境 @宁静的阳光@蔚蓝地图 ​,3,3,5,2016-02-03 15:57:28,https://weibo.cn/comment/Dg8A1gdMq?rl=1#cmtfrm,淄博宏达钢铁,1,淄博环保,,@山东环境,@宁静的阳光,@蔚蓝地图,@宁静的阳光,@临淄环保
济阳环保,"照市局指示,市中区环保局执法人员对山东水泥厂重污染天气应急减排开展夜查。 ​",1,2,0,2016-12-23 16:54:20,https://weibo.cn/comment/EnqEhmHa8?rl=1#cmtfrm,山东水泥厂,1,市中环保,"转发理由:#抗霾保卫战# #环保工作动态# 按照市局指示,市中区环保局执法人员对山东水泥厂重污染天气应急减排开展夜查。@生态梦人 @豫鲁风骨 @微博济南 @山东环境 @多多小五月 @拨云见晴空 @绿之芽      ",@生态梦人,@豫鲁风骨,@微博济南,@山东环境,@多多小五月,@拨云见晴空,@绿之芽
济南环保,"照市局指示,市中区环保局执法人员对山东水泥厂重污染天气应急减排开展夜查。 ​",7,2,7,2016-12-23 16:34:09,https://weibo.cn/comment/EnqEhmHa8?rl=1#cmtfrm,山东水泥厂,1,市中环保,"转发理由:#抗霾保卫战# #环保工作动态# 按照市局指示,市中区环保局执法人员对山东水泥厂重污染天气应急减排开展夜查。@生态梦人 @豫鲁风骨 @微博济南 @山东环境 @多多小五月 @拨云见晴空 @绿之芽      ",@生态梦人,@豫鲁风骨,@微博济南,@山东环境,@多多小五月,@拨云见晴空,@绿之芽
济阳环保,法人员对山东水泥厂进行在线比对监测 ​,1,4,0,2016-10-25 14:33:36,https://weibo.cn/comment/Eesj3EFxi?rl=1#cmtfrm,山东水泥厂,1,市中环保,转发理由:市中区执法人员对山东水泥厂进行在线比对监测@山东环境 @生态梦人 @微博济南@绿之芽      ,@山东环境,@生态梦人,@微博济南,@绿之芽
济南环保,法人员对山东水泥厂进行在线比对监测 ​,10,4,14,2016-10-25 13:14:37,https://weibo.cn/comment/Eesj3EFxi?rl=1#cmtfrm,山东水泥厂,1,市中环保,转发理由:市中区执法人员对山东水泥厂进行在线比对监测@山东环境 @生态梦人 @微博济南@绿之芽      ,@山东环境,@生态梦人,@微博济南,@绿之芽
市中环保,法人员对山东水泥厂国控重点大气污染源比对监测@济南环保 ​,0,5,0,2016-08-03 13:16:23,https://weibo.cn/comment/E1K5xggGS?rl=1#cmtfrm,山东水泥厂,1,市中环保,转发理由:执法人员对山东水泥厂国控重点大气污染源比对监测 //@济南环保:#环保工作动态#  执法人员对山东水泥厂国控重点大气污染源比对监测@山东环境 @生态梦人 @豫鲁风骨 @拨云见晴空 @绿之芽 @abc云水禅心      ,@济南环保,@济南环保,@山东环境,@生态梦人,@豫鲁风骨,@拨云见晴空,@绿之芽
济南环保,法人员对山东水泥厂国控重点大气污染源比对监测@济南环保 ​,10,5,27,2016-08-03 10:51:32,https://weibo.cn/comment/E1K5xggGS?rl=1#cmtfrm,山东水泥厂,1,市中环保,转发理由:#环保工作动态#  执法人员对山东水泥厂国控重点大气污染源比对监测@山东环境 @生态梦人 @豫鲁风骨 @拨云见晴空 @绿之芽 @abc云水禅心      ,@济南环保,@山东环境,@生态梦人,@豫鲁风骨,@拨云见晴空,@绿之芽
威海环境,于网友反映威海新力热电有限公司在线监测数据超标问题的回复@威海环境@蔚蓝地图@山东空气观察团 ​,1,1,14,2016-03-09 11:34:47,https://weibo.cn/comment/DlqAkuMd2?rl=1#cmtfrm,威海新力热电,1,威海市环境监控中心,转发理由:#威环说事# 【微回复】关于网友反映威海新力热电有限公司在线监测数据超标问题的回复      ,@威海环境,@蔚蓝地图,@山东空气观察团
青岛环保,心网友，你好！ 关于你对青岛永昌因特皮革有限公司的投诉已收悉，青岛永昌因特皮革有限公司位于莱西市深圳南路200号，主要产品是皮革鞣制，属重点企业。对于你反映的情况我局展开了 ...(发自@微博桌面 微博桌面首页） ​,2,1,14,2016-03-07 15:23:37,https://weibo.cn/comment/Dl9qkwwEB?rl=1#cmtfrm,青岛永昌因特皮革,1,莱西环保,转发理由:#回音#@永启2011 反映的青岛永昌因特皮革有限公司3日14时在线数据超标的查处情况。//@莱西环保: @青岛环保      ,@微博桌面,@永启2011,@莱西环保,@青岛环保
山东环境,回音#网友反映“2016年1月31日淄博鑫胜热电有限公司在线监测二氧化硫数据超标”，淄川区环保局立即对该企业进行调查，现将调查情况公布如下：鑫胜热电有限公司现有7台循环流化床锅炉，配套5台汽轮发电机组，其中1-5#锅炉为75t/h，6-7#锅炉为130t/h，锅炉总蒸发...（详见长微博）@山东环境@蔚蓝地图 ​,2,1,2,2016-02-02 11:21:55,https://weibo.cn/comment/DfXlC0HOL?rl=1#cmtfrm,淄博鑫胜热电,1,淄博环保,转发理由:#互动#关于网友反映淄博鑫胜热电有限公司二氧化硫在线监测数据超标的问题，已经@淄川环保官博 调查处理，欢迎网友监督评议。      ,@山东环境,@蔚蓝地图,@淄川环保官博
淄博环保,#回音#网友反映“2016年1月31日淄博鑫胜热电有限公司在线监测二氧化硫数据超标”，淄川区环保局立即对该企业进行调查，现将调查情况公布如下：鑫胜热电有限公司现有7台循环流化床锅炉，配套5台汽轮发电机组，其中1-5#锅炉为75t/h，6-7#锅炉为130t/h，锅炉总蒸发...（详见长微博）@山东环境@蔚蓝地图 ​,1,1,3,2016-02-02 11:18:33,https://weibo.cn/comment/DfXlC0HOL?uid=3114085181&rl=1#cmtfrm,淄博鑫胜热电,,,,@山东环境,@蔚蓝地图
山东环境,回音壁#关于网友反映的垦利惠能热电有限公司二氧化硫超标的回复。经查，该企业5月9日二氧化硫在线数据因设备脱硫故障超标，二氧化硫在线日均值为203，标准值为200，判定为日均值超标。日均值超标即可作为企业超标处罚依据，依法对该企业进行处罚。@蔚蓝地图@大王一杰@山东环境@微言环保 ​,3,2,5,2016-05-11 15:01:34,https://weibo.cn/comment/Dv26tzRLT?rl=1#cmtfrm,垦利惠能热电,1,环保东营,,@蔚蓝地图,@大王一杰,@山东环境,@微言环保,@大王一杰,@环保东营
环保东营,#回音壁#关于网友反映的垦利惠能热电有限公司二氧化硫超标的回复。经查，该企业5月9日二氧化硫在线数据因设备脱硫故障超标，二氧化硫在线日均值为203，标准值为200，判定为日均值超标。日均值超标即可作为企业超标处罚依据，依法对该企业进行处罚。@蔚蓝地图@大王一杰@山东环境@微言环保 ​,0,2,7,2016-05-11 14:59:34,https://weibo.cn/comment/Dv26tzRLT?uid=1602726821&rl=1#cmtfrm,垦利惠能热电,,,,@蔚蓝地图,@大王一杰,@山东环境,@微言环保
乐陵环境,省会城市群大气污染防治##环保在行动#为巩固联动执法成果，确保环境问题整改到位、违法行为处理到位，27日，省环保厅2016年省会城市群冬季大气污染执法联动行动督导组，先后到济南热电有限公司金鸡岭热电厂、济南庚辰钢铁有限公司进行检查，对省会城市群7市执法联动行动进行后督察。 ​,0,13,0,2016-12-28 19:36:47,https://weibo.cn/comment/Eoa9JsZ3E?rl=1#cmtfrm,济南庚辰钢铁,1,山东环境,转发理由:为巩固联动执法成果，确保环境问题整改到位、违法行为处理到位，27日，省厅2016年省会城市群冬季大气污染执法联动行动督导组先后到济南热电有限公司金鸡岭热电厂、庚辰钢铁有限公司进行检查，对省会城市群7市执法联动行动进行后督察@微博济南@生态梦人 @绿之芽@公众环境马军 @abc云水禅心      ,@微博济南,@生态梦人,@绿之芽,@公众环境马军
济阳环保,省会城市群大气污染防治##环保在行动#为巩固联动执法成果，确保环境问题整改到位、违法行为处理到位，27日，省环保厅2016年省会城市群冬季大气污染执法联动行动督导组，先后到济南热电有限公司金鸡岭热电厂、济南庚辰钢铁有限公司进行检查，对省会城市群7市执法联动行动进行后督察。 ​,1,13,0,2016-12-28 11:09:05,https://weibo.cn/comment/Eoa9JsZ3E?rl=1#cmtfrm,济南庚辰钢铁,1,山东环境,转发理由:#环保在行动#为巩固联动执法成果，确保环境问题整改到位、违法行为处理到位，27日，省厅2016年省会城市群冬季大气污染执法联动行动督导组先后到济南热电有限公司金鸡岭热电厂、庚辰钢铁有限公司进行检查，对省会城市群7市执法联动行动进行后督察@微博济南@生态梦人 @绿之芽@公众环境马军 @abc云水禅心      ,@微博济南,@生态梦人,@绿之芽,@公众环境马军
市中环保,省会城市群大气污染防治##环保在行动#为巩固联动执法成果，确保环境问题整改到位、违法行为处理到位，27日，省环保厅2016年省会城市群冬季大气污染执法联动行动督导组，先后到济南热电有限公司金鸡岭热电厂、济南庚辰钢铁有限公司进行检查，对省会城市群7市执法联动行动进行后督察。 ​,1,13,0,2016-12-28 10:02:19,https://weibo.cn/comment/Eoa9JsZ3E?rl=1#cmtfrm,济南庚辰钢铁,1,山东环境,转发理由:#环保在行动#为巩固联动执法成果，确保环境问题整改到位、违法行为处理到位，27日，省厅2016年省会城市群冬季大气污染执法联动行动督导组先后到济南热电有限公司金鸡岭热电厂、庚辰钢铁有限公司进行检查，对省会城市群7市执法联动行动进行后督察@微博济南@生态梦人 @绿之芽@公众环境马军 @abc云水禅心      ,@微博济南,@生态梦人,@绿之芽,@公众环境马军
济南环保,省会城市群大气污染防治##环保在行动#为巩固联动执法成果，确保环境问题整改到位、违法行为处理到位，27日，省环保厅2016年省会城市群冬季大气污染执法联动行动督导组，先后到济南热电有限公司金鸡岭热电厂、济南庚辰钢铁有限公司进行检查，对省会城市群7市执法联动行动进行后督察。 ​,8,13,20,2016-12-28 09:38:35,https://weibo.cn/comment/Eoa9JsZ3E?rl=1#cmtfrm,济南庚辰钢铁,1,山东环境,转发理由:#环保在行动#为巩固联动执法成果，确保环境问题整改到位、违法行为处理到位，27日，省厅2016年省会城市群冬季大气污染执法联动行动督导组先后到济南热电有限公司金鸡岭热电厂、庚辰钢铁有限公司进行检查，对省会城市群7市执法联动行动进行后督察@微博济南@生态梦人 @绿之芽@公众环境马军 @abc云水禅心      ,@微博济南,@生态梦人,@绿之芽,@公众环境马军
山东环境,回声台#安装在线的两个烧结机整个一月份停产，企业停产报告已经报历城环保局了，并转发给监控中心一份，网友截取的是安装在线的两个烧结机状态，目前庚辰运营的是易地大修后的烧结机@山东环境 @济南12345 @蔚蓝地图 @SUPERVOLENTINO 回声台 ​,4,3,9,2016-01-05 09:50:04,https://weibo.cn/comment/DbGLLdo6T?rl=1#cmtfrm,济南庚辰钢铁,1,济南环保,,@山东环境,@济南12345,@蔚蓝地图,@济南环保
滕州环保,来看，华电滕州新源热电小伙们的绿色骑行活动吧，很多企业的都不断开展绿色环保宣传活动，环境宣传已渐渐不再是官方的口号和宣讲，越来越成为社会的共行和共识了[鼓掌][鼓掌][鼓掌]@枣庄环保 @生态梦人 @山东环境 @滕州发布 ​,0,1,0,2016-06-08 14:08:58,https://weibo.cn/comment/DzhJQkk59?uid=3771166944&rl=1#cmtfrm,华电滕州新源热电,,,,@枣庄环保,@生态梦人,@山东环境,@滕州发布
济阳环保,山东：监测数据造假 莘县一公司被查处】省环保厅日前通报了莘县深港环保工程技术有限公司自动监测数据造假案。目前，@聊城莘县环境  依据《水污染防治法》第七十条规定，对该公司处以顶格罚款，@莘县公安 依据《环境保护法》第六十三条规定，对造假实施者王某行政拘留15日。监测数据造假莘县一公司被查处 ​,1,8,0,2016-12-28 11:13:18,https://weibo.cn/comment/Eo9CA4Qwb?rl=1#cmtfrm,上实环境城西（潍坊）污水处理,1,山东环境,转发理由:近年来，山东始终对监测数据造假持零容忍态度，严厉打击污染源自动监测数据弄虚作假违法行为。今年以来，省环保厅共查处4家造假企业，分别是巨野县三达水务有限公司、日照城市排水有限责任公司、上实环境城西(潍坊)污水处理有限公司和莘县深港环保工程技术有限公司。@微博济南@生态梦人 @绿之芽      ,@聊城莘县环境,@莘县公安,@微博济南,@生态梦人,@绿之芽
市中环保,山东：监测数据造假 莘县一公司被查处】省环保厅日前通报了莘县深港环保工程技术有限公司自动监测数据造假案。目前，@聊城莘县环境  依据《水污染防治法》第七十条规定，对该公司处以顶格罚款，@莘县公安 依据《环境保护法》第六十三条规定，对造假实施者王某行政拘留15日。监测数据造假莘县一公司被查处 ​,1,8,0,2016-12-28 10:01:13,https://weibo.cn/comment/Eo9CA4Qwb?rl=1#cmtfrm,上实环境城西（潍坊）污水处理,1,山东环境,转发理由:近年来，山东始终对监测数据造假持零容忍态度，严厉打击污染源自动监测数据弄虚作假违法行为。今年以来，省环保厅共查处4家造假企业，分别是巨野县三达水务有限公司、日照城市排水有限责任公司、上实环境城西(潍坊)污水处理有限公司和莘县深港环保工程技术有限公司。@微博济南@生态梦人 @绿之芽      ,@聊城莘县环境,@莘县公安,@微博济南,@生态梦人,@绿之芽
济南环保,山东：监测数据造假 莘县一公司被查处】省环保厅日前通报了莘县深港环保工程技术有限公司自动监测数据造假案。目前，@聊城莘县环境  依据《水污染防治法》第七十条规定，对该公司处以顶格罚款，@莘县公安 依据《环境保护法》第六十三条规定，对造假实施者王某行政拘留15日。监测数据造假莘县一公司被查处 ​,9,8,8,2016-12-28 09:11:07,https://weibo.cn/comment/Eo9CA4Qwb?rl=1#cmtfrm,上实环境城西（潍坊）污水处理,1,山东环境,转发理由:近年来，山东始终对监测数据造假持零容忍态度，严厉打击污染源自动监测数据弄虚作假违法行为。今年以来，省环保厅共查处4家造假企业，分别是巨野县三达水务有限公司、日照城市排水有限责任公司、上实环境城西(潍坊)污水处理有限公司和莘县深港环保工程技术有限公司。@微博济南@生态梦人 @绿之芽      ,@聊城莘县环境,@莘县公安,@微博济南,@生态梦人,@绿之芽
济阳环保,山东：监测数据造假 莘县一公司被查处】省环保厅日前通报了莘县深港环保工程技术有限公司自动监测数据造假案。目前，@聊城莘县环境  依据《水污染防治法》第七十条规定，对该公司处以顶格罚款，@莘县公安 依据《环境保护法》第六十三条规定，对造假实施者王某行政拘留15日。监测数据造假莘县一公司被查处 ​,1,8,0,2016-12-28 11:13:18,https://weibo.cn/comment/Eo9CA4Qwb?rl=1#cmtfrm,莘县深港环保工程技术,1,山东环境,转发理由:近年来，山东始终对监测数据造假持零容忍态度，严厉打击污染源自动监测数据弄虚作假违法行为。今年以来，省环保厅共查处4家造假企业，分别是巨野县三达水务有限公司、日照城市排水有限责任公司、上实环境城西(潍坊)污水处理有限公司和莘县深港环保工程技术有限公司。@微博济南@生态梦人 @绿之芽      ,@聊城莘县环境,@莘县公安,@微博济南,@生态梦人,@绿之芽
市中环保,山东：监测数据造假 莘县一公司被查处】省环保厅日前通报了莘县深港环保工程技术有限公司自动监测数据造假案。目前，@聊城莘县环境  依据《水污染防治法》第七十条规定，对该公司处以顶格罚款，@莘县公安 依据《环境保护法》第六十三条规定，对造假实施者王某行政拘留15日。监测数据造假莘县一公司被查处 ​,1,8,0,2016-12-28 10:01:13,https://weibo.cn/comment/Eo9CA4Qwb?rl=1#cmtfrm,莘县深港环保工程技术,1,山东环境,转发理由:近年来，山东始终对监测数据造假持零容忍态度，严厉打击污染源自动监测数据弄虚作假违法行为。今年以来，省环保厅共查处4家造假企业，分别是巨野县三达水务有限公司、日照城市排水有限责任公司、上实环境城西(潍坊)污水处理有限公司和莘县深港环保工程技术有限公司。@微博济南@生态梦人 @绿之芽      ,@聊城莘县环境,@莘县公安,@微博济南,@生态梦人,@绿之芽
济南环保,山东：监测数据造假 莘县一公司被查处】省环保厅日前通报了莘县深港环保工程技术有限公司自动监测数据造假案。目前，@聊城莘县环境  依据《水污染防治法》第七十条规定，对该公司处以顶格罚款，@莘县公安 依据《环境保护法》第六十三条规定，对造假实施者王某行政拘留15日。监测数据造假莘县一公司被查处 ​,9,8,8,2016-12-28 09:11:07,https://weibo.cn/comment/Eo9CA4Qwb?rl=1#cmtfrm,莘县深港环保工程技术,1,山东环境,转发理由:近年来，山东始终对监测数据造假持零容忍态度，严厉打击污染源自动监测数据弄虚作假违法行为。今年以来，省环保厅共查处4家造假企业，分别是巨野县三达水务有限公司、日照城市排水有限责任公司、上实环境城西(潍坊)污水处理有限公司和莘县深港环保工程技术有限公司。@微博济南@生态梦人 @绿之芽      ,@聊城莘县环境,@莘县公安,@微博济南,@生态梦人,@绿之芽
费县环境,#我们在行动# 建设项目检查费城组和环保办，对费县沂州水泥有限公司建设项目生产线情况进行现场检査。@临沂环境 @环保小伙子 ​,1,1,3,2016-07-06 15:41:11,https://weibo.cn/comment/DDyjbubx0?uid=3803805722&rl=1#cmtfrm,费县沂州水泥,,,,@临沂环境,@环保小伙子
费县环境,#我们在行动# 我局环境保护监测站监测人员在费县沂州水泥现场监测。PS：俩环保监测小伙终于露正脸啦[围观][围观][围观]@山东环境 @临沂环境 @环保小伙子 ​,6,6,10,2016-05-17 11:56:04,https://weibo.cn/comment/DvVsYuqoK?uid=3803805722&rl=1#cmtfrm,费县沂州水泥,,,,@山东环境,@临沂环境,@环保小伙子
湛江供电,#国家宪法日#  【电力法律法规，您知道多少？】12月2日，湛江供电局在湛江市海滨公园内，协办湛江市2016“12.4”国家宪法日暨全国法制宣传日宣传活动。主要宣传电力法、电力设施保护条例等电力行业法律法规，呼吁市民一起来保护电力设施，同时，发放宣传小册子以及为市民答疑，活动现场热火朝天，前来咨询的市民络绎不绝。现在让小编带大家去感受一下活动的现场吧。@南网50Hz @广东电网 @新浪广东湛江 @乐游湛江 @国资小新 @湛江日报,5,2,2,2016-12-02 13:27:43,https://weibo.cn/comment/EkeEFrCy8?uid=3222053164&rl=1#cmtfrm,湛江电力,,,,@南网50Hz,@广东电网,@新浪广东湛江,@乐游湛江,@国资小新,@湛江日报
山东环境,聊城环境 @山东环境 @绿行齐鲁 @生态梦人 @公众环境马军@蔚蓝地图 ​,5,4,6,2016-05-04 11:56:28,https://weibo.cn/comment/DtWz3alO8?rl=1#cmtfrm,山东信发华源铝业,1,茌平环境,转发理由:#互动#【关于山东信发华源铝业有限公司自动监测数据异常情况的说明】@alexwanglaw王立德      ,@聊城环境,@山东环境,@绿行齐鲁,@生态梦人,@公众环境马军,@蔚蓝地图
临邑环境,回音廊#关于网友反映的广饶康达环保水务有限公司5月28日8时COD超标的回复，据查，该企业5月28日8时COD超标问题属实，但属于瞬时值超标，日均值在正常范围之内，瞬时值超标不作为处罚依据。@霸天虎V5@绿行齐鲁@微言环保@大王一杰@蔚蓝地图@山东环境 ​,10,2,28,2016-05-30 13:22:49,https://weibo.cn/comment/DxT3Fr2ia?rl=1#cmtfrm,康达环保水务,1,环保东营,,@霸天虎V5,@绿行齐鲁,@微言环保,@大王一杰,@蔚蓝地图,@山东环境,@山东环境,@霸天虎V5,@环保东营
山东环境,回音廊#关于网友反映的广饶康达环保水务有限公司5月28日8时COD超标的回复，据查，该企业5月28日8时COD超标问题属实，但属于瞬时值超标，日均值在正常范围之内，瞬时值超标不作为处罚依据。@霸天虎V5@绿行齐鲁@微言环保@大王一杰@蔚蓝地图@山东环境 ​,3,2,36,2016-05-30 09:31:19,https://weibo.cn/comment/DxT3Fr2ia?rl=1#cmtfrm,康达环保水务,1,环保东营,,@霸天虎V5,@绿行齐鲁,@微言环保,@大王一杰,@蔚蓝地图,@山东环境,@霸天虎V5,@环保东营
环保东营,饶康达环保水务有限公司5月28日COD在线数据及日均值情况@霸天虎V5@绿行齐鲁@微言环保@大王一杰@蔚蓝地图@山东环境 ​,0,0,0,2016-05-30 09:30:33,https://weibo.cn/comment/DxT4mgcTW?uid=1602726821&rl=1#cmtfrm,康达环保水务,,,,@霸天虎V5,@绿行齐鲁,@微言环保,@大王一杰,@蔚蓝地图,@山东环境
环保东营,#回音廊#关于网友反映的广饶康达环保水务有限公司5月28日8时COD超标的回复，据查，该企业5月28日8时COD超标问题属实，但属于瞬时值超标，日均值在正常范围之内，瞬时值超标不作为处罚依据。@霸天虎V5@绿行齐鲁@微言环保@大王一杰@蔚蓝地图@山东环境 ​,0,2,38,2016-05-30 09:28:50,https://weibo.cn/comment/DxT3Fr2ia?uid=1602726821&rl=1#cmtfrm,康达环保水务,,,,@霸天虎V5,@绿行齐鲁,@微言环保,@大王一杰,@蔚蓝地图,@山东环境
山东环境,环保罚款#关于对万华化学（宁波）容威聚氨酯有限公司、崔志刚等85家单位/个人处以行政罚款的情况。@山东环境 @青岛发布 @青岛交通广播FM897 @掌上青岛 @青岛日报官方微博 @公众环境马军 ​,5,4,10,2016-03-02 20:56:57,https://weibo.cn/comment/DknnhlFxX?rl=1#cmtfrm,万华化学（宁波）,1,青岛环保,转发理由:#贯彻落实新环保法##曝光台#青岛通报对万华化学（宁波）容威聚氨酯有限公司、崔志刚等85家单位/个人处以行政罚款情况      ,@山东环境,@青岛发布,@青岛交通广播FM897,@掌上青岛,@青岛日报官方微博,@公众环境马军
青岛环保,#环保罚款#关于对万华化学（宁波）容威聚氨酯有限公司、崔志刚等85家单位/个人处以行政罚款的情况。@山东环境 @青岛发布 @青岛交通广播FM897 @掌上青岛 @青岛日报官方微博 @公众环境马军 ​,3,4,26,2016-03-02 12:55:19,https://weibo.cn/comment/DknnhlFxX?uid=3245359303&rl=1#cmtfrm,万华化学（宁波）,,,,@山东环境,@青岛发布,@青岛交通广播FM897,@掌上青岛,@青岛日报官方微博,@公众环境马军
青岛环保,#环保罚款#关于对万华化学（宁波）容威聚氨酯有限公司、崔志刚等85家单位/个人处以行政罚款的情况。@山东环境 @青岛发布 @青岛交通广播FM897 @掌上青岛 @青岛日报官方微博 @公众环境马军 ​,3,4,26,2016-03-02 12:55:19,https://weibo.cn/comment/DknnhlFxX?uid=3245359303&rl=1#cmtfrm,宁波万华聚氨酯,,,,@山东环境,@青岛发布,@青岛交通广播FM897,@掌上青岛,@青岛日报官方微博,@公众环境马军
山东环境,环保罚款#关于对万华化学（宁波）容威聚氨酯有限公司、崔志刚等85家单位/个人处以行政罚款的情况。@山东环境 @青岛发布 @青岛交通广播FM897 @掌上青岛 @青岛日报官方微博 @公众环境马军 ​,5,4,10,2016-03-02 20:56:57,https://weibo.cn/comment/DknnhlFxX?rl=1#cmtfrm,宁波万华聚氨酯,1,青岛环保,转发理由:#贯彻落实新环保法##曝光台#青岛通报对万华化学（宁波）容威聚氨酯有限公司、崔志刚等85家单位/个人处以行政罚款情况      ,@山东环境,@青岛发布,@青岛交通广播FM897,@掌上青岛,@青岛日报官方微博,@公众环境马军
青岛环保,#环保罚款#关于对万华化学（宁波）容威聚氨酯有限公司、崔志刚等85家单位/个人处以行政罚款的情况。@山东环境 @青岛发布 @青岛交通广播FM897 @掌上青岛 @青岛日报官方微博 @公众环境马军 ​,3,4,26,2016-03-02 12:55:19,https://weibo.cn/comment/DknnhlFxX?uid=3245359303&rl=1#cmtfrm,宁波万华聚氨酯,,,,@山东环境,@青岛发布,@青岛交通广播FM897,@掌上青岛,@青岛日报官方微博,@公众环境马军
茌平环境,茌平信源铝业有限公司在超低排放工程建设中，原有液氨管道的路线与施工相冲突，存在极大的安全隐患及环境风险，需要变更液氨管道路线，为缩短工期，该公司制定了详细的施工方案，成立领导小组，为最大限度的降低氮氧化物的排放总量，确保电解铝正常运行的情况下，限产两台锅炉，期间出现短时氮氧化物超标情况。目前，管道全部铺设并焊接完毕，治理设施运行正常，数据达标排放。@蔚蓝地图 @聊城环境@绿行齐鲁,1,0,3,2016-10-17 16:22:08,https://weibo.cn/comment/Edg8D8Cxe?uid=3823446622&rl=1#cmtfrm,茌平信源铝业,,,,@蔚蓝地图,@聊城环境,@绿行齐鲁
费县环境,#我们在行动# 费县环保夜鹰在行动[拳头][拳头]对山东光华纸业集团进行夜查，现场采水样@临沂环境 @环保小伙子 ​,3,3,3,2016-06-29 23:09:22,https://weibo.cn/comment/DCxfD5Lo7?uid=3803805722&rl=1#cmtfrm,山东光华纸业集团,,,,@临沂环境,@环保小伙子
费县环境,#我们在行动# 我局组织专家组队对临沂昌顺生物质燃料有限公司年产生物秸秆木炭1500吨项目，山东光华纸业集团有限公司制浆废液高值化综合利用技术改造项目的环境影响报告表进行技术评估。@山东环境 @临沂环境 @环保小伙子 ​,3,7,5,2016-05-27 16:10:17,https://weibo.cn/comment/Dxtp858xO?uid=3803805722&rl=1#cmtfrm,山东光华纸业集团,,,,@山东环境,@临沂环境,@环保小伙子
临沂环境,我们在行动# 我局固废科联合上冶镇环保办对山东光华纸业集团有限公司进行危废规范化检查@山东环境 @临沂环境 @环保小伙子 ​,3,2,2,2016-05-10 11:39:33,https://weibo.cn/comment/DuRkJowZ6?rl=1#cmtfrm,山东光华纸业集团,1,费县环境,转发理由:#我们在行动# 局固废科联合上冶镇环保办对山东光华纸业集团有限公司进行危废规范化检查。      ,@山东环境,@临沂环境,@环保小伙子
费县环境,#我们在行动# 我局固废科联合上冶镇环保办对山东光华纸业集团有限公司进行危废规范化检查@山东环境 @临沂环境 @环保小伙子 ​,6,2,6,2016-05-10 11:34:27,https://weibo.cn/comment/DuRkJowZ6?uid=3803805722&rl=1#cmtfrm,山东光华纸业集团,,,,@山东环境,@临沂环境,@环保小伙子
