成都质监,#权威发布#【重庆长安汽车股份有限公司召回部分CX20和欧力威汽车】日前，重庆长安汽车股份有限公司根据《缺陷汽车产品召回管理条例》的要求，向国家质检总局备案了召回计划，决定召回以下部分汽车，共计185299辆：（一）自即日起，召回2014年3月20日至2016年3月2日（含）生产的CX20汽车，共计76657辆。（二）自2017年3月1日起，召回2012年11月7日至2015年11月13日（含）生产的长安欧力威汽车，涉及数量108642辆。,1,2,0,2017-01-19 14:23:40,https://weibo.cn/comment/ErxxdiEYb?uid=3681923715&rl=1#cmtfrm,重庆长安汽车股份,,,
广西质监发布,#资讯看看#【重庆长安召回部分CX20和欧力威汽车】日前，前者因方向盘上用于装配驾驶员侧安全气囊的安装孔尺寸超差，后者因长期使用后，转向上轴总成的扭矩传感器异常磨损，存在安全隐患。重庆长安汽车股份有限公司决定召回以下部分汽车，共计185299辆。戳↓ ​,0,0,0,2017-01-12 17:06:28,https://weibo.cn/comment/EquBOBqld?uid=3058245523&rl=1#cmtfrm,重庆长安汽车股份,,,
菏泽环境,山东空气观察#二氧化硫和烟尘长时间超标准10倍排放，请@菏泽环境 注意 2017年01月20日10点，山东玉皇化工有限公司在线监测数据，希望排放浓度高的企业作出公开说明！#蔚蓝地图# @菏泽环境 @绿行齐鲁 @蔚蓝地图 http://t.cn/RMD4zKV ​,2,2,0,2017-01-20 10:53:00,https://weibo.cn/comment/ErFnZmfKa?rl=1#cmtfrm,山东玉皇化工,1,抒一纸时光,转发理由:您好，关于您反映的“山东玉皇化工有限公司二氧化硫和烟尘长时间超标准10倍排放”的环境问题，我们将及时转交给相关科室进行核实查处，感谢您对环保工作的支持。      ,@菏泽环境,@菏泽环境,@绿行齐鲁,@蔚蓝地图
天津环保发布,#工作动态#交叉互查第十七组对玖龙纸业有限公司进行检查，该单位已于昨天下午接到区环保局重污染天气黄色预警通知并启动应急响应。现场检查时，该单位一台50万吨生产线已停用，减产约30%。两台300吨燃煤发电锅炉正在使用，配套脱硫除尘设施及在线监测设备在外运行，该单位建有全封闭煤场一座。该单位已达到燃气排放标准。#清新空气我们在行动#,0,0,1,2017-01-16 15:07:03,https://weibo.cn/comment/Er5xkAkPt?uid=3250739191&rl=1#cmtfrm,玖龙纸业（天津）,,,
陕西环保,全市1047个建设工地全部停工】#治污减霾#西安市仍处于Ⅰ级应急响应状态，全市除地铁、消防等紧急工程外的1047个建设工地全部停工。户县国维淀粉、蓝田尧柏水泥、西飞公司执行了减排50%措施，8家水泥粉磨企业落实了停产措施，西安热电公司、市热力总公司等9家企业，共12家单位，在保证供热质量的前提下，落实了50%减排措施；市环保局督导全市28家39台20蒸吨（不含）以下工业燃煤锅炉使用单位停止运行，48家168台20蒸吨以上燃煤锅炉全部按照要求燃用优质煤。,3,56,0,2017-01-04 15:43:57,https://weibo.cn/comment/EpecAmrWv?rl=1#cmtfrm,西安蓝田尧柏水泥,1,西安发布,转发理由:西安市目前仍处于Ⅰ级应急响应状态，除地铁、消防等紧急工程外的1047个建设工地全部停工。户县国维淀粉、蓝田尧柏水泥、西飞公司执行了减排50%措施，8家水泥粉磨企业落实了停产措施，西安热电公司等9家企业，共12家供热单位，在保证供热质量的前提下，落实了50%减排措施……      
西安发布,【全市1047个建设工地全部停工】#治污减霾#西安市仍处于Ⅰ级应急响应状态，全市除地铁、消防等紧急工程外的1047个建设工地全部停工。户县国维淀粉、蓝田尧柏水泥、西飞公司执行了减排50%措施，8家水泥粉磨企业落实了停产措施，西安热电公司、市热力总公司等9家企业，共12家单位，在保证供热质量的前提下，落实了50%减排措施；市环保局督导全市28家39台20蒸吨（不含）以下工业燃煤锅炉使用单位停止运行，48家168台20蒸吨以上燃煤锅炉全部按照要求燃用优质煤。,30,56,69,2017-01-04 09:30:03,https://weibo.cn/comment/EpecAmrWv?uid=3757167087&rl=1#cmtfrm,西安蓝田尧柏水泥,,,
秦皇岛发布,【秦皇岛加快新能源建设 利用荒山建设发电站】近年来，秦皇岛市加快发展光伏发电，利用荒山建设电站，并开发建设“林光互补”等项目。据国网秦皇岛供电公司介绍，目前全市荒山光伏发电并网装机容量已达80兆瓦。（ 新华社记者 杨世尧 摄） ​,5,1,2,2017-01-05 09:41:09,https://weibo.cn/comment/EpnHB42bl?uid=2417356033&rl=1#cmtfrm,秦皇岛发电,,,
费县环境,“记者日前从山东省物价部门获悉，华能山东发电有限公司下属的17家电厂，临沂发电有限公司、烟台发电有限公司、聊城热电有限公司、德州电厂、莱芜热电、莱城发电厂、众泰发电有限公司、黄台发电有限公司、沾化电厂、辛店电厂、日照电厂、济宁电厂、白杨河发电有限公司、济宁高新区热电有限公司、济宁运河发电有限公司、嘉祥发电有限公司、威海发电有限责任公司因环保电价问题违规，合计被物价部门罚款795万多元。”,4,3,3,2017-01-13 22:34:10,https://weibo.cn/comment/EqGbkprUW?uid=3803805722&rl=1#cmtfrm,华能烟台发电,,,
烟台环境,"#烟台环保工作动态# 今天上午,“排污许可制度及环保管家技术研讨会”在华能烟台发电有限公司召开，邀请环保部排污许可办公室主任王焕松、环保部环境规划研究院研究员宋晓晖、中国环评协会理事訾晓峰，烟台市环保系统有关负责人、发电厂、造纸厂等企业120多人参加会议。 ​",2,0,4,2017-01-13 20:30:40,https://weibo.cn/comment/EqFncnn6l?uid=3559965083&rl=1#cmtfrm,华能烟台发电,,,
天津环保发布,#工作动态#环境监察总队对北辰区天津市天重江天重工有限公司进行检查。现场检查时，该单位正在生产，配备的除尘脱硫设施正在运行。该单位建有四座料场，三座封闭，另一个半封闭料场采取苫盖喷淋等措施。市监测中心工作人员对烧结机排出口气体进行取样监测。#清新空气我们在行动# ​,0,0,0,2017-01-16 14:51:03,https://weibo.cn/comment/Er5qQ6oqi?uid=3250739191&rl=1#cmtfrm,天津市天重江天重工,,,
淄博环保,#回音# 【淄博市环境保护局淄川分局关于山东鲁维制药有限公司有关情况的说明】        网友@有冇青菜 反映鲁维制药有关问题，淄川分局安排专人对该企业进行调查，现就网友提出的几点问题说明如下：        1、 全省环保专项行动检查通报问题。微博网友截图内容包含2016年全省环保专项行动检查通报，通报山东鲁维制药集团热电厂3号、5号锅炉设有旁路烟道。该企业自备电厂原有5台循环流化床锅炉，2013年5月9日将5#锅炉旁路挡板门后烟道断开1米并封堵，随后2014年7月13日又将5#炉旁路烟道与水平烟道接口处断开封堵，旁路烟道完全断开，不存在烟气经过旁路的情况。2014年1月拆除3#锅炉旁路烟道，2014年3月拆除1#、2#、4#锅炉旁路烟道。现2台35t/h锅炉已拆除。         二、秒拍视频情况。经辨认，微博网友所拍视频，网友所在位置为鲁维制药自备电厂西北方向，拍摄时间为2017年1月6日上午10时左右，画面为自备电厂排气筒和凉水塔，凉水塔和烟囱排放口有白色水汽。该自备电厂按环保要求进行了超低排放改造，1月6日我市启动重污染天气应急响应，该企业自备电厂在供暖基础上严格按要求落实重污染天气应急措施。废气排放口安装有污染源在线监测设施并由第三方运营公司负责运营，监测数据与在线监测平台联网。经查阅在线监测数据，该企业各项污染物均达标排放。        三、噪声问题。因微博网友未标明具体位置，无法确定噪声来源，我局监察人员已要求该企业委托有资质的监测机构对厂界噪音进行监测，同时要求其加强对设备和防护设施的管理，完善设备隔声降噪处理，减小噪音对周边环境的影响。        四、现场检查情况。淄川区环保局监察人员立即到鲁维制药现场进行检查，现场检查时，该企业自备电厂附近未发现明显异味，自备电厂东侧约350米有轻微发酵异味，监察人员已责令鲁维制药对发酵车间异味产生点源进行密闭处理。        下一步，我局将进一步加大对该企业的监督监察力度，确保该企业各项环保设施正常运转，污染物稳定达标排放，如有发现环境违法行为必将依法予以严肃查处。@山东环境 @淄川环保官博 @有冇青菜,0,3,12,2017-01-13 11:20:50,https://weibo.cn/comment/EqBM1EmKu?uid=3114085181&rl=1#cmtfrm,山东鲁维制药,,,,@有冇青菜,@山东环境,@淄川环保官博,@有冇青菜
吉林发布,【树好吉林“金字”招牌 我省将继续深入实施质量强省战略】#吉林新闻#2016年，新认定吉林省名牌140个；延边州获批东北地区唯一的全国质量强州示范州；中车长春轨道客车股份有限公司再获中国质量奖提名奖；集安市、安图县分别获批高句丽世界文化遗产旅游、长白山天然矿泉水全国知名品牌示范区…… ​,3,3,1,2017-01-20 19:53:03,https://weibo.cn/comment/ErJ7phW0V?uid=3229450293&rl=1#cmtfrm,长春轨道客车股份,,,
长春能见度_政务公开办公室,中国动车组有了新命名长客造“金凤凰”被命名为CR400BF。1月3日，国家铁路局向中车长春轨道客车股份有限公司、中车青岛四方机车车辆股份有限公司颁发了中国标准动车组(中国标动)型号合格证和制造许可证。这标志着中国标动具备了大规模生产许可条件和上线商业运营资格。其中，四方生产的“蓝海豚”动车组命名为CR400AF，长客生产的“金凤凰”动车组被命名为CR400BF，而我们熟悉的CRH命名序列由此正式成为历史。新的命名方式中，CR代表China Railway(中国铁路)，400代表时速等级300-400公里(另外还有200/300系列)，A对应蓝海豚，B对应金凤凰，F则是动力分散的意思(动车组的最大特征)。,1,0,0,2017-01-06 08:45:13,https://weibo.cn/comment/EpwLnwGs0?uid=2790764997&rl=1#cmtfrm,长春轨道客车股份,,,
上铁资讯,#铁路新闻#【铁路局向中国标准动车组颁发许可证】1月3日，国家铁路局向中车长春轨道客车股份有限公司、中车青岛四方机车车辆股份有限公司颁发了中国标准动车组（简称中国标动）型号合格证和制造许可证。 ​,14,5,1747,2017-01-04 09:30:21,https://weibo.cn/comment/EpecIlwCC?uid=1919688583&rl=1#cmtfrm,长春轨道客车股份,,,
界首发布,#权威发布# 【“十三五”期间计划投资5亿元  界首市15个乡镇将建污水处理厂】近日笔者从界首市住建委获悉：“十三五”期间，界首市计划投资5亿元，完成15个乡镇的污水处理厂及配套管网建设。    按照城市建设工作规划，界首市乡镇水环境综合治理工程15个污水处理厂项目已经组织立项、选址和评审，并开始实施。据悉，项目建设15个污水处理厂总规模为2万吨/日、配套180公里污水管网建设及河道水系整治。该项目总投资5亿元，采取PPP模式，运营模式为特许经营权，建设资金由企业支付，建成投入运营后政府以污水处理费的形式按月拨付给特许经营企业。,0,0,0,2017-01-04 15:34:02,https://weibo.cn/comment/EpgAklJfG?uid=2230474770&rl=1#cmtfrm,界首市污水处理厂,,,
深圳市消费者委员会,【国家食药监总局：2批次“龙凤”白砂糖色值超标】1月3日，国家食品药品监督管理总局发布《关于7批次食品不合格情况的通告》(2017年第1号)，其中，标称广西百色甘化股份有限公司生产的2批次“龙凤”商标白砂糖，因色值检出值超标被判定为不合格。还有哪些食品不合格，赶紧戳进来看看：http://t.cn/RMyIZq8,0,0,1,2017-01-05 15:30:04,https://weibo.cn/comment/EppZdANkE?uid=3199898533&rl=1#cmtfrm,广西百色甘化股份,,,
祥云发布,[2016年祥云县进出口总额超6000万美元]据海关统计，2016年1-12月祥云县进出口总额达6058万美元，其中：出口4965万美元，比去年同期增长63%。云南龙云大有实业有限公司全年出口4048万美元，比去年同期增长125.9%，出口总额居全州农副产品出口首位。 ​,1,1,1,2017-01-24 08:22:56,https://weibo.cn/comment/Esgjh6NDX?uid=3812084356&rl=1#cmtfrm,云南龙云大有实业,,,
江阴发布,#江阴新闻# 【江阴6家企业入选省百强创新型企业】近日，江苏省科技发展战略研究院发布了“江苏省百强创新型企业”名单，江苏长电科技股份有限公司、法尔胜泓昇集团有限公司、江阴兴澄特种钢铁有限公司、江苏新扬子造船有限公司、远景能源（江苏）有限公司、双良节能系统股份有限公司6家江阴企业成功入选。其中，江苏长电科技股份有限公司名列榜单第六，其余五家企业跻身前四十。,3,2,3,2017-01-17 09:47:36,https://weibo.cn/comment/ErcSagpA7?uid=2278476553&rl=1#cmtfrm,江阴兴澄特种钢铁,,,
天津环保发布,#工作动态#环境监察总队会同静海区监察支队对静海区天津天丰钢铁股份有限公司进行检查。现场检查时，高炉炼铁一条生产线正在生产，另一条停产，高炉炼钢车间一号炉停产，二号炉具备生产条件，除尘设施开启。#清新空气我们在行动# ​,2,0,2,2017-01-29 14:29:43,https://weibo.cn/comment/Et3QDE1jK?uid=3250739191&rl=1#cmtfrm,天津天丰钢铁,,,
龙江环保,"【省环境保护厅发布2016年度环境保护重点新闻】25日，省环保厅发布2016年度环境保护重点新闻。2016年，我省环境质量持续改善,空气质量年平均达标天数比例显著提高。全省重典治污严惩违法行为，办理行政处罚案件1094起、罚款总额1.1亿元。其中黑龙江黑化集团有限公司因违法排污，全年共处罚金1510.66万，成为全省被行政处罚金额最高的企业。　　1.中央环保督察解决突出环境问题责令整改1034件拘留28人　　2016年7月19日，中央第二环境保护督察组对黑龙江省开展环境保护督察，我省严肃贯彻中央决策部署，全力配合环境保护督察，解决一批突出环境问题。督察共约谈干部32人，问责党组织13个、单位20个、干部560人，其中立案处罚220件，责令整改1034件，拘留28人。为进一步落实中央环境保护督察决策部署、整改要求，11月3日，省委、省政府对齐齐哈尔、牡丹江、伊春、鹤岗、绥化市等5城市开展环境保护督察，受理信访举报104件，提出整改意见132条。环保督察推动解决了一批“热点”“焦点”“难点”生态环境问题。　　2.淘汰10吨以下小锅炉2210台　　2016年2月15日，我省审议通过《黑龙江省大气污染防治专项行动方案(2016—2018年)》，方案提前将PM2.5作为约束性指标，对省辖城市进行考核。去年，全省空气质量年平均达标天数比例为91.5%，同比提高5.6个百分点。PM2.5年均浓度为34微克/立方米，下降7微克/立方米；PM10年均浓度为56微克/立方米，下降11微克/立方米。哈尔滨市重污染天数明显减少。　　省政府要求，构建重污染天气预测预报体系，降低重污染天气预警启动门槛，建哈大绥联防联控机制，同防同控重污染天。截至年底，全省全年淘汰黄标车、老旧车14.2万辆，完成年任务量的118.2%，淘汰10蒸吨及以下燃煤锅炉2210台，完成计划的147.1%。　　3.保护区再增“国家队”全省国家级自然保护区增至40个　　2016年5月2日，国务院批复翠北湿地、碧水中华秋沙鸭、北极村和公别拉河为国家级自然保护区，截至年底，全省共建立各种类型、不同级别的自然保护区251个，其中国家级40个、省级84个、市级55个、县级72个，总面积达805万公顷，占全省国土面积的17%。　　当年12月30日，省政府印发黑龙江省生态环境保护“十三五”规划，规划提出，到2020年，全省生态环境质量总体改善。我省深入开展生态文明示范创建，落实43项生态文明体制改革任务43项，编制完成生态保护红线划定方案，初步划定生态保护红线范围。深入开展生态省建设，已建成国家级生态乡、镇126个、生态村16个，命名大庆、伊春、齐齐哈尔3个省级生态市，69个省级生态县(市、区)。　　4.重典治污严惩违法行为办理行政处罚案件1094起罚款总额1.1亿元　　去年5月16日，因违法排污，环保部门对黑龙江黑化集团有限公司作出按日计罚行政处罚500万元，全年共处罚金1510.66万，成为全省被行政处罚金额最高的企业。11月18日，环保部门对鸡西矿业(集团)有限责任公司作出按日计罚行政处罚250万元，全年共处罚金1460万元，成为全省被行政处罚总金额居全省第二的企业。　　2016年，全省环保环保开展“冬病夏治”“百日攻坚”、违法违规建设项目“清仓”、排污费征收“清缴”等专项行动。出动执法人员2.1万人(次)，检查企业7000余家(次)，清理违法违规建设项目14040个，清缴排污费1265.8万元，办理行政处罚案件1094起，罚款总额1.1亿元。圆满完成2次东北边境辐射应急监测，成功开展辐射应急综合演练，安全收贮闲置废弃放射源147枚，转移处置危险废物9.9万吨。同时，全省清理整顿违法违规建设项目，全省14040个违法违规建设项目中基本完成清理整顿，包括淘汰关闭类1282个、整顿规范类4558个、完善备案类8198个。　　5.大气源解析结果发布燃煤是污染“元凶”　　2016年8月20日，黑龙江省13个城市全年PM2.5、PM10源解析结果出炉。该项目历经2年，对13个省辖城市18个环境受体点位、704个各类污染源点位采样，共采集3千余个代表性样品，分析5万余个数据，通过CMB模型进行演算并通过其他模型相互验证，最终完成哈尔滨市和全省源解析研究工作。结果显示，对PM10和PM2.5贡献最大的污染源均为固定源中的燃煤尘污染。总体来看，13个城市采暖季燃煤源对PM10和PM2.5的分担率和贡献浓度均远高于非采暖季；采暖季机动车、生物质的分担率略高于非采暖季，贡献浓度高于非采暖季。",0,0,1,2017-01-26 10:09:08,https://weibo.cn/comment/EszRneVoc?uid=1376804704&rl=1#cmtfrm,黑龙江黑化集团,,,
环保东营,#回音廊#关于网友反映的山东华泰纸业股份有限公司锅炉涉嫌超标排放的问题已经广饶县环保局调查处理，现回复如下。现场检查未发现冒黑烟现象。该项目为山东华泰纸业股份有限公司2170t/h锅炉烟气治理项目，该项目现已取得环评批复。现场检查发现该治理项目已基本建设完成，正在进行设备调试，我局执法人员要求其严格按照环评批复进行建设，加快设备调试进度。@蔚蓝地图@山东空气观察团@山东环境,0,2,0,2017-01-25 09:09:51,https://weibo.cn/comment/Esq2Osepu?uid=1602726821&rl=1#cmtfrm,山东华泰纸业股份,,,,@蔚蓝地图,@山东空气观察团,@山东环境
达州发布,【达州市第二城市生活污水处理厂工程快速推进】走进达川区河市镇达州市第二城市生活污水处理厂施工现场，热火朝天的忙碌景象令人精神为之一振。自2016年8月开工以来，该项目快速推进，目前，鼓风机房、配电房、河堤、沉垫砂石桩等子项目已完成，提升泵房修建、二层池基础工作也将于今年春节前完成。 ​,3,0,0,2017-01-09 11:01:24,https://weibo.cn/comment/EpZW8BamM?uid=3888223184&rl=1#cmtfrm,达州市污水处理厂,,,
金山传播,#金山新闻#【众人拾柴火焰高！三方共建的金山这家医院未来发展呼之欲出！ 】日前，金山区人民政府、复旦大学、中国石化上海石油化工股份有限公司进行了第七轮合作共建复旦大学附属金山医院签约。三方分别就过去共建过程中取得的成就进行了交流。未来复旦大学将在教科研、人才培养、实验室平台建设等多方面全方位地支持金山医院，助力金山医院的医教研管提升到三甲医院的水平。,0,3,0,2017-01-22 13:07:03,https://weibo.cn/comment/ErZjB8oEK?uid=1924853635&rl=1#cmtfrm,中国石化上海石油化工股份,,,
武汉发布,#武汉新闻#【江城制造业升温  缺工万余人】诸如通用集团、联想集团、华工正源光子、天马微电子等知名企业缺工一万余人。缺工主要原因是订单猛增。为了招到人，不少企业去年9月开始对员工薪资大幅度提升。我市将在全市开展“春风行动”，计划组织1.2万家单位，提供20万个岗位，从2月7日一直到4月初。 ​,26,7,2,2017-01-12 12:39:12,https://weibo.cn/comment/EqsRkFJ4j?uid=2759348142&rl=1#cmtfrm,武汉天马微电子,,,
大丰市环保志愿者,2017年01月24日10点，杭州富阳市灵泰纸业有限公司在线监测数据，希望排放浓度高的企业作出公开说明！#蔚蓝地图# http://t.cn/RxyQeFZ ​,0,0,1,2017-01-24 10:53:10,https://weibo.cn/comment/Eshig096X?uid=1707640501&rl=1#cmtfrm,杭州富阳市灵泰纸业,,,
武汉环保,#环境新闻#【企业拒不执行超标排污处罚 武汉环保部门申请强制执行】近日，武汉一家印染企业因超标排污被罚款，且拒不执行法院终审判决，被市环保部门依法申请强制执行。2014年12月22日，武汉市环保执法人员通过对毅峰印染公司总排放口废水进行取样监测检验，发现其所排废水pH值、化学需氧量、色度和苯胺类排放浓度均严重超标。超标指数中，最低的为国家排放标准的2.3倍，最高的达24倍多。2015年1月4日，我局向排污企业下达《责令改正违法行为决定书》；同年2月2日，向企业作出《行政处罚决定书》，按照排污费顶格5倍罚款处理，罚款145万余元。企业表示不服，先向湖北省环保厅提起行政复议，后又向人民法院提起行政诉讼。经行政复议、法院一审二审，均驳回了排污企业的诉讼请求，维持武汉市环保局作出的行政处罚决定。期间企业虽进行了整改，却未缴纳相关罚款。http://t.cn/RMSJhrv,1,1,2,2017-01-12 10:28:01,https://weibo.cn/comment/Eqs05ppHW?uid=2735973604&rl=1#cmtfrm,武汉毅峰印染,,,
湖北环保,武汉毅峰印染有限公司超标排污且拒不执行环保部门的行政处罚，昨日，武汉市环保局向武汉市中级法院申请强制执行。 企业拒不执行超标排污处罚 环保部门申请强制执行 ​,1,0,1,2017-01-06 17:26:55,https://weibo.cn/comment/EpAb9cZDK?uid=6058816447&rl=1#cmtfrm,武汉毅峰印染,,,
界首发布,#权威发布# 【天能集团（安徽）获省信息化与工业化融合示范企业称号】省经信委公布2016年信息化与工业化融合示范企业，界首市天能电池集团（安徽）有限公司榜上有名。截止目前，全市已有6家两化融合示范企业，总数居皖北县市第一。 ​,1,0,0,2017-01-10 20:24:30,https://weibo.cn/comment/Eqd3d2bey?uid=2230474770&rl=1#cmtfrm,天能电池集团,,,
杭州环保,【杭州智慧排水系统平台正式投入使用】日前，“杭州市智慧排水系统平台”完成竣工验收，已经正式投入使用。该平台整合了来自政府、企业等多方排水数据，形成排水设施“一张图”，实现实时监控、风险预警、辅助决策等智慧化管理功能。 杭州智慧排水系统平台正式投入使用 ​,0,0,0,2017-01-10 14:16:42,https://weibo.cn/comment/EqaDVie0u?uid=3915687504&rl=1#cmtfrm,杭州市排水,,,
亳州发布,【继续推进“地净、路畅、水活、天蓝、林拥城”工程】#小亳跑两会#启动安徽瑞福祥食品有限公司搬迁工作， PM10和PM2.5年均浓度、主要污染物减排、空气优良天数完成省下达任务。建成“林拥城”环城林带，新建城市绿道50公里，打造“城在林中、林在城中”的城市生态景观。By 杨文刚 ​,4,1,2,2017-01-09 10:06:40,https://weibo.cn/comment/EpZzVF6GI?uid=3442980450&rl=1#cmtfrm,安徽瑞福祥食品,,,
宁夏消防,为进一步加强消防安全工作，坚决消除重大火灾隐患，有效遏制重特大火灾事故发生，根据《中华人民共和国消防法》《宁夏回族自治区实施<中华人民共和国消防法>办法》等有关法律法规规定，自治区人民政府决定对银川建发家世界有限责任公司（宁夏商都）、银川市兰花花国际公寓三期、国电宁夏石嘴山发电有限责任公司、宁夏恒达纺织科技股份有限公司、吴忠市红寺堡区民康医院、吴忠市利通区教育园区幼儿园、宁夏红阳实业集团有限责任公司、隆德县体育馆等8家单位重大火灾隐患整改工作进行挂牌督办。现将有关事项通知如下：一、各市人民政府要高度重视，严格落实属地管理责任，切实加强对重大火灾隐患整改工作的督导，明确整改责任单位和责任人，组织制定整改方案，督促落实整改措施，及时协调解决存在的问题和困难，确保隐患整改责任、整改措施和应急预案等落实到位，彻底消除火灾隐患。二、要严格落实行业部门联合督办机制，明确各相关职能部门和行业系统职责，形成政府督办、部门联动、行业督导、协同发力的重大火灾隐患整治格局。各重大火灾隐患单位、企业要主动落实主体责任，强化消防安全意识，加大消防安全投入，落实人防、物防、技术措施，确保各项整改措施落实。三、宁夏消防总队要加强工作指导和督促检查，主动提供法律和技术服务，指导重大火灾隐患单位制订整改方案和安全防范措施，严防整改期间出现新问题、产生新隐患。对拒不整改或整改不到位、不彻底的单位，要依法依规予以问责处理。四、8家重大火灾隐患单位要在2017年3月31日前全部整改到位，各市人民政府先行组织验收合格后，宁夏消防总队组织检查销案，按程序报自治区人民政府同意后摘牌。,0,0,3,2017-01-30 15:53:10,https://weibo.cn/comment/EtdP0hoHF?uid=3328824184&rl=1#cmtfrm,国电宁夏石嘴山发电,,,
山东环境,"【山东：去产能一年多行业""回春"" 今年将分类去产能】2016年初以来，钢铁、煤炭、水泥、平板玻璃、电解铝、船舶、炼油、轮胎、化工等9大行业的去产能成为山东供给侧改革重中之重，目前钢铁、煤炭去产能目标已提前完成。2017年，山东将分类施策去产能，积极推进兼并重组，推动产能取得实质性进展。http://t.cn/RIFITIX",7,9,10,2017-01-01 15:30:02,https://weibo.cn/comment/EoOhdB4sa?uid=3354394424&rl=1#cmtfrm,中铝山东,,,
天津发布,【“海河情”艺术团慰问勇攀高峰的“大无缝人”[心]】#文化天津#昨天，“海河情”艺术团一行来到天津钢管集团股份有限公司，这也是作为全市文艺界“深入生活、扎根人民”的重要活动。大家把最诚挚的敬意和问候、最精彩的演出，奉献给知难而进、敢为人先、勇攀高峰的“大无缝人”。http://t.cn/RM95UeZ ​,9,0,1,2017-01-13 10:26:25,https://weibo.cn/comment/EqBpW4VJ8?uid=2489610225&rl=1#cmtfrm,天津钢管集团股份,,,
杭州发布,【喜报丨杭氧获中国石油化工行业“十佳供应商”称号】#关注#日前，“2016第三届中国石油和化工行业供应链发展大会暨中国石化联合会供应商工作委员会年会”在天津召开。会议表彰了“2016年中国石油和化工行业供应链管理十佳企业及十佳供应商”，杭氧集团荣获“十佳供应商”称号。 ​,5,1,3,2017-01-26 17:16:12,https://weibo.cn/comment/EsCEIADwx?uid=5211979483&rl=1#cmtfrm,中国石油化工,,,
泰州发布,#微观民生#【扬子江药业产销再创新高】 2016年，面对错综复杂的国内外经济形势，扬子江药业集团积极应对医药新常态、新挑战，以推进供给侧结构性改革激发内生动力，团结拼搏，攻坚克难，高质量完成了全年既定目标任务。集团产值、销售、利税同比分别增长18.0%、17.9%和18.6%，各项指标均创历史新高。 ​,3,0,0,2017-01-04 17:28:02,https://weibo.cn/comment/EphkBzNJC?uid=3195538854&rl=1#cmtfrm,扬子江药业集团,,,
高港发布,#今日企业#2016年，扬子江药业集团累计实现产值592亿元、销售590亿元、利税71.3亿元，同比分别增长18%、17.9%和18.6%；集团总部缴纳税收29.5亿元，同比增长13.5%；各项指标均创历史新高，为“十三五”开局之年画上圆满的句号。 ​,0,0,1,2017-01-03 17:10:23,https://weibo.cn/comment/Ep7MWjiae?uid=2849832005&rl=1#cmtfrm,扬子江药业集团,,,
昆山市环境保护局,关于昆山市千灯污水处理有限公司，在江苏省企业自行监测平台上数据显示，其氨氮数据显示连续多日超标排放说明。网友您好！根据《城镇污水处理厂污染物排放标准》，水温>12℃时氨氮排放标准为5mg/l，水温≤12℃时氨氮排放标准为8mg/l。由于气温下降，11月25日开始污水处理厂 氨氮排放标准执行 8 mg/l 。自测信息发布平台上氨氮的标准，千灯污水处理厂没有给予修改。近期千灯污水厂氨氮有5mg/l以上，导致平台上显示超标。对照8mg/l的标准，千灯污水厂氨氮没有超标。,0,1,1,2017-01-05 14:38:43,https://weibo.cn/comment/EppEnrjI8?uid=2625335663&rl=1#cmtfrm,昆山市千灯污水处理,,,
无锡环保,@PECC_LN 网友您好，关于您反映的“江阴市长泾综合污水处理有限公司数据间歇性超标情况”，我局回复如下，（详细请见长微博）。感谢您对环保工作的支持。 ​​​​,2,0,0,2017-01-24 10:35:23,https://weibo.cn/comment/Eshb2jKgB?uid=3002381244&rl=1#cmtfrm,江阴市长泾综合污水处理,,,
徐州环保,【“减”出来的绿色 】#263徐州在行动#国华徐州发电有限公司以‘近零排放’为目标，实施高品质绿色发电计划。“近零排放”即烟尘、二氧化硫、氮氧化物分别低于3毫克/立方米、20毫克/立方米和30毫克/立方米。改造后，燃煤机组污染物排放浓度，几乎等同于甚至优于天然气机组。http://t.cn/RM8LE3Z ​,0,0,1,2017-01-17 10:40:25,https://weibo.cn/comment/ErddBoo1R?uid=3514775860&rl=1#cmtfrm,国华徐州发电,,,
国家安全监管总局,【加强安全确认文化建设 提升本质安全水平——山东兖矿集团推行安全确认制情况调研】2016年10月19日至20日，国家安全监管总局人事司（宣教办）调研组赴山东兖矿集团，对该企业推行安全确认制情况进行专题调研。原文链接→加强安全确认文化建设 提升本质安全水平——山东兖矿集团推行安全确认制情况调研 ​,4,0,7,2017-01-06 17:11:35,https://weibo.cn/comment/EpA4VgoYv?uid=5342220662&rl=1#cmtfrm,兖矿集团,,,
济宁环境,兖矿集团：治理雾霾从源头抓起】中国科学院院长、党组书记白春礼日前带领科学院有关专家来到兖矿集团，实地调研“高效节能环保解耦炉具示范项目”，并现场考察清洁高效型煤中试生产线、炉具自动化生产线和农户试烧点工作，对兖矿在煤炭清洁高效利用上取得的成绩给予充分的肯定。特大型能源企业兖矿集团：治理雾霾从源头抓起 ​,1,8,0,2017-01-01 14:39:44,https://weibo.cn/comment/EoNSSfU08?rl=1#cmtfrm,兖矿集团,1,山东环境,转发理由:中国科学院院长白春礼带领专家到兖矿集团实地调研“高效节能环保解耦炉具示范项目”，并现场考察清洁高效型煤中试生产线、炉具自动化生产线和农户试烧点工作。      
山东环境,【兖矿集团：治理雾霾从源头抓起】中国科学院院长、党组书记白春礼日前带领科学院有关专家来到兖矿集团，实地调研“高效节能环保解耦炉具示范项目”，并现场考察清洁高效型煤中试生产线、炉具自动化生产线和农户试烧点工作，对兖矿在煤炭清洁高效利用上取得的成绩给予充分的肯定。特大型能源企业兖矿集团：治理雾霾从源头抓起 ​,4,8,13,2017-01-01 14:30:02,https://weibo.cn/comment/EoNSSfU08?uid=3354394424&rl=1#cmtfrm,兖矿集团,,,
宿州发布,#微播宿州#【萧县又增两个“安徽省名牌产品”】2015-2016年度安徽省名牌产品评选近日揭晓，萧县天瑞集团萧县水泥有限公司“天瑞”商标普通硅酸盐水泥和安徽省萧县林平纸业有限公司“林平”商标高档A级施胶瓦楞纸榜上位列其中。(周灵) ​,8,0,2,2017-01-09 13:28:38,https://weibo.cn/comment/Eq0TUrsO9?uid=3008419144&rl=1#cmtfrm,安徽省萧县林平纸业,,,
柳州机车车辆厂,【空调车间举办迎春活动】近日，空调车间举办“铁路梦 空调梦 我的梦”为主题迎春活动，开展了各种趣味活动及文艺演出，丰富了职工的业余文化生活，增强了车间的凝聚力和向心力。@南宁铁路 ​,0,0,0,2017-01-15 15:39:16,https://weibo.cn/comment/EqWjUB3WQ?uid=3153855700&rl=1#cmtfrm,柳州机车车辆厂,,,,@南宁铁路
南宁铁路,柳厂利材车间职工新年寄语】临近新年，利材车间的职工们纷纷写下了自己对2017年的新年寄语，让我们一起去看看他们都写了啥？[发红包][红包飞][围观]@南宁铁路 ​,7,1,2,2017-01-12 16:42:35,https://weibo.cn/comment/Equivkej1?rl=1#cmtfrm,柳州机车车辆厂,1,柳州机车车辆厂,转发理由:柳州机车车辆厂利材车间职工新年寄语[发红包]      ,@南宁铁路
柳州机车车辆厂,【柳厂利材车间职工新年寄语】临近新年，利材车间的职工们纷纷写下了自己对2017年的新年寄语，让我们一起去看看他们都写了啥？[发红包][红包飞][围观]@南宁铁路 ​,0,1,4,2017-01-12 16:18:53,https://weibo.cn/comment/Equivkej1?uid=3153855700&rl=1#cmtfrm,柳州机车车辆厂,,,,@南宁铁路
柳州机车车辆厂,【解体车间趣味运动会】近日，解体车间举办趣味运动会，有夹球跑和赶球跑两个项目。丰富了职工的业余文化生活，让职工收获了健康和快乐。@南宁铁路 ​,0,0,0,2017-01-12 11:54:49,https://weibo.cn/comment/Eqszk0YuQ?uid=3153855700&rl=1#cmtfrm,柳州机车车辆厂,,,,@南宁铁路
柳州机车车辆厂,【机械车间举办迎春游园活动】临近新年，机械车间举办迎春游园活动，既丰富了职工业余文化生活，又增强车间向心力，看看职工们表情就知道他们有多开心了[太开心][太开心][太开心]@南宁铁路 ​,0,0,1,2017-01-12 11:48:24,https://weibo.cn/comment/EqswIl5fb?uid=3153855700&rl=1#cmtfrm,柳州机车车辆厂,,,,@南宁铁路
柳州机车车辆厂,【木工车间举办趣味运动会】岁末年初，木工车间圆满完成工厂2016年修车任务，车间工会举办了一场趣味运动会，有绳键接力、筷子夹球、呼啦圈接力、套圈、飞镖等多种趣味项目，丰富了职工的业余文体生活，增强职工的团队精神。@南宁铁路 ​,0,0,0,2017-01-12 11:27:38,https://weibo.cn/comment/EqsohCfA8?uid=3153855700&rl=1#cmtfrm,柳州机车车辆厂,,,,@南宁铁路
柳州机车车辆厂,【天车工技术比武】近日，车轮车间举办了一场天车工技术比武大赛，比赛项目分为理论和实作两部分。通过此次大赛，进一步增强天车工的安全意识，规范作业流程，提高操作水平。@南宁铁路 ​,0,0,0,2017-01-12 11:11:20,https://weibo.cn/comment/EqshFuuOZ?uid=3153855700&rl=1#cmtfrm,柳州机车车辆厂,,,,@南宁铁路
柳州机车车辆厂,【车轮开展技术比武活动】近日，车轮车间开展工件测量技术比武活动。比赛内容为千分尺及游标卡尺的校正、以三点测量法测量工件内径等，共有38名职工参加。通过此次比武活动，进一步规范职工正确使用测量器具的方法，为提高工厂修车质量奠定坚实的基础。@南宁铁路 ​,0,0,1,2017-01-12 11:06:09,https://weibo.cn/comment/EqsfzbRJJ?uid=3153855700&rl=1#cmtfrm,柳州机车车辆厂,,,,@南宁铁路
柳州机车车辆厂,【青工安全教育团课】近日，工厂团委为全厂团员青年上了一堂安全教育团课，由生产一线的基层团干结合企业日常安全生产实际为广大团员青年授课，进一步引导青年职工增强安全防护意识，营造良好企业安全文化氛围。@南宁铁路 ​,0,0,0,2017-01-12 10:53:51,https://weibo.cn/comment/EqsazuipR?uid=3153855700&rl=1#cmtfrm,柳州机车车辆厂,,,,@南宁铁路
柳州机车车辆厂,【2016年修车创新高】2016年，柳厂完成客车厂修943辆，首次突破900辆大关，创历史新高，货车厂修2300辆，圆满完成了全年生产经营任务，@南宁铁路 ​,2,1,1,2017-01-11 12:00:28,https://weibo.cn/comment/Eqjb7fSh0?uid=3153855700&rl=1#cmtfrm,柳州机车车辆厂,,,,@南宁铁路
柳州机车车辆厂,【中国标准动车组】中国标准动车组综合了国内各型动车组的优点，设计涵盖了动车组基础通用、车体、走行装置、司机室布置及设备、牵引电气、制动及供风、列车网络标准、运用维修13个方面。兼具舒适、安全、自主化、简统化等特点，实现动车组在服务功能、运用维护上的统一。@南宁铁路 ​,0,0,1,2017-01-07 16:34:23,https://weibo.cn/comment/EpJgjpwo7?uid=3153855700&rl=1#cmtfrm,柳州机车车辆厂,,,,@南宁铁路
柳州机车车辆厂,【CRH6S动车组】CRH6S动车组可同时兼任AC25KV和DC1500V两种供电模式，从而实现干线铁路、城际铁路和城市地铁的三网融合，CRH6S可以实现灵活编组，3编组、4编组、6编组、8编组，都可以。根据线路的客流情况编组非常灵活，是CRH6系列里面（CRH6A、CRH6F、CRH6S）最多用途的一款。@南宁铁路 ​,4,0,15,2017-01-07 16:09:18,https://weibo.cn/comment/EpJ69awJU?uid=3153855700&rl=1#cmtfrm,柳州机车车辆厂,,,,@南宁铁路
柳州机车车辆厂,【CRH6F动车组】CRH6F动车组采用8节编组，定员载客量达1470人，是目前国内载客量最大的动车组。为满足我国新型城镇化和区域交通一体化需求量身打造的新型快捷轨道交通工具，主要承担相邻城市间、城市群内的通勤客流服务，除了头尾两节车厢为两对车门外，其它每节车厢都设有3对车门。@南宁铁路 ​,1,0,1,2017-01-07 15:29:51,https://weibo.cn/comment/EpIQ81Fh3?uid=3153855700&rl=1#cmtfrm,柳州机车车辆厂,,,,@南宁铁路
柳州机车车辆厂,【CRH6A动车组】CRH6A型动车组主要用于中短途城市之间、区域城郊之间的通勤和商旅，以公交化的运营模式为主，故也被称为城际动车组，其最高运营速度为200公里/小时。车内设有站立扶手，座位采用2+2布置。@南宁铁路 ​,0,0,1,2017-01-07 15:14:39,https://weibo.cn/comment/EpIJX1eX6?uid=3153855700&rl=1#cmtfrm,柳州机车车辆厂,,,,@南宁铁路
柳州机车车辆厂,【CRH3A动车组】CRH3A型动车组由中车长客股份公司和唐车公司联合设计生产，以CRH380BL技术平台为基础研制开发的自主知识产权动车组。可根据不同运营线路的需求，是目前国内唯一既适合时速200～250公里之间客运专线、又适合时速160～250公里之间城际铁路运行的动车组。@南宁铁路 ​,1,1,1,2017-01-07 12:06:03,https://weibo.cn/comment/EpHvp6FjQ?uid=3153855700&rl=1#cmtfrm,柳州机车车辆厂,,,,@南宁铁路
柳州机车车辆厂,【CRH3D动车组】CRH3D动车组是以CRH3C为基础的16节车厢的大编组座车动车组，其中70列是由唐山轨道客车制造，其余30列则由长春轨道客车制造，最高运营速度为350km/h，而车体外观不变。@南宁铁路 ​,0,1,0,2017-01-07 11:50:47,https://weibo.cn/comment/EpHpcmoNM?uid=3153855700&rl=1#cmtfrm,柳州机车车辆厂,,,,@南宁铁路
柳州机车车辆厂,【CRH3C动车组】CRH3C列车，是2005年11月由中车唐山轨道客车厂通过引进吸收德国西门子ICE-3列车先进技术实现国产化的动车组。CRH3C型电力动车组采用动力分布式，每列8节编组，共4节动车和4节拖车（4M4T），最高运营速度达350km/h。@南宁铁路 ​,0,0,1,2017-01-07 11:45:50,https://weibo.cn/comment/EpHnc18xG?uid=3153855700&rl=1#cmtfrm,柳州机车车辆厂,,,,@南宁铁路
柳州机车车辆厂,【配件车间开展岗位练兵】配件车间开展电动三轮车驾驶岗位练兵，共有24名员工参加。电动三轮车是车间生产中必不可少的运输工具，通过此次练兵赛提高了员工的驾驶技能和安全意识。@南宁铁路 ​,0,0,0,2017-01-03 08:33:46,https://weibo.cn/comment/Ep4pfwiOx?uid=3153855700&rl=1#cmtfrm,柳州机车车辆厂,,,,@南宁铁路
柳州机车车辆厂,【机车车间举办迎新拔河比赛】2016年岁末，机车车间举办迎新拔河比赛，共有10余个班组的代表队参赛。经过预赛和决赛的激烈角逐，最终制动班获得本次拔河比赛冠军、木工班获得亚军、电器班获得季军。此次比赛充分展现了车间“一根绳、一条心”凝聚力和向心力。@南宁铁路 ​,0,0,0,2017-01-02 18:01:55,https://weibo.cn/comment/EoYHmlgaG?uid=3153855700&rl=1#cmtfrm,柳州机车车辆厂,,,,@南宁铁路
柳州机车车辆厂,【工厂第20届运动会闭幕】12月23日下午，工厂第二十届职工运动会暨首届体育节闭幕式在职工运动馆举行，第九套广播体操的比赛是工厂第二十届职工运动会的最后一个项目，压轴登场。今年，运动会共举办了气排球、篮球、羽毛球、毽球等各类比赛。@南宁铁路 ​,0,0,0,2017-01-02 15:22:48,https://weibo.cn/comment/EoXEMqY5e?uid=3153855700&rl=1#cmtfrm,柳州机车车辆厂,,,,@南宁铁路
柳州机车车辆厂,【电焊工技术大赛】2016年岁末，工厂举办电焊工技术大赛，共有来自机客货等系统近80多名职工参加。经过笔试及实作两个环节的比拼，最终车体车间陈继国夺得冠军，转向架车间卢茜凌、车体车间罗冰分获第二、第三名。本次大赛旨在引导职工立足岗位，钻研技术，提高质量意识，提升技能水平。@南宁铁路 ​,1,0,0,2017-01-02 11:42:01,https://weibo.cn/comment/EoWd9FCSk?uid=3153855700&rl=1#cmtfrm,柳州机车车辆厂,,,,@南宁铁路
费县环境,“记者日前从山东省物价部门获悉，华能山东发电有限公司下属的17家电厂，临沂发电有限公司、烟台发电有限公司、聊城热电有限公司、德州电厂、莱芜热电、莱城发电厂、众泰发电有限公司、黄台发电有限公司、沾化电厂、辛店电厂、日照电厂、济宁电厂、白杨河发电有限公司、济宁高新区热电有限公司、济宁运河发电有限公司、嘉祥发电有限公司、威海发电有限责任公司因环保电价问题违规，合计被物价部门罚款795万多元。”,4,3,3,2017-01-13 22:34:10,https://weibo.cn/comment/EqGbkprUW?uid=3803805722&rl=1#cmtfrm,华能聊城热电,,,
文登环境,土壤防治任重而道远 成效显现尚需时日（十）　　2016年，环境保护部查处了青岛新天地固体废物综合处置有限公司违法行为，吊销其危险废物经营许可证。　　完善化学品环境管理体系。在现代社会，化学品已无所不在。化学品在推动人类社会进步的同时，也带来了不可忽视的安全、健康和环境风险。健全化学品管理，兴利除害，已成为全球共识和挑战。　　评估和掌握化学品对环境和健康的危害和风险，是加强化学品环境管理先决条件。2016年，环境保护部土壤环境管理司推动建立了化学品风险评估部门联络机制，研究起草了优先评估化学品筛选方法、化学品风险评估方法等技术文件，开展了优先评估化学品筛选工作，启动了首批化学品环境与健康风险的初步评估工作。同时，落实国务院关于简政放权有关工作部署，不断调整优化现行化学品环境管理政策。,0,0,0,2017-01-12 08:57:50,https://weibo.cn/comment/Eqrpu0qxh?uid=1223362972&rl=1#cmtfrm,青岛新天地固体废物综合处置,,,
费县环境,“记者日前从山东省物价部门获悉，华能山东发电有限公司下属的17家电厂，临沂发电有限公司、烟台发电有限公司、聊城热电有限公司、德州电厂、莱芜热电、莱城发电厂、众泰发电有限公司、黄台发电有限公司、沾化电厂、辛店电厂、日照电厂、济宁电厂、白杨河发电有限公司、济宁高新区热电有限公司、济宁运河发电有限公司、嘉祥发电有限公司、威海发电有限责任公司因环保电价问题违规，合计被物价部门罚款795万多元。”,4,3,3,2017-01-13 22:34:10,https://weibo.cn/comment/EqGbkprUW?uid=3803805722&rl=1#cmtfrm,山东华能莱芜热电,,,
陕西环保,全市1047个建设工地全部停工】#治污减霾#西安市仍处于Ⅰ级应急响应状态，全市除地铁、消防等紧急工程外的1047个建设工地全部停工。户县国维淀粉、蓝田尧柏水泥、西飞公司执行了减排50%措施，8家水泥粉磨企业落实了停产措施，西安热电公司、市热力总公司等9家企业，共12家单位，在保证供热质量的前提下，落实了50%减排措施；市环保局督导全市28家39台20蒸吨（不含）以下工业燃煤锅炉使用单位停止运行，48家168台20蒸吨以上燃煤锅炉全部按照要求燃用优质煤。,3,56,0,2017-01-04 15:43:57,https://weibo.cn/comment/EpecAmrWv?rl=1#cmtfrm,西安热电,1,西安发布,转发理由:西安市目前仍处于Ⅰ级应急响应状态，除地铁、消防等紧急工程外的1047个建设工地全部停工。户县国维淀粉、蓝田尧柏水泥、西飞公司执行了减排50%措施，8家水泥粉磨企业落实了停产措施，西安热电公司等9家企业，共12家供热单位，在保证供热质量的前提下，落实了50%减排措施……      
西安发布,【全市1047个建设工地全部停工】#治污减霾#西安市仍处于Ⅰ级应急响应状态，全市除地铁、消防等紧急工程外的1047个建设工地全部停工。户县国维淀粉、蓝田尧柏水泥、西飞公司执行了减排50%措施，8家水泥粉磨企业落实了停产措施，西安热电公司、市热力总公司等9家企业，共12家单位，在保证供热质量的前提下，落实了50%减排措施；市环保局督导全市28家39台20蒸吨（不含）以下工业燃煤锅炉使用单位停止运行，48家168台20蒸吨以上燃煤锅炉全部按照要求燃用优质煤。,30,56,69,2017-01-04 09:30:03,https://weibo.cn/comment/EpecAmrWv?uid=3757167087&rl=1#cmtfrm,西安热电,,,
大丰市环保志愿者,2017年01月07日06点，襄垣县新胜达电化有限责任公司在线监测数据，希望排放浓度高的企业作出公开说明！#蔚蓝地图# http://t.cn/RIdTSjv ​,1,1,3,2017-01-07 06:33:29,https://weibo.cn/comment/EpFkpC5xu?uid=1707640501&rl=1#cmtfrm,襄垣县新胜达电化,,,
郯城环境,【山东：一企业红色预警期间顶风作案】受环保部委托，环保部华东督查中心在济南市对红色预案执行情况进行现场督查。1月4日上午，在对济南市章丘区新升热电有限公司进行督查时，发现山东昊月树脂有限公司红色预警期间顶风作案，督查组当即责任企业立即停止生产。http://t.cn/RMy47MQ ​,12,12,13,2017-01-05 13:52:01,https://weibo.cn/comment/EpplqbRsK?uid=3800451391&rl=1#cmtfrm,济南热电,,,
山东环境,【山东：一企业红色预警期间顶风作案】受环保部委托，环保部华东督查中心在济南市对红色预案执行情况进行现场督查。1月4日上午，在对济南市章丘区新升热电有限公司进行督查时，发现山东昊月树脂有限公司红色预警期间顶风作案，督查组当即责任企业立即停止生产。http://t.cn/RMLKl9F ​,6,11,21,2017-01-05 09:40:03,https://weibo.cn/comment/EpnH8EPiv?uid=3354394424&rl=1#cmtfrm,济南热电,,,
淄博环保,#生态淄博建设百日行动# 李局长带领督察二组在华电淄博热电督导，该企业在线教据执行限值符合应急要求。@山东环境 ​,1,0,0,2017-01-18 12:29:18,https://weibo.cn/comment/ErnmikQx0?uid=3114085181&rl=1#cmtfrm,华电淄博热电,,,,@山东环境
荣成环境,#关于荣成邱家水产有限公司热电厂二氧化硫排放超标问题的调查处理情况#接到@蔚蓝天空反映的荣成市邱家水产有限公司热电厂二氧化硫排放超标的问题后，我局高度重视，立即安排执法人员前往现场进行调查，现将有关情况报告如下：        一、基本情况       经查，荣成邱家水产有限公司热电厂隶属于好当家集团，成立于1996年，2004年进行二期扩建工程，二期工程投入使用的同时一期工程停止使用。该厂于2005年8月配套建设了高效静电除尘；2009年7月配套建设了炉外湿法脱硫工程，并安装了在线监测装置；20 14年12月配套建设了脱硝工程，脱硝方式为SNCR法。       二、查处情况       经现场调查了解，2017年1月1日山东省实施了新的大气污染物排放标准，由于该厂75吨锅炉的脱硫设备陈旧，达不到新的排放标准，导致二氧化硫日均值浓度超标。       针对上述问题，我局对该厂下达了《环境违法行为限期改正通知书》，责令采取如下整改措施：一是限制生产，降低生产负荷。二是加强燃煤管理，调整使用低硫煤，确保二氧化硫达标排放。三是尽快完成设备升级，达到超低排放标准。       目前，该厂已按照环保部门的要求，减少工业用气量，降低生产负荷，使用含硫率低于0.4%的低硫煤，二氧化硫日均值浓度现已达标排放。       三、下步措施       我局将加大对该厂的执法监管力度，加密现场检查频次，同时做好污染物排放的监督性监测工作，确保该厂污染物稳定达标排放。@山东环境 @威海环境 @蔚蓝天空,1,3,24,2017-01-12 08:46:48,https://weibo.cn/comment/Eqrl0fN8V?uid=1276951912&rl=1#cmtfrm,荣成市热电厂,,,,@蔚蓝天空反映的荣成市邱家水产有限公司热电厂二氧化硫排放超标的问题后,@山东环境,@威海环境,@蔚蓝天空
淄博环保,#生态淄博建设百日行动# 周村组督察周北热电和嘉周热电落实响应情况。@山东环境 @周村环保 ​,1,0,0,2017-01-15 15:14:59,https://weibo.cn/comment/EqWa486ic?uid=3114085181&rl=1#cmtfrm,淄博周北热电,,,,@山东环境,@周村环保
成都质监,#质监动态#【市质监局窗口主动热情服务企业 受到市政府政务中心通报表扬】近日，市质监局窗口3名工作人员主动热情为四川川棉印染有限公司办理锅炉压力容器使用变更服务，受到企业好评，市政府政务中心通报表扬。 ​,1,2,0,2017-01-05 17:26:34,https://weibo.cn/comment/EpqKvtvPL?uid=3681923715&rl=1#cmtfrm,四川川棉印染,,,
广东发布,#经济活力看广东#【赞！每天这里能处理1050吨垃圾】下午，采风团来到了长青环保能源（中山）有限公司，该公司一天能处理垃圾1050吨，一个月生产的电量达到1000万度。这里的垃圾焚烧发电，有专门配套的废物处理厂，产生的炉渣可经过环保制砖厂加工，用于道路铺设等，不会产生二次污染。为环保点赞！ ​,7,1,1,2017-01-05 15:18:25,https://weibo.cn/comment/EppUuahP0?uid=2775872784&rl=1#cmtfrm,长青环保能源（中山）,,,
市中环保,"山东多地再遭霾伏 停产限产名单“扩容”需公开 】11日16时,济南市重污染天气应急工作指挥部办公室对外发布重污染天气蓝色预警,并且启动Ⅳ级应急响应,预计济南12日空气质量将是重度污染。这已经是2016年入冬以来,济南第6次发布重污染天气预警。为了应对冬季雾霾高发,我们在企业减排上又做了哪些工作?我们还能做什么?http://t.cn/RMS5XZR",0,11,0,2017-01-13 09:05:44,https://weibo.cn/comment/EqrBK0PjY?rl=1#cmtfrm,济南裕兴化工,1,山东环境,"转发理由:济南采取限产方式减排,并列有两个清单,一个是季节性工业企业停产和燃料调整清单,另一个就是重污染天气应急预案“一企一策”清单。“一企一策”中的73家企业涉及6大重污染行业,包括山东华志混凝土有限公司、山东水泥厂有限公司、济南裕兴化工有限责任公司、山东钢铁股份有限公司济南分公司等企业。      "
平阴环保,"山东多地再遭霾伏 停产限产名单“扩容”需公开 】11日16时,济南市重污染天气应急工作指挥部办公室对外发布重污染天气蓝色预警,并且启动Ⅳ级应急响应,预计济南12日空气质量将是重度污染。这已经是2016年入冬以来,济南第6次发布重污染天气预警。为了应对冬季雾霾高发,我们在企业减排上又做了哪些工作?我们还能做什么?http://t.cn/RMS5XZR",0,11,0,2017-01-12 15:58:58,https://weibo.cn/comment/EqrBK0PjY?rl=1#cmtfrm,济南裕兴化工,1,山东环境,"转发理由:济南采取限产方式减排,并列有两个清单,一个是季节性工业企业停产和燃料调整清单,另一个就是重污染天气应急预案“一企一策”清单。“一企一策”中的73家企业涉及6大重污染行业,包括山东华志混凝土有限公司、山东水泥厂有限公司、济南裕兴化工有限责任公司、山东钢铁股份有限公司济南分公司等企业。      "
市中环保,"山东多地再遭霾伏 停产限产名单“扩容”需公开 】11日16时,济南市重污染天气应急工作指挥部办公室对外发布重污染天气蓝色预警,并且启动Ⅳ级应急响应,预计济南12日空气质量将是重度污染。这已经是2016年入冬以来,济南第6次发布重污染天气预警。为了应对冬季雾霾高发,我们在企业减排上又做了哪些工作?我们还能做什么?http://t.cn/RMS5XZR",0,11,0,2017-01-12 13:18:45,https://weibo.cn/comment/EqrBK0PjY?rl=1#cmtfrm,济南裕兴化工,1,山东环境,"转发理由:济南采取限产方式减排,并列有两个清单,一个是季节性工业企业停产和燃料调整清单,另一个就是重污染天气应急预案“一企一策”清单。“一企一策”中的73家企业涉及6大重污染行业,包括山东华志混凝土有限公司、山东水泥厂有限公司、济南裕兴化工有限责任公司、山东钢铁股份有限公司济南分公司等企业。      "
济南环保,"山东多地再遭霾伏 停产限产名单“扩容”需公开 】11日16时,济南市重污染天气应急工作指挥部办公室对外发布重污染天气蓝色预警,并且启动Ⅳ级应急响应,预计济南12日空气质量将是重度污染。这已经是2016年入冬以来,济南第6次发布重污染天气预警。为了应对冬季雾霾高发,我们在企业减排上又做了哪些工作?我们还能做什么?http://t.cn/RMS5XZR",10,11,14,2017-01-12 10:40:44,https://weibo.cn/comment/EqrBK0PjY?rl=1#cmtfrm,济南裕兴化工,1,山东环境,"转发理由:济南采取限产方式减排,并列有两个清单,一个是季节性工业企业停产和燃料调整清单,另一个就是重污染天气应急预案“一企一策”清单。“一企一策”中的73家企业涉及6大重污染行业,包括山东华志混凝土有限公司、山东水泥厂有限公司、济南裕兴化工有限责任公司、山东钢铁股份有限公司济南分公司等企业。      "
大丰市环保志愿者,2017年01月24日10点，鞍山热电新材股份有限公司在线监测数据，希望排放浓度高的企业作出公开说明！#蔚蓝地图# http://t.cn/RVsi4m6 ​,0,0,0,2017-01-24 10:50:16,https://weibo.cn/comment/Eshh51yAW?uid=1707640501&rl=1#cmtfrm,鞍山热电新材股份,,,
大丰市环保志愿者,2017年01月19日06点，鞍山热电新材股份有限公司在线监测数据，希望排放浓度高的企业作出公开说明！#蔚蓝地图# http://t.cn/RVsi4m6 ​,0,0,1,2017-01-19 06:54:20,https://weibo.cn/comment/EruAPqbJm?uid=1707640501&rl=1#cmtfrm,鞍山热电新材股份,,,
柳州机车车辆厂,【CRH3D动车组】CRH3D动车组是以CRH3C为基础的16节车厢的大编组座车动车组，其中70列是由唐山轨道客车制造，其余30列则由长春轨道客车制造，最高运营速度为350km/h，而车体外观不变。@南宁铁路 ​,0,1,0,2017-01-07 11:50:47,https://weibo.cn/comment/EpHpcmoNM?uid=3153855700&rl=1#cmtfrm,唐山轨道客车,,,,@南宁铁路
柳州机车车辆厂,【CRH3C动车组】CRH3C列车，是2005年11月由中车唐山轨道客车厂通过引进吸收德国西门子ICE-3列车先进技术实现国产化的动车组。CRH3C型电力动车组采用动力分布式，每列8节编组，共4节动车和4节拖车（4M4T），最高运营速度达350km/h。@南宁铁路 ​,0,0,1,2017-01-07 11:45:50,https://weibo.cn/comment/EpHnc18xG?uid=3153855700&rl=1#cmtfrm,唐山轨道客车,,,,@南宁铁路
无锡发布,【2016中国年度最佳雇主无锡地区十强出炉】昨天，“2016中国年度最佳雇主”颁奖典礼在南京举行，中国航空工业集团公司雷华电子技术研究所、海澜集团有限公司、无锡威孚高科技集团股份有限公司、无锡地铁集团运营分公司、江苏阳光集团、华进半导体、肯德基等企业成为无锡地区最佳雇主十强。无锡受访者认为最佳雇主最应具备的特征，是与员工贡献匹配的薪酬回报，其次是完善的福利待遇、广阔的职位晋升空间、尊重员工、良好的收入前景，以及公平公正的用人原则。,17,16,21,2017-01-07 18:30:03,https://weibo.cn/comment/EpK1gCMqv?uid=2696049583&rl=1#cmtfrm,海澜集团,,,
长沙县公安局交警大队_平安365,#长沙县辖区路况##春运出行提示#目前，漓湘路蓝思科技前路段因事故影响东西双向车流量大，车行缓慢。长沙县交警温馨提示：安全与守法同在，事故与违法相随 。 ​,0,0,0,2017-01-13 10:43:27,https://weibo.cn/comment/EqBwQvOny?uid=3170174825&rl=1#cmtfrm,蓝思科技(长沙),,,
临沂环境,#我们在行动# 市环境监测站站长刘忠林带队第二夜查组夜查，第3站，山东鲁南新材料股份有限公司，该公司处于停产状态。 ​,12,6,6,2017-01-21 23:06:07,https://weibo.cn/comment/ErTOgzKQx?uid=3600956903&rl=1#cmtfrm,山东鲁南新材料股份,,,
辽宁交通,【@辽宁交通 微博播发】回顾2016年辽宁港口水运：大连长兴岛恒力石化配套码头工程、大连港大窑湾深水航道扩建工程等4个项目开工建设。大连港大窑湾港区集装箱码头四期工程、营口港鲅鱼圈港区多用途泊位工程等20个项目加快推进。 ​,0,2,1,2017-01-12 10:11:02,https://weibo.cn/comment/EqrTc8B9V?uid=2388502127&rl=1#cmtfrm,恒力石化（大连）,,,,@辽宁交通
烟台发布,#烟台关注#【烟台三个项目获得2016年度国家科学技术奖】2016年度国家科学技术奖揭晓，我市3个项目获奖。山东恒邦冶炼股份有限公司参与完成的“底吹熔炼-熔融还原-富氧挥发连续炼铅新技术及产业化应用”，烟台张裕葡萄酿酒股份有限公司、中粮华夏长城葡萄酒有限公司、威龙葡萄酒股份有限公司参与完成的“中国葡萄酒产业链关键技术创新与应用”，山东航天电子技术研究所参与完成的“高动态星敏感器技术与工程应用”荣获科技进步奖二等奖。,3,0,2,2017-01-11 10:38:20,https://weibo.cn/comment/EqiDMzo4F?uid=3883727101&rl=1#cmtfrm,山东恒邦冶炼股份,,,
环翠环境,#环保在行动# 2017年1月4日上午，环翠分局监察人同与环翠区电视台联合到威海西郊热电厂对大气污染防治设施运行情况进行监督检查。@威海环境 ​,1,1,1,2017-01-04 16:49:38,https://weibo.cn/comment/Eph51foN3?uid=3941590997&rl=1#cmtfrm,威海西郊热电,,,,@威海环境
礼泉政务,【县上领导检查节前安全工作】1月19日至20日，副县长冯云平带领县安监局、县工业发展局、县商务办、县环保局等相关部门负责人，先后来到新家友超市、长途汽车站、礼泉宏远天然气有限公司、礼泉盛世烟花爆竹仓库、陕西宏恩环保科技有限公司等8家单位对重点领域春节前安全生产工作进行了检查。每到一处，冯云平都认真检查现场安全生产管理和安全措施落实情况，认真听取各生产经营单位负责人关于春节期间安全生产工作措施落实情况。对检查中发现的问题，现场提出了整改意见，并要求生产经营单位负责人及时整改到位，行业监管部门负责人及时验收检查，相关管理部门加大监督管理职能，要以最严格的要求落实安全生产责任制，防患于未然，确保企业和全县广大群众度过一个欢乐、祥和、平安的节日。,1,0,1,2017-01-22 10:27:46,https://weibo.cn/comment/ErYgX8qe3?uid=3973254489&rl=1#cmtfrm,陕西宏恩环保科技,,,
临沂环境,我们在行动#【12月份环境违法行为新闻发布会】2016年，全市空气质量综合指数居全省第7位，四项指标持续改善，优良天数增加52天；11个国控断面达标率91%，41个市控断面达标率86%。12月份共查处环境违法案件9起。 12月份环境违法行为新闻发布会 ​,9,15,15,2017-01-24 19:58:51,https://weibo.cn/comment/EsiGpyQjY?rl=1#cmtfrm,城区污水处理厂,1,临沂环境,
北京发布,"【老城区将建地下排蓄廊道】#美丽北京•宜居#在本市新建区域,排水系统正按照""雨污分流""原则建设,即雨水和生活污水严格分流,雨水汇入河道,污水被送往处理厂。本市目前正探索在不具备管网改造条件的老城区建设数条地下深层排蓄廊道,与雨污分流管线相连通,直通污水处理厂。廊道预计深40-70米、管径6米。 ​",10,3,8,2017-01-24 16:00:03,https://weibo.cn/comment/EsjiPdAFV?uid=2418724427&rl=1#cmtfrm,城区污水处理厂,,,
浙江环保,#环保动态#截至1月9日，浙江省中部地区首个高水准的再生水利用工程——义乌再生水利用工程完成土建和工艺设备安装工程，通过污水系统处理后的高品质再生水，将主要应用于义乌经济技术开发区工业用水。图为义乌市第一污水处理厂再生水利用工程现场。 ​,0,0,1,2017-01-15 12:22:39,https://weibo.cn/comment/EqV26yrQj?uid=3840731341&rl=1#cmtfrm,开发区污水处理厂,,,
大丰市环保志愿者,2017年01月20日07点，襄阳安能热电有限公司在线监测数据，希望排放浓度高的企业作出公开说明！#蔚蓝地图# http://t.cn/RVeMI44 ​,0,0,1,2017-01-20 07:39:04,https://weibo.cn/comment/ErEju7xgH?uid=1707640501&rl=1#cmtfrm,襄阳安能热电,,,
大丰市环保志愿者,2017年01月12日07点，襄阳安能热电有限公司在线监测数据，希望排放浓度高的企业作出公开说明！#蔚蓝地图# http://t.cn/RVeMI44 ​,0,0,0,2017-01-12 07:54:52,https://weibo.cn/comment/EqqZVlS5H?uid=1707640501&rl=1#cmtfrm,襄阳安能热电,,,
大丰市环保志愿者,2017年01月11日19点，襄阳安能热电有限公司在线监测数据，希望排放浓度高的企业作出公开说明！#蔚蓝地图# http://t.cn/RVeMI44 ​,0,0,0,2017-01-11 19:31:10,https://weibo.cn/comment/Eqm83pFTd?uid=1707640501&rl=1#cmtfrm,襄阳安能热电,,,
临沂环境,#我们在行动# 市环境监测站站长刘忠林带队第二夜查组夜查，第4站，山东阳煤恒通化工股份有限公司热电厂，该公司6台220t/h锅炉停产1台，锅炉烟气治理设施运行正常，在线监测数据达标。 ​,10,8,12,2017-01-21 23:47:50,https://weibo.cn/comment/ErU5ctpVM?uid=3600956903&rl=1#cmtfrm,山东阳煤恒通化工股份,,,
临沂环境,#我们在行动# 夜鹰出动[噢耶][噢耶][噢耶]市环境监测站站长刘忠林带队第二夜查组夜查，第一站，山东阳煤恒通化工股份有限公司，该公司污水处理系统正常运行，现场已对总排口排水进行取样。 ​,9,15,10,2017-01-21 22:38:33,https://weibo.cn/comment/ErTD56OfO?uid=3600956903&rl=1#cmtfrm,山东阳煤恒通化工股份,,,
天津环保发布,#工作动态# 环境监察总队会同东丽区环保局对天津钢铁集团有限公司进行检查。现场检查时，两台烧结机正在生产，配套脱硫除尘设施和在线监测设备正在运行，在线监测显示颗粒物、二氧化硫、氮氧化物均达标排放。#清新空气我们在行动# ​,0,3,2,2017-01-31 16:07:04,https://weibo.cn/comment/Etnl9igXP?uid=3250739191&rl=1#cmtfrm,天津钢铁集团,,,
天津环保发布,#工作动态# 今天环境监察总队同静海区环境监察支队对静海区天津冶金集团轧三钢铁有限公司进行现场检查。现场检查时，1号高炉休风停产，2号高炉正常生产。#清新空气我们在行动# ​,4,0,2,2017-01-29 14:09:16,https://weibo.cn/comment/Et3IkBmhf?uid=3250739191&rl=1#cmtfrm,天津钢铁集团,,,
日照环境,@莒县环保 部门对莒县第二污水处理厂污水处理运行情况检查并查看中控室历史记录。@山东环境 ​,7,5,10,2017-01-18 21:18:15,https://weibo.cn/comment/ErqOZF2V8?uid=3460096640&rl=1#cmtfrm,莒县第二污水处理厂,,,,@莒县环保,@山东环境
日照环境,1月20日下午，莒县环保局环境监察大队执法人员在县第二污水处理厂进行现场查看、取水样。@山东环境 @莒县环保 ​,9,5,17,2017-01-20 20:30:17,https://weibo.cn/comment/ErJmwgZGG?uid=3460096640&rl=1#cmtfrm,莒县第二污水处理厂,,,,@山东环境,@莒县环保
日照环境,@莒县环保 部门对莒县第二污水处理厂污水处理运行情况检查并查看中控室历史记录。@山东环境 ​,7,5,10,2017-01-18 21:18:15,https://weibo.cn/comment/ErqOZF2V8?uid=3460096640&rl=1#cmtfrm,莒县第二污水处理厂,,,,@莒县环保,@山东环境
茂名发布,【茂名市第一污水处理厂提标改造项目动工】前天，市第一污水处理厂提标改造项目正式开工，该项目计划工期12个月。据了解，市第一污水处理厂提标扩容改造及河东片区污水总管项目是我市实施绿色发展战略，推进宜居城市建设的一项重点工程。茂名市第一污水处理厂提标改造项目动工 ​,1,0,0,2017-01-01 12:02:11,https://weibo.cn/comment/EoMUR8llE?uid=3649418972&rl=1#cmtfrm,茂名市第一污水处理厂,,,
河东环境,#我们在行动# 河东环保分局值班人员对辖区内重点企业进行巡查。临沂沂东中联水泥有限公司全面停产。@临沂环境 @山东环境 @临沂河东网 @蔚蓝沂蒙 临沂·河东区 ​,2,1,4,2017-01-29 12:04:19,https://weibo.cn/comment/Et2TCindA?uid=1737762607&rl=1#cmtfrm,临沂中联水泥,,,,@临沂环境,@山东环境,@临沂河东网,@蔚蓝沂蒙
临沂环境,#重污染天气应急响应，我们在行动# 市环保局应急办主任周凤菊带队督导兰陵县重污染天气应急情况，现场检查临沂中联水泥有限公司。 ​,10,11,13,2017-01-02 15:51:29,https://weibo.cn/comment/EoXQq2Ymh?uid=3600956903&rl=1#cmtfrm,临沂中联水泥,,,
江阴发布,#江阴新闻# 【江阴3家企业被确定为全国重点跟踪培育服装家纺自主品牌企业】近日，工信部公布了2016年全国重点跟踪培育服装家纺自主品牌企业名单，海澜之家股份有限公司、江苏云蝠服饰股份有限公司和江苏阳光集团有限公司等3家江阴企业成功入围。 ​,3,9,2,2017-01-18 10:02:10,https://weibo.cn/comment/Ermozxdx0?uid=2278476553&rl=1#cmtfrm,江苏阳光集团,,,
无锡发布,【2016中国年度最佳雇主无锡地区十强出炉】昨天，“2016中国年度最佳雇主”颁奖典礼在南京举行，中国航空工业集团公司雷华电子技术研究所、海澜集团有限公司、无锡威孚高科技集团股份有限公司、无锡地铁集团运营分公司、江苏阳光集团、华进半导体、肯德基等企业成为无锡地区最佳雇主十强。无锡受访者认为最佳雇主最应具备的特征，是与员工贡献匹配的薪酬回报，其次是完善的福利待遇、广阔的职位晋升空间、尊重员工、良好的收入前景，以及公平公正的用人原则。,17,16,21,2017-01-07 18:30:03,https://weibo.cn/comment/EpK1gCMqv?uid=2696049583&rl=1#cmtfrm,江苏阳光集团,,,
济宁环境,【市大气污染防治指挥部通报济宁海螺水泥有限责任公司违规生产问题】 http://t.cn/RMNpBhZ ​,0,0,1,2017-01-13 23:39:02,https://weibo.cn/comment/EqGBEDoq4?uid=1065190973&rl=1#cmtfrm,济宁海螺水泥,,,
济宁环境,【济宁市大气污染防治指挥部对济宁海螺水泥有限责任公司违规生产的问题予以通报】.. http://t.cn/RMC4AVk ​,2,1,1,2017-01-13 16:22:34,https://weibo.cn/comment/EqDKuBuHT?uid=1065190973&rl=1#cmtfrm,济宁海螺水泥,,,
上海环境,【一位养猪“老法师”的畜粪循环利用“匹配经”】记者近日到上海浦东东滩走访上海祥欣畜禽公司，与董事长严国祥聊了聊如今正时兴的畜粪循环利用。这位年过六十的沪郊养猪“老法师”说得最多的一句话是：“匹配才是好。”一位养猪“老法师”的畜粪循环利用“匹配经” ​,0,0,1,2017-01-06 12:19:00,https://weibo.cn/comment/Epya9AOee?uid=1787537264&rl=1#cmtfrm,上海祥欣畜禽,,,
大丰市环保志愿者,2017年01月24日10点，铜川声威建材有限责任公司在线监测数据，希望排放浓度高的企业作出公开说明！#蔚蓝地图# http://t.cn/Rfif4Pg ​,0,0,1,2017-01-24 10:51:29,https://weibo.cn/comment/EshhzpPI3?uid=1707640501&rl=1#cmtfrm,铜川声威建材,,,
陕西环保,西安：将建32个农村生活污水处理示范村】据了解，今年西安将建32处农村生活污水处理示范村，全面推进农村生活污水治理建设，确保到2020年完成60%行政村污水治理工作任务。未来，西安市122个建制镇（街办）2484个行政村，5000多个自然村，将分步骤建设污水处理设施。 ​,0,0,0,2017-01-16 15:37:03,https://weibo.cn/comment/Er5Jqf7kH?rl=1#cmtfrm,西安市污水处理,1,陕西环保,转发理由:同时，西安市环保系统将继续加大对农村生活污水处理设施执法监管，将农村污水处理设施运行检查纳入日常环境执法工作，实现常态化。      
陕西环保,【西安：将建32个农村生活污水处理示范村】据了解，今年西安将建32处农村生活污水处理示范村，全面推进农村生活污水治理建设，确保到2020年完成60%行政村污水治理工作任务。未来，西安市122个建制镇（街办）2484个行政村，5000多个自然村，将分步骤建设污水处理设施。 ​,0,0,1,2017-01-16 15:36:50,https://weibo.cn/comment/Er5Jqf7kH?uid=3199062547&rl=1#cmtfrm,西安市污水处理,,,
罗庄环境,@临沂环境 #我们在行动#罗庄环保分局第三夜查组对全区重点企业进行夜间检查。第二站，临沂市第二污水处理厂，查看中控数据、电子显示屏在线监测数据并现场取样一份待检，企业正常生产，设施正常运行。 临沂·龙潭公园 ​,1,1,1,2017-01-14 22:31:42,https://weibo.cn/comment/EqPAPbB7w?uid=5110084056&rl=1#cmtfrm,临沂市第二污水处理厂,,,,@临沂环境
江苏环保,海大屯能源股份有限公司发电厂 热电分厂 ，在江苏省企业自行监测平台上数据显示，其8# 监测点位 氮氧化物数据显示连续多日超标排放。请 @环保部发布关注，请 @江苏环保 @徐州环保 给予说明。@绿色江南公众环境关注中心 @蔚蓝地图#蔚蓝地图#  @PECC-LiJ @PECC-米菲 ​,1,6,1,2017-01-13 10:15:20,https://weibo.cn/comment/Epxy729l3?rl=1#cmtfrm,上海大屯能源股份,1,PECC-LN,转发理由:@徐州环保:经沛县环保现场检查，8号监测点位是上海大屯能源股份有限公司热电分厂8、9号锅炉共同废气排放口， #8、#9机组为2×75ｔ/ｈ 循环流化床锅炉+2×15MW热电机组， 2014年10月#8、#9锅炉完成脱硝改造项目。      ,@环保部发布关注,@江苏环保,@徐州环保,@绿色江南公众环境关注中心,@蔚蓝地图,@徐州环保
罗庄环境,@临沂环境 #我们在行动#1月14日晚，罗庄区循环经济产业园主任徐秀兰带队对我区重点企业进行夜间检查。第一站，罗庄区第一污水处理厂，查看了中控室监测数据并现场取样一份待检。 临沂·龙潭公园 ​,1,1,1,2017-01-14 22:25:49,https://weibo.cn/comment/EqPyrapjG?uid=5110084056&rl=1#cmtfrm,罗庄区污水处理厂,,,,@临沂环境
淄博发布,"#今日淄博#【淄博新增4家全总职工书屋示范点】我市2016年新建职工书屋、书角620余家,申报山东锐博化工有限公司、山东天齐置业集团股份有限公司、淄博科技工业园职工服务中心、淄博矿业集团公司岱庄煤矿4家单位为全总职工书屋示范点,配发价值16万元的书籍。 ​",0,0,3,2017-01-10 14:52:40,https://weibo.cn/comment/EqaSw7yHG?uid=3577849617&rl=1#cmtfrm,淄博矿业集团,,,
陕西环保,全市1047个建设工地全部停工】#治污减霾#西安市仍处于Ⅰ级应急响应状态，全市除地铁、消防等紧急工程外的1047个建设工地全部停工。户县国维淀粉、蓝田尧柏水泥、西飞公司执行了减排50%措施，8家水泥粉磨企业落实了停产措施，西安热电公司、市热力总公司等9家企业，共12家单位，在保证供热质量的前提下，落实了50%减排措施；市环保局督导全市28家39台20蒸吨（不含）以下工业燃煤锅炉使用单位停止运行，48家168台20蒸吨以上燃煤锅炉全部按照要求燃用优质煤。,3,56,0,2017-01-04 15:43:57,https://weibo.cn/comment/EpecAmrWv?rl=1#cmtfrm,西安国维淀粉,1,西安发布,转发理由:西安市目前仍处于Ⅰ级应急响应状态，除地铁、消防等紧急工程外的1047个建设工地全部停工。户县国维淀粉、蓝田尧柏水泥、西飞公司执行了减排50%措施，8家水泥粉磨企业落实了停产措施，西安热电公司等9家企业，共12家供热单位，在保证供热质量的前提下，落实了50%减排措施……      
西安发布,【全市1047个建设工地全部停工】#治污减霾#西安市仍处于Ⅰ级应急响应状态，全市除地铁、消防等紧急工程外的1047个建设工地全部停工。户县国维淀粉、蓝田尧柏水泥、西飞公司执行了减排50%措施，8家水泥粉磨企业落实了停产措施，西安热电公司、市热力总公司等9家企业，共12家单位，在保证供热质量的前提下，落实了50%减排措施；市环保局督导全市28家39台20蒸吨（不含）以下工业燃煤锅炉使用单位停止运行，48家168台20蒸吨以上燃煤锅炉全部按照要求燃用优质煤。,30,56,69,2017-01-04 09:30:03,https://weibo.cn/comment/EpecAmrWv?uid=3757167087&rl=1#cmtfrm,西安国维淀粉,,,
临沂环境,#重污染天气应急响应，我们在行动# 市环保局总量办张兰杰主任带队到临沭县督导重污染天气应急响应情况。第一站金沂蒙集团2台75吨锅炉停运，6条生产线停产。 ​,10,11,11,2017-01-02 16:22:12,https://weibo.cn/comment/EoY2TiXRP?uid=3600956903&rl=1#cmtfrm,金沂蒙集团,,,
临沂环境,#重污染天气应急响应，我们在行动# 市环保局总量办张兰杰主任带队到临沭县督导重污染天气应急响应情况。第一站金沂蒙集团2台75吨锅炉停运，6条生产线停产。 ​,10,11,11,2017-01-02 16:22:12,https://weibo.cn/comment/EoY2TiXRP?uid=3600956903&rl=1#cmtfrm,金沂蒙集团,,,
大丰市环保志愿者,2017年01月19日06点，扶绥新宁海螺水泥有限责任公司在线监测数据，希望排放浓度高的企业作出公开说明！#蔚蓝地图# http://t.cn/RM8Z8tD 怎么没有数据？@蔚蓝地图 ​,0,2,1,2017-01-19 06:57:02,https://weibo.cn/comment/EruBVp1WS?uid=1707640501&rl=1#cmtfrm,扶绥新宁海螺水泥,,,,@蔚蓝地图
泰安环境,#泰环在行动##应对重污染天气# 大雾中他们在高空坚持监测[爱你]国控污染源废气监测肥城石横焦化有限公司，根据重雾霾天气橙色预警，肥城石横焦化有限公司启动应急预案减产50%，目前企业运行负荷50%。 济南·历下区 ​,11,4,15,2017-01-04 14:04:56,https://weibo.cn/comment/Epg0aosl3?uid=3557395992&rl=1#cmtfrm,肥城石横焦化,,,
泰安环境,#泰环在行动##应对重污染天气# 大雾中他们在高空坚持监测[爱你]国控污染源废气监测肥城石横焦化有限公司，根据重雾霾天气橙色预警，肥城石横焦化有限公司启动应急预案减产50%，目前企业运行负荷50%。 济南·历下区 ​,11,4,15,2017-01-04 14:04:56,https://weibo.cn/comment/Epg0aosl3?uid=3557395992&rl=1#cmtfrm,肥城石横焦化,,,
费县环境,【环境保护部通报京津冀及周边地区重污染天气督查情况】昨日，环境保护部公布了山西省临汾市山西三维瑞德焦化有限公司、山西焦化集团有限公司在线监测大气污染物日均值超标问题。今日，又对临汾市多家焦化企业用于熄焦的废水进行取样监测。发现山西三维瑞德焦化有限公司、山西焦化集团有限公司、临汾万鑫达焦化有限责任公司、临汾晋能焦化有限公司熄焦废水中化学需氧量（COD）、氨氮、挥发酚等污染物严重超标排放。 http://t.cn/R2WxT9J,2,2,3,2017-01-18 06:46:52,https://weibo.cn/comment/Erl7iCSIt?uid=3803805722&rl=1#cmtfrm,山西三维瑞德焦化,,,
临沂环境,#我们在行动#山东省固体废物和危险化学品污染防治中心吕瑞学科长一行三人对山东中绿资源再生有限公司2016年第四季度废旧家电拆解情况进行现场审核。@山东环境 ​,10,9,13,2017-01-18 16:12:38,https://weibo.cn/comment/EroOWz4be?uid=3600956903&rl=1#cmtfrm,山东中绿资源再生,,,,@山东环境
德清发布,#小编带你走基层#德清县鳖稻共生和水产养殖尾水处理通过近几年的摸索与发展，积累了丰富的经验。1月19日，绍兴市水产技术推广站站长戚正梁带领市站技术骨干与种养大户、湖州市农业局水产站周志金书记等近20人，来德清考察稻鳖共生和尾水处理工作。 ​,1,1,5,2017-01-21 17:56:03,https://weibo.cn/comment/ErRMpziIF?uid=3370533142&rl=1#cmtfrm,绍兴水处理发展,,,
长沙县公安局交警大队_平安365,#长沙县辖区路况##春运出行提示#目前，漓湘路蓝思科技前路段因事故影响东西双向车流量大，车行缓慢。长沙县交警温馨提示：安全与守法同在，事故与违法相随 。 ​,0,0,0,2017-01-13 10:43:27,https://weibo.cn/comment/EqBwQvOny?uid=3170174825&rl=1#cmtfrm,蓝思科技（长沙）,,,
德州环境,#坚决打赢生态环境治理攻坚战# 【齐河县召开环保工作现场会议】近日，齐河县召开环保工作现场会议，县委书记曲锋带领县环保局、县住建局、县城管局等相关部门主要负责人、乡镇（街道办）主要负责人，先后到县惠民水质净化厂扩建工程等生态环保治理工程进行现场检查指导。 ​,2,0,4,2017-01-17 15:11:37,https://weibo.cn/comment/EreZGl82A?uid=3577025333&rl=1#cmtfrm,齐河县惠民水质净化厂,,,
威海高区环保,@威海环境 威海热电集团利用办公大厅门口的电子显示屏倡导大家绿色出行、低碳过年。热电集团全部机组的超低排放改造于2016年12月通过了省环保厅的验收，是我省首家完成全部机组超低排放改造的地方电厂。为企业点赞！ ​,1,0,7,2017-01-23 15:36:51,https://weibo.cn/comment/Es9IUaIkY?uid=3771928005&rl=1#cmtfrm,威海热电集团,,,,@威海环境
威海高区环保,威海热电集团封闭煤场正在抓紧施工，预计今年6月底前能够投入使用。建成后可有效降低煤场堆场的扬尘污染。 ​,0,0,2,2017-01-23 15:17:05,https://weibo.cn/comment/Es9ASy66B?uid=3771928005&rl=1#cmtfrm,威海热电集团,,,
荣成发布,#荣成微提醒#【市总工会开展“送法进企”活动】近日，市总工会“送法进企”法律知识讲座第一课在市热电燃气集团有限公司开讲，威海市总工会法律顾问处有关工作人员就依法治企和增强职工法制意识进行了着重讲解。自2017年1月起，每月第一个周的周三在市总工会职工服务中心将有律师全天坐班，为#荣成#职工免费提供法律服务。,1,1,0,2017-01-02 11:20:03,https://weibo.cn/comment/EoW4f6SBF?uid=3859106822&rl=1#cmtfrm,威海热电集团,,,
临沂环境,#我们在行动# 市环境检测站站长刘忠林带队到莒南对重污染天气应急情况进行督导，检查指导重污染天气应急操作方案执行情况。山东庞疃纸业己停产3800生产线。莒南宇达建材、明阳建材全部停产。@莒南环保 ​,30,13,22,2017-01-01 17:38:17,https://weibo.cn/comment/EoP7hwJwT?uid=3600956903&rl=1#cmtfrm,山东庞疃纸业,,,,@莒南环保
临沂环境,#我们在行动# 市环境检测站站长刘忠林带队到莒南对重污染天气应急情况进行督导，检查指导重污染天气应急操作方案执行情况。山东庞疃纸业己停产3800生产线。莒南宇达建材、明阳建材全部停产。@莒南环保 ​,30,13,22,2017-01-01 17:38:17,https://weibo.cn/comment/EoP7hwJwT?uid=3600956903&rl=1#cmtfrm,山东庞疃纸业,,,,@莒南环保
市中环保,"山东多地再遭霾伏 停产限产名单“扩容”需公开 】11日16时,济南市重污染天气应急工作指挥部办公室对外发布重污染天气蓝色预警,并且启动Ⅳ级应急响应,预计济南12日空气质量将是重度污染。这已经是2016年入冬以来,济南第6次发布重污染天气预警。为了应对冬季雾霾高发,我们在企业减排上又做了哪些工作?我们还能做什么?http://t.cn/RMS5XZR",0,11,0,2017-01-13 09:05:44,https://weibo.cn/comment/EqrBK0PjY?rl=1#cmtfrm,山东水泥厂,1,山东环境,"转发理由:济南采取限产方式减排,并列有两个清单,一个是季节性工业企业停产和燃料调整清单,另一个就是重污染天气应急预案“一企一策”清单。“一企一策”中的73家企业涉及6大重污染行业,包括山东华志混凝土有限公司、山东水泥厂有限公司、济南裕兴化工有限责任公司、山东钢铁股份有限公司济南分公司等企业。      "
平阴环保,"山东多地再遭霾伏 停产限产名单“扩容”需公开 】11日16时,济南市重污染天气应急工作指挥部办公室对外发布重污染天气蓝色预警,并且启动Ⅳ级应急响应,预计济南12日空气质量将是重度污染。这已经是2016年入冬以来,济南第6次发布重污染天气预警。为了应对冬季雾霾高发,我们在企业减排上又做了哪些工作?我们还能做什么?http://t.cn/RMS5XZR",0,11,0,2017-01-12 15:58:58,https://weibo.cn/comment/EqrBK0PjY?rl=1#cmtfrm,山东水泥厂,1,山东环境,"转发理由:济南采取限产方式减排,并列有两个清单,一个是季节性工业企业停产和燃料调整清单,另一个就是重污染天气应急预案“一企一策”清单。“一企一策”中的73家企业涉及6大重污染行业,包括山东华志混凝土有限公司、山东水泥厂有限公司、济南裕兴化工有限责任公司、山东钢铁股份有限公司济南分公司等企业。      "
市中环保,"山东多地再遭霾伏 停产限产名单“扩容”需公开 】11日16时,济南市重污染天气应急工作指挥部办公室对外发布重污染天气蓝色预警,并且启动Ⅳ级应急响应,预计济南12日空气质量将是重度污染。这已经是2016年入冬以来,济南第6次发布重污染天气预警。为了应对冬季雾霾高发,我们在企业减排上又做了哪些工作?我们还能做什么?http://t.cn/RMS5XZR",0,11,0,2017-01-12 13:18:45,https://weibo.cn/comment/EqrBK0PjY?rl=1#cmtfrm,山东水泥厂,1,山东环境,"转发理由:济南采取限产方式减排,并列有两个清单,一个是季节性工业企业停产和燃料调整清单,另一个就是重污染天气应急预案“一企一策”清单。“一企一策”中的73家企业涉及6大重污染行业,包括山东华志混凝土有限公司、山东水泥厂有限公司、济南裕兴化工有限责任公司、山东钢铁股份有限公司济南分公司等企业。      "
济南环保,"山东多地再遭霾伏 停产限产名单“扩容”需公开 】11日16时,济南市重污染天气应急工作指挥部办公室对外发布重污染天气蓝色预警,并且启动Ⅳ级应急响应,预计济南12日空气质量将是重度污染。这已经是2016年入冬以来,济南第6次发布重污染天气预警。为了应对冬季雾霾高发,我们在企业减排上又做了哪些工作?我们还能做什么?http://t.cn/RMS5XZR",10,11,14,2017-01-12 10:40:44,https://weibo.cn/comment/EqrBK0PjY?rl=1#cmtfrm,山东水泥厂,1,山东环境,"转发理由:济南采取限产方式减排,并列有两个清单,一个是季节性工业企业停产和燃料调整清单,另一个就是重污染天气应急预案“一企一策”清单。“一企一策”中的73家企业涉及6大重污染行业,包括山东华志混凝土有限公司、山东水泥厂有限公司、济南裕兴化工有限责任公司、山东钢铁股份有限公司济南分公司等企业。      "
沈阳环保,#沈阳环保工作现场# 沈阳市环境监测中心站对沈阳新北热电有限公司的1#、2#、4#、5#、6#锅炉大气污染物排放状况进行监督性监测，并对其中安装在锅炉上的4套在线设备进行数据有效性比对监测。大冷天的，各位小伙伴们爬高上低时，一定注意保暖和安全[爱你] ​,9,5,1,2017-01-19 16:55:57,https://weibo.cn/comment/Eryx1w6dQ?uid=2765022325&rl=1#cmtfrm,沈阳新北热电,,,
诸暨发布,近日，2016年度国家知识产权示范企业和国家知识产权优势企业评审工作已经完成。我市浙江盾安人工环境股份有限公司和浙江富润印染有限公司分别被认定为2016年度国家知识产权示范企业和2016年度国家知识产权优势企业。截止目前，我市拥有国家知识产权示范企业2家，国家知识产权优势企业5家。来源：科技局,1,0,1,2017-01-01 14:30:03,https://weibo.cn/comment/EoNSSdmFT?uid=5361707226&rl=1#cmtfrm,浙江富润印染,,,
青岛环保,#冬控##抗霾保卫战#上午，市局副局长汉红燕带队检查了黄岛区青岛炼化、大唐电厂、恒源热电3家企业。同时黄岛分局三个执法检查组，分别检查了8家工地，2家橡胶企业，3家热电企业，4家商混企业，2家生物质锅炉使用单位。要求4家存在问题的建筑工地进行整改。 ​,2,0,0,2017-01-02 14:39:39,https://weibo.cn/comment/EoXngbskV?uid=3245359303&rl=1#cmtfrm,青岛恒源热电,,,
青岛环保,#冬控##抗霾保卫战#市监察支队在黄岛检查恒源热电应急措施落实情况 ​,0,0,0,2017-01-02 14:33:21,https://weibo.cn/comment/EoXkHuTR2?uid=3245359303&rl=1#cmtfrm,青岛恒源热电,,,
淄博环保,#生态淄博建设百日行动# 省厅督导组在鑫胜热电督导应急响应落实情况。@山东环境 ​,1,1,4,2017-01-17 10:41:15,https://weibo.cn/comment/ErddWo37B?uid=3114085181&rl=1#cmtfrm,淄博鑫胜热电,,,,@山东环境
安徽发布,#微播江淮#【安徽新添3家国家重点实验室】分别是：依托淮南矿业(集团)有限责任公司组建的“深部煤炭开采与环境保护国家重点实验室”、依托中钢集团马鞍山矿山研究院有限公司组建的“金属矿山安全与健康国家重点实验室”和依托蚌埠玻璃工业设计研究院组建的“浮法玻璃新技术国家重点实验室”。[赞] ​,3,2,5,2017-01-21 14:30:30,https://weibo.cn/comment/ErQqYDPiS?uid=3011694992&rl=1#cmtfrm,淮南矿业（集团）,,,
临沂环境,#重污染天气应急响应，我们在行动# 1月5日，市环保局党组成员、副局长王乐玉带队陪同省厅重污染天气应急督导组检查。第一站，现场查看南坊新区南京路加油站油气回收装置；第二站，费县沂州水泥有限公司，已落实二级预警应急措施停产；第三站，费县国电发电有限公司，已落实二级预警应急措施，2号炉停产；第四站，费县妇幼保健院新院建筑工地已停工。,14,13,19,2017-01-05 16:35:22,https://weibo.cn/comment/EpqpJ8Dlf?uid=3600956903&rl=1#cmtfrm,费县沂州水泥,,,
临沂环境,#重污染天气应急响应，我们在行动# 1月5日，市环保局党组成员、副局长王乐玉带队陪同省厅重污染天气应急督导组检查。第一站，现场查看南坊新区南京路加油站油气回收装置；第二站，费县沂州水泥有限公司，已落实二级预警应急措施停产；第三站，费县国电发电有限公司，已落实二级预警应急措施，2号炉停产；第四站，费县妇幼保健院新院建筑工地已停工。,14,13,19,2017-01-05 16:35:22,https://weibo.cn/comment/EpqpJ8Dlf?uid=3600956903&rl=1#cmtfrm,费县沂州水泥,,,
费县环境,#重污染天气应急响应，我们在行动# 省环保厅督查组来费县督导重污染天气应急落实情况，市局副局长王乐玉、县政府副县长戚广振、县环保局局长张学松陪同检查，第一站费县沂州水泥已停产。 临沂·费县 ​,3,2,3,2017-01-05 12:11:11,https://weibo.cn/comment/EpoGuzabk?uid=3803805722&rl=1#cmtfrm,费县沂州水泥,,,
费县环境,“记者日前从山东省物价部门获悉，华能山东发电有限公司下属的17家电厂，临沂发电有限公司、烟台发电有限公司、聊城热电有限公司、德州电厂、莱芜热电、莱城发电厂、众泰发电有限公司、黄台发电有限公司、沾化电厂、辛店电厂、日照电厂、济宁电厂、白杨河发电有限公司、济宁高新区热电有限公司、济宁运河发电有限公司、嘉祥发电有限公司、威海发电有限责任公司因环保电价问题违规，合计被物价部门罚款795万多元。”,4,3,3,2017-01-13 22:34:10,https://weibo.cn/comment/EqGbkprUW?uid=3803805722&rl=1#cmtfrm,华能临沂发电,,,
西南铁路,#2017铁路春运##成铁一线#【水城站打好春运货运攻坚战】连日来，针对首钢集团水城钢铁有限责任公司（以下简称水钢）重车密集到达的实际，六盘水车务段水城站全力以赴，打响了春运货运攻坚第一战。1月13日至17日，该站到达重车2001车、装车501车、发送货物31415吨。　　为保证春节期间高炉正常生产，水钢在春运客流高峰来临前采购铁矿石、铁矿粉密集发回厂部，造成水城站近期重车密集到达，车站运输组织压力巨大。　　为打好运输攻坚战，该站提前收集在途、在站重车信息，预先腾空到发线、交接线，到达一列及时转场一列；对水钢待发重车、排空车及时联系路局调度部门，积极组织动力及时挂运，压缩停时，保证站内运输畅通；加强内部协作，保证交接、检查、报告、票据传递各环节紧密衔接；调车组、调车机、运转室加强调乘一体化联控、互控，严格作业标准，确保货运安全高效。（孔维丽娅  李达忠）,3,1,27,2017-01-22 09:22:09,https://weibo.cn/comment/ErXQjApoz?uid=1919955065&rl=1#cmtfrm,首钢水城钢铁（集团）,,,
界首发布,#权威发布# 【天能集团（安徽）获省信息化与工业化融合示范企业称号】省经信委公布2016年信息化与工业化融合示范企业，界首市天能电池集团（安徽）有限公司榜上有名。截止目前，全市已有6家两化融合示范企业，总数居皖北县市第一。 ​,1,0,0,2017-01-10 20:24:30,https://weibo.cn/comment/Eqd3d2bey?uid=2230474770&rl=1#cmtfrm,天能电池集团（安徽）,,,
昆山市环境保护局,关于昆山市千灯污水处理有限公司，在江苏省企业自行监测平台上数据显示，其氨氮数据显示连续多日超标排放说明。网友您好！根据《城镇污水处理厂污染物排放标准》，水温>12℃时氨氮排放标准为5mg/l，水温≤12℃时氨氮排放标准为8mg/l。由于气温下降，11月25日开始污水处理厂 氨氮排放标准执行 8 mg/l 。自测信息发布平台上氨氮的标准，千灯污水处理厂没有给予修改。近期千灯污水厂氨氮有5mg/l以上，导致平台上显示超标。对照8mg/l的标准，千灯污水厂氨氮没有超标。,0,1,1,2017-01-05 14:38:43,https://weibo.cn/comment/EppEnrjI8?uid=2625335663&rl=1#cmtfrm,昆山市污水处理公司,,,
延安市文明办,延安石油化工厂举办“迎新春 送春联”公益活动延安石油化工厂举办“迎新春 送春联”公益活动 ​,0,0,1,2017-01-20 14:53:16,https://weibo.cn/comment/ErH9J3Cu2?uid=2590190170&rl=1#cmtfrm,延安石油化工厂,,,
龙口环境,山东空气观察#2017年01月04日18点，华电龙口发电股份有限公司（山东百年电力发展股份有限公司）在线监测数据，希望排放浓度高的企业作出公开说明！#蔚蓝地图#@烟台环境 @绿行齐鲁 @蔚蓝地图 @公众环境马军 http://t.cn/RMAno2R ​,1,7,9,2017-01-09 15:20:18,https://weibo.cn/comment/EphILok3V?rl=1#cmtfrm,华电龙口发电股份,1,山东空气观察团,转发理由:回复@烟台环境: 华电龙口发电股份有限公司 #3、#4机组大气污染物执行标准的说明      您好，您反映问题是华电龙口发电股份有限公司#3、#4机组2017年1月4日16时大气污染物在线监测数据超标，经龙口市环保局调查您所反映的#3、#4机组大气污染物在线监测数据超标问题是由于您所使用平台所标注执行标准有误      ,@烟台环境,@绿行齐鲁,@蔚蓝地图,@公众环境马军,@烟台环境
北海发布,#发展北海#北海炼化首批航空煤油出厂 ，结束中国石化在北部湾不产航油历史[威武]】2016年12月28日，随着中国石化北海炼化有限责任公司生产的首批28吨航煤销往北海福成机场，中国石化结束了在北部湾不能生产航空煤油的历史。       在当日举行的首发仪式上，一辆大型油罐车装载着28吨航空煤油缓缓驶离装车台，开往北海福成机场，标志着中国石北海炼化公司航空煤油产品正式的投放市场。       据了解，北海机场航空油料基本由中石油广西钦州公司或区外提供，距北海福成机场相对较远。而位于北海市铁山港区的中国石化北海炼化公司，距北海福成机场只有30公里，由该公司提供航空煤油，大大缩减了运距，对北海航空业的发展有着积极促进作用。       据介绍，中国石化北海炼化公司50万吨/年航煤加氢装置，于今年5月上旬成功试生产出航空煤油产品。后经国产航空油料鉴定委员会评审认证，批准中国石化北海炼化公司取得生产3#航空喷气燃料的资质。图为北海炼化首车航煤出厂。（北海日报）,2,1,2,2017-01-02 14:17:34,https://weibo.cn/comment/EoXejfONe?uid=2177412401&rl=1#cmtfrm,中国石化北海炼化,,,
昆明市环保局,#行政处罚# 昆明市环境保护局行政处罚决定书（昆环罚字〔2017〕1号）——云南西部水务有限公司监测数据弄虚作假一案，经昆明市环境监察支队调查，现已审查终结。http://t.cn/RMoG04H ​,0,0,0,2017-01-12 16:38:17,https://weibo.cn/comment/Equqnqy8i?uid=3806199621&rl=1#cmtfrm,云南西部水务,,,
大丰市环保志愿者,2017年01月24日10点，怀宁上峰水泥有限公司在线监测数据，希望排放浓度高的企业作出公开说明！#蔚蓝地图# http://t.cn/RVFX0nY ​,0,0,0,2017-01-24 10:49:49,https://weibo.cn/comment/EshgTsaXe?uid=1707640501&rl=1#cmtfrm,怀宁上峰水泥,,,
宜兴发布,【国信协联喜报频频】近日，江苏国信协联能源有限公司好消息频传：获评2016年“中国进出口质量诚信企业”；专利“柠檬酸色谱提取法废液的处理和再利用方法”获第十八届中国专利优秀奖；与江南大学合作项目“柠檬酸高效创制及工业化应用”获中国轻工业联合会技术进步二等奖。 ​,0,0,0,2017-01-19 15:06:03,https://weibo.cn/comment/ErxOq2Xgu?uid=3923522861&rl=1#cmtfrm,江苏国信协联能源,,,
青岛环保,【老企业搬出“青岛经验” 获央视点赞】青岛钢铁、海晶化工、双桃精化、青岛碱业、青岛重工……这些曾经坐落在市区的老工业企业，犹如一个个坐标，标注着这座城市的一段经济发展史。青岛倾力推动老城区企业环保搬迁战略，经济实现转型升级，产业结构日趋优化，城市经济实力实现新跨越。老企业搬迁的共赢局面，被央视誉为“青岛经验”。 http://t.cn/Rxbdkgc,1,5,4,2017-01-25 09:10:16,https://weibo.cn/comment/Esq2Z8sB0?uid=3245359303&rl=1#cmtfrm,青岛钢铁,,,
青岛环保,#回音#近期有网友反映后海热电大烟筒冒烟，@李沧环保 进行了调查，青岛后海热电有限公司为李沧西部区域的供热单位，有4台燃煤锅炉，产生烟气经脱硫、脱硝、除尘系统处理后排放，烟气污染物排放情况实行24小时在线监控。查看近期在线监控历史数据并经落实，未发现污染物浓度超标现象，网友看到的冒黑烟情况，可能与天气及光线角度有关系。该公司作为国控重点企业，国家省也对其在线数据进行实时监控，@李沧环保 除组织定期例行检查外，还经常不定期的进行错时检查、监测，确保企业污染防治设施正常运行，污染物稳定达标排放。@李沧环保 将继续加强企业监管，一旦发现环境违法行为将严肃查处。,3,3,6,2017-01-06 16:54:43,https://weibo.cn/comment/EpzY4kdhw?uid=3245359303&rl=1#cmtfrm,青岛后海热电,,,,@李沧环保,@李沧环保,@李沧环保
杭州发布,【浙江超半数国家级科技孵化器在杭州[耶]】#创新杭州#近年来，杭州全面推进“一号工程”，打造全球领先的“互联网+”创新创业中心，不断开拓“众创空间—孵化器”的全过程孵化链条体系建设。至此，杭州共有国家级科技企业孵化器30家，占全省50.8%；拥有省级科技企业孵化器51家，占全省47.22%。 ​,8,9,36,2017-01-06 17:01:08,https://weibo.cn/comment/EpA0Giymk?uid=5211979483&rl=1#cmtfrm,全创科技,,,
威海环境,关于荣成邱家水产有限公司热电厂二氧化硫排放超标问题的调查处理情况#接到@蔚蓝天空反映的荣成市邱家水产有限公司热电厂二氧化硫排放超标的问题后，我局高度重视，立即安排执法人员前往现场进行调查，现将有关情况报告如下：        一、基本情况       经查，荣成邱家水产有限公司热电厂隶属于好当家集团，成立于1996年，2004年进行二期扩建工程，二期工程投入使用的同时一期工程停止使用。该厂于2005年8月配套建设了高效静电除尘；2009年7月配套建设了炉外湿法脱硫工程，并安装了在线监测装置；20 14年12月配套建设了脱硝工程，脱硝方式为SNCR法。       二、查处情况       经现场调查了解，2017年1月1日山东省实施了新的大气污染物排放标准，由于该厂75吨锅炉的脱硫设备陈旧，达不到新的排放标准，导致二氧化硫日均值浓度超标。       针对上述问题，我局对该厂下达了《环境违法行为限期改正通知书》，责令采取如下整改措施：一是限制生产，降低生产负荷。二是加强燃煤管理，调整使用低硫煤，确保二氧化硫达标排放。三是尽快完成设备升级，达到超低排放标准。       目前，该厂已按照环保部门的要求，减少工业用气量，降低生产负荷，使用含硫率低于0.4%的低硫煤，二氧化硫日均值浓度现已达标排放。       三、下步措施       我局将加大对该厂的执法监管力度，加密现场检查频次，同时做好污染物排放的监督性监测工作，确保该厂污染物稳定达标排放。@山东环境 @威海环境 @蔚蓝天空,1,3,21,2017-01-12 09:17:05,https://weibo.cn/comment/Eqrl0fN8V?rl=1#cmtfrm,荣成邱家水产,1,荣成环境,,@蔚蓝天空反映的荣成市邱家水产有限公司热电厂二氧化硫排放超标的问题后,@山东环境,@威海环境,@蔚蓝天空,@山东环境,@威海发布,@公众环境马军
荣成环境,#关于荣成邱家水产有限公司热电厂二氧化硫排放超标问题的调查处理情况#接到@蔚蓝天空反映的荣成市邱家水产有限公司热电厂二氧化硫排放超标的问题后，我局高度重视，立即安排执法人员前往现场进行调查，现将有关情况报告如下：        一、基本情况       经查，荣成邱家水产有限公司热电厂隶属于好当家集团，成立于1996年，2004年进行二期扩建工程，二期工程投入使用的同时一期工程停止使用。该厂于2005年8月配套建设了高效静电除尘；2009年7月配套建设了炉外湿法脱硫工程，并安装了在线监测装置；20 14年12月配套建设了脱硝工程，脱硝方式为SNCR法。       二、查处情况       经现场调查了解，2017年1月1日山东省实施了新的大气污染物排放标准，由于该厂75吨锅炉的脱硫设备陈旧，达不到新的排放标准，导致二氧化硫日均值浓度超标。       针对上述问题，我局对该厂下达了《环境违法行为限期改正通知书》，责令采取如下整改措施：一是限制生产，降低生产负荷。二是加强燃煤管理，调整使用低硫煤，确保二氧化硫达标排放。三是尽快完成设备升级，达到超低排放标准。       目前，该厂已按照环保部门的要求，减少工业用气量，降低生产负荷，使用含硫率低于0.4%的低硫煤，二氧化硫日均值浓度现已达标排放。       三、下步措施       我局将加大对该厂的执法监管力度，加密现场检查频次，同时做好污染物排放的监督性监测工作，确保该厂污染物稳定达标排放。@山东环境 @威海环境 @蔚蓝天空,1,3,24,2017-01-12 08:46:48,https://weibo.cn/comment/Eqrl0fN8V?uid=1276951912&rl=1#cmtfrm,荣成邱家水产,,,,@蔚蓝天空反映的荣成市邱家水产有限公司热电厂二氧化硫排放超标的问题后,@山东环境,@威海环境,@蔚蓝天空
临沂环境,#我们在行动# 局党组成员、副局长于长江带队第二夜查组进行检查。第二站山东光华纸业集团有限公司。企业正常生产中。[good][good][good] ​,15,9,12,2017-01-24 22:52:14,https://weibo.cn/comment/Esm07C3Re?uid=3600956903&rl=1#cmtfrm,山东光华纸业集团,,,
