沈阳车辆段,#沈辆动态#为确保春运旅客运输，大连运用运用车间开展车门专项整治，车上班职工给发电车侧门安装防雨压板，确保列车运用质量。@沈阳铁路 ​,0,0,0,2017-01-16 08:28:02,https://weibo.cn/comment/Er2VnaTY3?uid=3147975361&rl=1#cmtfrm,大连发电,,,,@沈阳铁路,1
金华绿色之友,@余姚市环保局12369 @宁波市环境保护局 @浙江环保 宁波众茂姚北热电有限公司1月13号开始氮氧化物连续三天超标，在企业自行检测平台中监测方案下载却为永嘉绿色动力再生能源有限公司，与热电公司不符，请关注查询。 ​,0,0,0,2017-01-16 09:09:40,https://weibo.cn/comment/Er3ch08ei?uid=2768331107&rl=1#cmtfrm,宁波众茂姚北热电,,,,@余姚市环保局12369,@宁波市环境保护局,@浙江环保,3
金华绿色之友,@永康环保官微 @金华市环保局 @浙江环保 永康市伟明能源环保有限公司在1月12号烟尘超标排放0.32倍，请关注。 ​,0,2,0,2017-01-13 10:49:04,https://weibo.cn/comment/EqBz85vBY?uid=2768331107&rl=1#cmtfrm,永康市伟明环保能源,,,,@永康环保官微,@金华市环保局,@浙江环保,2
Ksana海宁,Ksana海宁  关于反映市区烟囱未达标排放一事，经我部门调查已形成正式结果，请阅。@问政银川 @银川环保 ​,1,1,0,2017-01-13 18:57:15,https://weibo.cn/comment/EqE48Elu4?rl=1#cmtfrm,宁夏电投银川热电,1,银川环境监察,转发理由:非常感谢@银川环境监察 ，期待宁夏电投热电为了银川蓝天而做出的改进。[赞]      ,@问政银川,@银川环保,@银川环境监察,2
PECC-LN,绍兴志仁印染有限公司，在浙江省企业自行监测平台上数据显示，其氨氮数据显示间断性超标排放，请 @环保部发布 关注，请  @浙江环保 @绍兴-环保 给予说明。 @绿色江南公众环境关注中心 @蔚蓝地图#蔚蓝地图# @PECC-LiJ @PECC-米菲 ​,0,1,2,2017-01-05 10:53:59,https://weibo.cn/comment/Epoba0QNN?uid=5907562386&rl=1#cmtfrm,绍兴志仁印染,,,,@环保部发布,@浙江环保,@绍兴-环保,@绿色江南公众环境关注中心,@蔚蓝地图,2
秦皇岛同城会,#秦皇岛身边事# 【秦皇岛多个光伏发电项目建成 部分项目在建中】日前，河北省发改委公布2016年第三批普通光伏发电项目并网计划名单，秦皇岛市中硅抚宁傍水涯、青龙隔河头南新庄、青龙陈杖子光伏发电项目各获得20兆瓦发电计划指标。据了解，秦皇岛市共有8个光伏项目获得150兆瓦发电计划指标，其中四个项目的80兆瓦已经建成投产，其余也已开工建设，有望在2017年建成达产。@秦皇岛发布,6,8,9,2017-01-03 22:33:54,https://weibo.cn/comment/Ep9Ug1JSP?uid=1787436885&rl=1#cmtfrm,秦皇岛发电,,,,@秦皇岛发布,1
秦皇岛同城会,#秦皇岛身边事# 【秦皇岛多个光伏发电项目建成 部分项目在建中】日前，河北省发改委公布2016年第三批普通光伏发电项目并网计划名单，秦皇岛市中硅抚宁傍水涯、青龙隔河头南新庄、青龙陈杖子光伏发电项目各获得20兆瓦发电计划指标。据了解，秦皇岛市共有8个光伏项目获得150兆瓦发电计划指标，其中四个项目的80兆瓦已经建成投产，其余也已开工建设，有望在2017年建成达产。@秦皇岛发布,6,8,9,2017-01-03 22:33:54,https://weibo.cn/comment/Ep9Ug1JSP?uid=1787436885&rl=1#cmtfrm,秦皇岛发电,,,,@秦皇岛发布,1
金华绿色之友,@永康环保官微 @金华市环保局 @浙江环保 永康市伟明能源环保有限公司在1月12号烟尘超标排放0.32倍，请关注。 ​,0,2,0,2017-01-13 10:49:04,https://weibo.cn/comment/EqBz85vBY?uid=2768331107&rl=1#cmtfrm,永康市伟明能源环保,,,,@永康环保官微,@金华市环保局,@浙江环保,2
米琳达tulip,@公众环境马军 @陕西环保 2017年01月04日16点，冀东海德堡（泾阳）水泥有限公司在线监测数据，希望排放浓度高的企业作出公开说明。#蔚蓝地图#http://t.cn/RI32lCR ​,2,5,18,2017-01-04 16:31:33,https://weibo.cn/comment/EpgXGeyoJ?uid=2267361792&rl=1#cmtfrm,冀东海德堡（泾阳）水泥,,,,@公众环境马军,@陕西环保,1
克里桑斯美美樱花,2017年01月04日16点，冀东海德堡（泾阳）水泥有限公司在线监测数据，希望排放浓度高的企业作出公开说明！#蔚蓝地图# http://t.cn/RI32lCR @陕西环保 ​,0,0,0,2017-01-04 16:57:50,https://weibo.cn/comment/Eph8lgYgj?uid=2805183624&rl=1#cmtfrm,冀东海德堡（泾阳）水泥,,,,@陕西环保,1
米琳达tulip,@公众环境马军 @陕西环保 2017年01月04日16点，冀东海德堡（泾阳）水泥有限公司在线监测数据，希望排放浓度高的企业作出公开说明。#蔚蓝地图#http://t.cn/RI32lCR ​,2,5,18,2017-01-04 16:31:33,https://weibo.cn/comment/EpgXGeyoJ?uid=2267361792&rl=1#cmtfrm,冀东海德堡（泾阳）水泥,,,,@公众环境马军,@陕西环保,1
绿色秦巴,2017年01月03日11点，冀东海德堡（泾阳）水泥有限公司在线监测数据，希望排放浓度高的企业作出公开说明！#蔚蓝地图# 请@陕西环保 关注，请企业给出说明。@环保部发布 @公众环境马军 http://t.cn/RI32lCR ​,0,0,0,2017-01-03 11:04:46,https://weibo.cn/comment/Ep5oxxOpc?uid=5462407856&rl=1#cmtfrm,冀东海德堡（泾阳）水泥,,,,@陕西环保,@环保部发布,@公众环境马军,1
PECC-LiJ,江西洪城水业环保有限公司南康分公司，在江西省环境质量信息发布平台上数据显示，其氨氮数据显示连读多日超标排放，请 @江西环保 @赣州市环境保护局  给予说明。 @绿色江南公众环境关注中心 @蔚蓝地图#蔚蓝地图# @PECC_LN @PECC-CB ​,0,1,2,2017-01-20 14:09:01,https://weibo.cn/comment/ErGRLnFWY?uid=6064184520&rl=1#cmtfrm,江西省洪城水业环保,,,,@江西环保,@赣州市环境保护局,@绿色江南公众环境关注中心,@蔚蓝地图,2
PECC-LN,江西洪城水业环保有限公司吉水分公司，在江西省环境质量信息发布平台上数据显示，其PH数据显示连读多日超标排放，请 @江西环保 @吉安市环境保护局 给予说明。 @绿色江南公众环境关注中心 @蔚蓝地图#蔚蓝地图# @PECC-LiJ ​,0,1,2,2017-01-03 16:28:38,https://weibo.cn/comment/Ep7w0qWIB?uid=5907562386&rl=1#cmtfrm,江西省洪城水业环保,,,,@江西环保,@吉安市环境保护局,@绿色江南公众环境关注中心,@蔚蓝地图,2
PECC-LiJ,韩城市合力煤焦有限责任公司，在陕西省国家重点监控企业监测信息发布平台上数据显示，其氮氧化物数据显示连续多日超标排放，请 @环保部发布 关注，请 @陕西环保   给予说明。@绿色江南公众环境关注中心 @蔚蓝地图 #蔚蓝地图# @PECC_LN @PECC-CB ​​​​,0,0,3,2017-01-25 13:30:33,https://weibo.cn/comment/EsrKDiG99?uid=6064184520&rl=1#cmtfrm,韩城市合力煤焦,,,,@环保部发布,@陕西环保,@绿色江南公众环境关注中心,@蔚蓝地图,1
哈南环保,平房区拆炉并网   解决冬季烟尘污染为全面落实《哈尔滨市人民政府关于印发哈尔滨市大气污染防治专项行动方案（2016-2018年）的通知》精神，平房区政府协调哈尔滨平房物业供热有限责任公司与国电哈尔滨平南热电厂实施集中供热并网工程，并网工程从2016年9月29日启动，到11月19日并网管线工程全面竣工， 2016年12月29日全部锅炉房并网结束。本工程总投入9082.45万元，共并网10处锅炉房，27台锅炉517吨位，拔10处烟囱。通过拆炉并网，年节省用煤量约57507吨。在冬季施工过程中，遇到的主要问题是焊接困难，保温管接口发泡效果不好，难度大，工程技术人员通过指导工人加热发泡剂等方式克服困难，按计划完成老城区并网工作。平房物业供热公司没并网的锅炉房，预计2017年夏天完成并网工作。@哈尔滨环保,1,1,1,2017-01-17 10:20:10,https://weibo.cn/comment/Erd5nllEx?uid=5616623551&rl=1#cmtfrm,哈尔滨热电,,,,@哈尔滨环保,1
IPE_绿色金融,哈尔滨哈投投资股份有限公司（600864.SH）下属子公司黑龙江岁宝热电有限公司在黑龙江省重点监控企业环境自行监测信息发布平台上数据显示烟尘多日连续超标，曾因烟尘半月连续超排位列IPE“第61期 12.1-12.15上市公司环境风险提示”第一名，也曾于去年11月名列环境保护部公布的“东北地区大气污染物涉嫌超标企业名单”。请@环保部发布 关注，请@龙江环保 给予说明。@蔚蓝地图,0,0,2,2017-01-06 11:33:27,https://weibo.cn/comment/EpxRF46Yr?uid=1771847715&rl=1#cmtfrm,哈尔滨热电,,,,@环保部发布,@龙江环保,@蔚蓝地图,1
绿色秦巴,2017年01月03日11点，陕西延长石油榆林煤化有限公司在线监测数据，希望排放浓度高的企业作出公开说明！#蔚蓝地图# 请@陕西环保 关注，请延长集团给出说明。@环保部发布 @公众环境马军 @华商报 http://t.cn/RVlF3jl ​,0,0,0,2017-01-03 11:07:51,https://weibo.cn/comment/Ep5pNi1QX?uid=5462407856&rl=1#cmtfrm,陕西延长石油(集团),,,,@陕西环保,@环保部发布,@公众环境马军,@华商报,1
Gondora,@武汉环保 2017年01月08日22点，武汉市城市排水发展有限公司三金潭污水处理厂在线监测数据，希望排放浓度高的企业作出公开说明。#蔚蓝地图#http://t.cn/RMfMqBw ​,0,0,0,2017-01-08 22:57:08,https://weibo.cn/comment/EpVcaFIcf?uid=2694907815&rl=1#cmtfrm,武汉市城市排水发展,,,,@武汉环保,1
中国石化塔河炼化公司,个雷同的“中石化”，幸好带钱了。 ​,31,22,36,2017-01-03 13:33:17,https://weibo.cn/comment/EoVtb8HFn?rl=1#cmtfrm,中国石化塔河炼化,1,M姐姐M姐姐,转发理由:一卡在手，防止山寨//@石化实说: 加油一定要带加油卡，别被山寨了[doge]//@江汉人方圆: 山寨……      ,@石化实说,@江汉人方圆,1
Sun-ye,深圳景旺电子食堂(西乡铁岗)存在严重安全隐患。员工饭菜里多次吃出虫子[毛毛虫] 。1.6号大部分人吃的拉肚子。今早我又中奖了，好恶心啊@深圳卫生监督 @食安深圳 @深圳市消费者委员会 @深圳食品药品监管 @深圳新闻网 @深圳晚报 @深圳卫视 深圳·宝安区 ​,0,0,1,2017-01-15 12:22:54,https://weibo.cn/comment/EqV2d67r2?uid=2424515253&rl=1#cmtfrm,景旺电子(深圳),,,,@深圳卫生监督,@食安深圳,@深圳市消费者委员会,@深圳食品药品监管,@深圳新闻网,@深圳晚报,@深圳卫视,1
PECC-LiJ,江西六国化工有限责任公司，在江西省环境质量信息发布平台上数据显示，其氨氮数据显示间断性超标排放，请@环保部发布 关注，请 @江西环保 @鹰潭环境保护局   给予说明。 @绿色江南公众环境关注中心 @蔚蓝地图 #蔚蓝地图# @PECC_LN @PECC-LiJ ​ ​​​​,0,0,1,2017-01-23 15:39:39,https://weibo.cn/comment/Es9K2wsq6?uid=6064184520&rl=1#cmtfrm,江西六国化工,,,,@环保部发布,@江西环保,@鹰潭环境保护局,@绿色江南公众环境关注中心,@蔚蓝地图,2
吹过西海岸的风,2017年01月17日09点，涞水冀东水泥有限责任公司在线监测数据，希望排放浓度高的企业作出公开说明！#蔚蓝地图# http://t.cn/RfEux6o @河北新闻网官方 @河北省环保厅 @新浪河北@河北天气 ​,0,0,0,2017-01-17 09:03:34,https://weibo.cn/comment/ErcAitlle?uid=2826078080&rl=1#cmtfrm,涞水冀东水泥,,,,@河北新闻网官方,@河北省环保厅,@新浪河北,@河北天气,1
PECC-LiJ,浙江大和纺织印染服装（集团）有限公司 ，在浙江省企业自行监测信息公开平台上数据显示，其COD数据显示连续多日超标排放。请 @环保部发布 关注，请 @浙江环保 @绍兴-环保   给予说明。@绿色江南公众环境关注中心 @蔚蓝地图#蔚蓝地图# @PECC_LN @PECC-CB ​​​​,0,1,6,2017-01-19 16:22:54,https://weibo.cn/comment/EryjC3lbc?uid=6064184520&rl=1#cmtfrm,浙江大和纺织印染服装（集团）,,,,@环保部发布,@浙江环保,@绍兴-环保,@绿色江南公众环境关注中心,@蔚蓝地图,2
环境保护主义者联盟,排超排，#一目了然# //http://t.cn/RMSaV0e (分享自@搜狐新闻客户端) // ​,0,1,0,2017-01-12 11:14:17,https://weibo.cn/comment/Eqscjl7Qo?rl=1#cmtfrm,绍兴市新民热电,1,邹毅的邹,,@搜狐新闻客户端,@江苏环保,@浙江环保,2
IPE_绿色金融,哈尔滨哈投投资股份有限公司（600864.SH）下属子公司黑龙江岁宝热电有限公司在黑龙江省重点监控企业环境自行监测信息发布平台上数据显示烟尘多日连续超标，曾因烟尘半月连续超排位列IPE“第61期 12.1-12.15上市公司环境风险提示”第一名，也曾于去年11月名列环境保护部公布的“东北地区大气污染物涉嫌超标企业名单”。请@环保部发布 关注，请@龙江环保 给予说明。@蔚蓝地图,0,0,2,2017-01-06 11:33:27,https://weibo.cn/comment/EpxRF46Yr?uid=1771847715&rl=1#cmtfrm,哈尔滨哈投投资股份,,,,@环保部发布,@龙江环保,@蔚蓝地图,1
PECC-LiJ,陕西陕北乾元能源化工有限责任公司 ，在陕西省国家重点监控企业监测信息发布平台上数据显示，其氮氧化物数据显示连续多日超标排放，请 @环保部发布 关注，请 @陕西环保   给予说明。@绿色江南公众环境关注中心 @蔚蓝地图 #蔚蓝地图# @PECC_LN @PECC-CB ​​​​,0,1,3,2017-01-24 13:50:34,https://weibo.cn/comment/EsisgyeKl?uid=6064184520&rl=1#cmtfrm,陕西陕北乾元能源化工,,,,@环保部发布,@陕西环保,@绿色江南公众环境关注中心,@蔚蓝地图,1
PECC-LiJ,宁波明州热电有限公司，在浙江省企业自行监测信息公开平台上数据显示，其烟尘数据显示连续多日超标排放。请 @环保部发布 关注，请 @浙江环保 @宁波市环境保护局    给予说明。@绿色江南公众环境关注中心 @蔚蓝地图#蔚蓝地图# @PECC_LN @PECC-CB ​​​​,0,0,2,2017-01-23 16:39:50,https://weibo.cn/comment/Esa8tw107?uid=6064184520&rl=1#cmtfrm,宁波明州热电,,,,@环保部发布,@浙江环保,@宁波市环境保护局,@绿色江南公众环境关注中心,@蔚蓝地图,2
Cherry__婷,@深圳水务集团 @深圳市水务局 @第一现场 @深圳晚报 龙岗大道横岗段7559号The Town 乐城门口，龙岗大道边上。这是水管爆了吗？水柱喷两三米高。。好浪费啊！有人处理一下吗？喷了很久了。。。 深圳·THE TOWN乐城 秒拍视频 . ​,1,0,0,2017-01-12 23:25:59,https://weibo.cn/comment/Eqx5S8GGX?uid=1238888434&rl=1#cmtfrm,深圳市水务（集团）,,,,@深圳水务集团,@深圳市水务局,@第一现场,@深圳晚报,1
满嘴荒唐言_,@深圳市水务局 @深圳水务集团 荷坳地铁站旁边（乐城下面）水管破了，喷出来的水柱有三四米高，快快派人来维修啊！ 秒拍视频 . ​,1,0,0,2017-01-12 23:17:21,https://weibo.cn/comment/Eqx2m1fvG?uid=2495840982&rl=1#cmtfrm,深圳市水务（集团）,,,,@深圳市水务局,@深圳水务集团,1
威尼斯商人David,桃苑新村给水管网改造已完工，但路面还没恢复硬化，请问何时可以做好？@深圳水务集团 @深圳市水务局 深圳·桃苑新村 ​,0,0,0,2017-01-06 17:14:11,https://weibo.cn/comment/EpA5YzxpR?uid=2838504602&rl=1#cmtfrm,深圳市水务（集团）,,,,@深圳水务集团,@深圳市水务局,1
PECC-LiJ,韩城市裕隆焦化有限责任公司 ，在陕西省国家重点监控企业监测信息发布平台上数据显示，其氮氧化物、烟尘和二氧化硫数据显示连续多日超标排放，请 @环保部发布 关注，请 @陕西环保   给予说明。@绿色江南公众环境关注中心 @蔚蓝地图 #蔚蓝地图# @PECC_LN @PECC-CB ​​​​,0,1,2,2017-01-23 09:41:02,https://weibo.cn/comment/Es7otD8lN?uid=6064184520&rl=1#cmtfrm,韩城市裕隆焦化,,,,@环保部发布,@陕西环保,@绿色江南公众环境关注中心,@蔚蓝地图,1
青赣环境交流中心,#赣江流域信息公开#年廿五，阳光明媚[太阳]，正是旅游时。有道是：先有吉州窑，后有景德镇，小编来到了位于吉安县永和镇的吉州窑遗址公园，感受庐陵文化的魅力。景区环境优美，忽然看到不远处滚滚白烟，真是煞风景！烟囱上写着大大的华能二字，通过蔚蓝地图可以看到这些烟囱是属于[向右]华能国际电力股份有限公司井冈山电厂，可以看到氮氧化物检测值为520，超出标准4.21倍！[炸弹]春节别人送红包，华能送污染[骷髅][骷髅]还能不能好好过大年了！！！希望有关部门加强管理，博大精深的庐陵文化可不能让环境污染所“玷污”！希望春节期间我们都能自由自在地走在阳光下[微风]～@蔚蓝地图 @公众环境马军 @江西环保 @青春吉安,1,0,0,2017-01-23 00:57:54,https://weibo.cn/comment/Es3Y8wWAy?uid=2073022367&rl=1#cmtfrm,华能国际电力股份,,,,@蔚蓝地图,@公众环境马军,@江西环保,@青春吉安,1
金华绿色之友,@台州市环境保护局 @浙江环保 @玉环环保 华能国际电力股份有限公司玉环电厂氮氧化物超标0.59倍，请关注。 ​,0,1,0,2017-01-04 08:54:38,https://weibo.cn/comment/EpdYdts3B?uid=2768331107&rl=1#cmtfrm,华能国际电力股份,,,,@台州市环境保护局,@浙江环保,@玉环环保,2
西安老方A,#2016华商城市观察团# #方老视点#说：目前世界上最大的风力发电国是德国，它的装机容量是2700万千瓦。现在我们已经利用中国丰富的风力资源，在内蒙古，在甘肃的河西走廊以及新疆等地布置了一系列超过百万千瓦乃至一千万千瓦的大型风力发电基地，数年内将超过德国，成为世界最大的风力发电国。西安老方自驾新疆的途中，沿玉门，嘉峪关，吐鲁番，达坂城至乌鲁木齐一路上就见到大量我们西安中车永电金风科技有限公司生产的直驱永磁风力发电机，在碧蓝色天空的映衬下，或成队列，或成方阵，迎风而立，非常壮观。陕西品牌在新的丝绸之路上傲然挺立，格外夺目。@陕西发布@陕西宣传@西安发布@西安经开@华商报@华商网@陕西传媒网@西部网@西安网#阳光报@荣耀西安,4,4,3,2017-01-11 19:23:17,https://weibo.cn/comment/Eqm4RcIyX?uid=1596987345&rl=1#cmtfrm,内蒙古上都发电,,,,@陕西发布,@陕西宣传,@西安发布,@西安经开,@华商报,@华商网,@陕西传媒网,@西部网,@西安网,@荣耀西安,1
长沙县规划信息服务中心,武汉钢铁（集团）公司原党委书记、董事长邓崎琳受贿案昨日一审开庭。邓崎琳被控非法收受财物折合人民币5539余万元，他当庭表示认罪悔罪。@长沙县城乡规划建设局 ​,0,0,0,2017-01-19 07:16:23,https://weibo.cn/comment/EruJMjKdG?uid=5870759815&rl=1#cmtfrm,武汉钢铁（集团）公司,,,,@长沙县城乡规划建设局,1
宝丰在线网,宁洛高速宝丰收费站升级改造完毕正式通车!宝丰在线 @文明宝丰 @清风宝丰 @平安宝丰 @美丽宝丰 @清风宝丰文化 @宝丰酒业官博 http://t.cn/RMbDMRS ​,1,0,0,2017-01-06 17:34:36,https://weibo.cn/comment/EpAegpgdb?uid=2175004192&rl=1#cmtfrm,宝丰酒业,,,,@文明宝丰,@清风宝丰,@平安宝丰,@美丽宝丰,@清风宝丰文化,@宝丰酒业官博,3
银川环境监察,@西夏啤酒恋歌  关于反映宁夏电投西夏热电有限公司微博投诉查处情况，请阅。@问政银川 @银川环保 ​,2,1,0,2017-01-17 10:17:18,https://weibo.cn/comment/Erd4e9Itl?uid=2316615472&rl=1#cmtfrm,宁夏电投西夏热电,,,,@西夏啤酒恋歌,@问政银川,@银川环保,2
PECC-LiJ,江西洪城水业环保有限公司南康分公司，在江西省环境质量信息发布平台上数据显示，其氨氮数据显示连读多日超标排放，请 @江西环保 @赣州市环境保护局  给予说明。 @绿色江南公众环境关注中心 @蔚蓝地图#蔚蓝地图# @PECC_LN @PECC-CB ​,0,1,2,2017-01-20 14:09:01,https://weibo.cn/comment/ErGRLnFWY?uid=6064184520&rl=1#cmtfrm,江西洪城水业,,,,@江西环保,@赣州市环境保护局,@绿色江南公众环境关注中心,@蔚蓝地图,2
PECC-LN,江西洪城水业环保有限公司吉水分公司，在江西省环境质量信息发布平台上数据显示，其PH数据显示连读多日超标排放，请 @江西环保 @吉安市环境保护局 给予说明。 @绿色江南公众环境关注中心 @蔚蓝地图#蔚蓝地图# @PECC-LiJ ​,0,1,2,2017-01-03 16:28:38,https://weibo.cn/comment/Ep7w0qWIB?uid=5907562386&rl=1#cmtfrm,江西洪城水业,,,,@江西环保,@吉安市环境保护局,@绿色江南公众环境关注中心,@蔚蓝地图,2
绿色秦巴,2017年01月16日14点，陕西铜川凤凰建材有限公司在线监测数据，希望排放浓度高的企业作出公开说明！#蔚蓝地图# @陕西环保 http://t.cn/RM5l9Nn ​,0,0,0,2017-01-16 14:56:08,https://weibo.cn/comment/Er5sU6GQY?uid=5462407856&rl=1#cmtfrm,陕西铜川凤凰建材,,,,@陕西环保,1
绿色秦巴,2017年01月12日10点，陕西铜川凤凰建材有限公司在线监测数据，希望排放浓度高的企业作出公开说明！#蔚蓝地图# @陕西环保 @环保部发布 http://t.cn/RM5l9Nn ​,0,0,0,2017-01-12 10:17:47,https://weibo.cn/comment/EqrVW2mNv?uid=5462407856&rl=1#cmtfrm,陕西铜川凤凰建材,,,,@陕西环保,@环保部发布,1
滨湖环保,"#环保动态#【区长带队开展 “263”专项行动明察暗访】 区长陈锡伦带领区经信、住建、环保等部门负责同志开展“两减六治三提升(263)”专项行动明察暗访活动。他们先后来到无锡市工业废物安全处置有限公司、胡埭污水处理有限公司、贝斯特精机股份有限公司、华东重型机械股份有限公司实地察看情况。陈锡伦要求企业严格遵守环保法律法规，合法生产和经营,同时要求各板块各部门围绕省委省政府部署的“263”专项行动开展工作，努力补齐生态治理的短板，为百姓创造更多的绿色财富和生态福利。
区委常委、副区长殷毅参加了检查。@无锡环保",2,0,1,2017-01-19 13:27:01,https://weibo.cn/comment/ErxadzrDw?uid=5345449203&rl=1#cmtfrm,无锡市工业废物安全处置,,,,@无锡环保,1
绿色秦巴,2017年01月03日11点，陕西延长石油榆林煤化有限公司在线监测数据，希望排放浓度高的企业作出公开说明！#蔚蓝地图# 请@陕西环保 关注，请延长集团给出说明。@环保部发布 @公众环境马军 @华商报 http://t.cn/RVlF3jl ​,0,0,0,2017-01-03 11:07:51,https://weibo.cn/comment/Ep5pNi1QX?uid=5462407856&rl=1#cmtfrm,陕西延长石油（集团）,,,,@陕西环保,@环保部发布,@公众环境马军,@华商报,1
PECC-LN,浙江海虹印染有限公司，在浙江省企业自行监测平台上数据显示，其PH数据显示间断性未达到排放标准，请 @环保部发布 关注，请  @浙江环保 @绍兴-环保 给予说明。 @绿色江南公众环境关注中心 @蔚蓝地图#蔚蓝地图# @PECC-LiJ ​,0,2,2,2017-01-10 10:53:09,https://weibo.cn/comment/Eq9jiEEvD?uid=5907562386&rl=1#cmtfrm,浙江海虹印染,,,,@环保部发布,@浙江环保,@绍兴-环保,@绿色江南公众环境关注中心,@蔚蓝地图,2
蒙阴环境,省环保厅来蒙阴检查指导重污染天气应急响应工作：第五站-山东新银麦啤酒有限公司@临沂环境 @山东环境 ​,1,0,0,2017-01-03 16:46:15,https://weibo.cn/comment/Ep7D9kveo?uid=3800461974&rl=1#cmtfrm,山东新银麦啤酒,,,,@临沂环境,@山东环境,2
米琳达tulip,@公众环境马军 @陕西环保 2017年01月06日14点，陕西满意水泥有限责任公司在线监测数据，希望排放浓度高的企业作出公开说明。#蔚蓝地图#http://t.cn/RVVnwZX ​,0,0,0,2017-01-06 14:31:06,https://weibo.cn/comment/Epz1MsQvc?uid=2267361792&rl=1#cmtfrm,陕西满意水泥,,,,@公众环境马军,@陕西环保,1
米琳达tulip,@陕西环保 @公众环境马军 2017年01月04日16点，陕西满意水泥有限责任公司在线监测数据，希望排放浓度高的企业作出公开说明。#蔚蓝地图#http://t.cn/RVVnwZX ​,0,1,1,2017-01-04 16:32:36,https://weibo.cn/comment/EpgY6y6Ut?uid=2267361792&rl=1#cmtfrm,陕西满意水泥,,,,@陕西环保,@公众环境马军,1
正超说,2017年01月07日23点，礼泉海螺水泥有限责任公司在线监测数据，希望排放浓度高的企业作出公开说明。#蔚蓝地图#http://t.cn/RIQVek2 @陕西环保 @陕西都市快报 @礼泉海螺公司林厂长 @礼泉政务 ​,0,0,0,2017-01-07 23:40:30,https://weibo.cn/comment/EpM3hqTJe?uid=5838283414&rl=1#cmtfrm,礼泉海螺水泥,,,,@陕西环保,@陕西都市快报,@礼泉海螺公司林厂长,@礼泉政务,2
正超说,2017年01月06日22点，礼泉海螺水泥有限责任公司在线监测数据，希望排放浓度高的企业作出公开说明。#蔚蓝地图#http://t.cn/RIQVek2 @陕西环保 @陕西都市快报 ​,0,0,0,2017-01-06 22:01:55,https://weibo.cn/comment/EpBYLB1gW?uid=5838283414&rl=1#cmtfrm,礼泉海螺水泥,,,,@陕西环保,@陕西都市快报,1
克里桑斯美美樱花,2017年01月04日16点，礼泉海螺水泥有限责任公司在线监测数据，希望排放浓度高的企业作出公开说明！#蔚蓝地图# http://t.cn/RMA0JvT陕西省环保志愿者联合会 @咸阳环保 ​,0,0,0,2017-01-04 16:56:45,https://weibo.cn/comment/Eph7UmedM?uid=2805183624&rl=1#cmtfrm,礼泉海螺水泥,,,,@咸阳环保,1
大五莲,#山东五莲#2016年民主评议政风行风成绩出炉。财政局、水利局、公安局、广播电视台、日照银行分别获得涉企、涉农、社会管理、公共服务、金融类评议第一名。发改局、海通丝绸、盐务局、阳光热电、中银富登等单位得分较低基本跟其偏冷门群众不了解有很大关系。@五莲发布 ​,3,0,0,2017-01-12 16:18:50,https://weibo.cn/comment/Equiu71qn?uid=1150583791&rl=1#cmtfrm,日照阳光热电,,,,@五莲发布,1
光榮街10號,@沈阳环保 @皇姑熱電的煙，還伴隨著排風的噪音。請環環點評！ 沈阳·于洪区 ​,0,0,0,2017-01-24 13:58:58,https://weibo.cn/comment/EsivFunxL?uid=1416205324&rl=1#cmtfrm,沈阳皇姑热电,,,,@沈阳环保,@皇姑熱電的煙,1
PECC-LN,昆山市千灯污水处理有限公司，在江苏省企业自行监测平台上数据显示，其氨氮数据显示连续多日超标排放。请 @环保部发布 关注， 请 @江苏环保 @苏州12345 @苏州环保宣教  给予说明 。@绿色江南公众环境关注中心 @蔚蓝地图#蔚蓝地图# @PECC-LiJ @PECC-米菲 ​,0,7,21,2017-01-05 09:19:14,https://weibo.cn/comment/EpnyHDtIc?uid=5907562386&rl=1#cmtfrm,昆山市千灯污水处理,,,,@环保部发布,@江苏环保,@苏州12345,@苏州环保宣教,@绿色江南公众环境关注中心,@蔚蓝地图,1
PECC-LN,江阴市长泾综合污水处理有限公司，在江苏省企业自行监测平台上数据显示，其COD数据显示间断性超标排放。请 @环保部发布 关注，请 @江苏环保 @无锡环保 @江阴环保 给予说明。@绿色江南公众环境关注中心 @蔚蓝地图#蔚蓝地图# @PECC-LiJ ​,0,2,2,2017-01-11 09:20:55,https://weibo.cn/comment/Eqi8maL0q?uid=5907562386&rl=1#cmtfrm,江阴市长泾综合污水处理,,,,@环保部发布,@江苏环保,@无锡环保,@江阴环保,@绿色江南公众环境关注中心,@蔚蓝地图,3
威海公交,#线路临时调整# 【110路临时调整部分运行路段】因草庙子镇举行“大活报”庆祝活动，1月20日，110路临时调整部分运行路段。调整后，110路由小商品发车后按原路线运行至中玻科技后，沿开元西路向北运行至开元西路和台湾路交叉路口后，右拐沿台湾路行驶至伟业广场后恢复原线运行，不停靠迪尚华绮（大洋纺织）、草庙子医院、草庙子政府、草庙子（城郊调度室）、草庙子老派出所5个站点。 @威海发布 @威海交通运输,1,3,5,2017-01-19 15:24:49,https://weibo.cn/comment/ErxW2c6J3?uid=3910576483&rl=1#cmtfrm,中玻科技,,,,@威海发布,@威海交通运输,1
绿色秦巴,2017年01月03日11点，陕西延长石油榆林煤化有限公司在线监测数据，希望排放浓度高的企业作出公开说明！#蔚蓝地图# 请@陕西环保 关注，请延长集团给出说明。@环保部发布 @公众环境马军 @华商报 http://t.cn/RVlF3jl ​,0,0,0,2017-01-03 11:07:51,https://weibo.cn/comment/Ep5pNi1QX?uid=5462407856&rl=1#cmtfrm,陕西延长石油,,,,@陕西环保,@环保部发布,@公众环境马军,@华商报,1
幸福平安快乐5376,2017年01月13日13点，多地企业自行监测数据发布平台显示，全国共有242家废气重点监控企业排放浓度高。#蔚蓝地图#监测数据超标，我在12369微信举报平台举报，通化钢铁股份有限公司每天都在超标排放废气，粉尘，黑烟，气味，通化环保局给我的答复竟是无超标排放，这些监测数据难道是我伪造的吗？@吉林省环境保护厅 @好空气保卫侠 @环保部发布 #12369环保举报##12369环境监督#@公众环境马军 @环保益起来,1,0,4,2017-01-13 13:23:51,https://weibo.cn/comment/EqCzXiG1M?uid=5911743578&rl=1#cmtfrm,通化钢铁股份,,,,@吉林省环境保护厅,@好空气保卫侠,@环保部发布,@公众环境马军,@环保益起来,1
岱岳环境,@泰安环境 #环保在行动#岱岳区环境监控中心对泰安市中泰纸业有限公司进行2017年第一季度在线设备比对现场。 ​,3,3,12,2017-01-05 15:05:17,https://weibo.cn/comment/EppP9sSvw?uid=3542106147&rl=1#cmtfrm,泰安中泰纸业,,,,@泰安环境,1
岱岳环境,@泰安环境 #环保在行动#岱岳区环境监控中心对泰安市中泰纸业有限公司进行2017年第一季度在线设备比对现场。 ​,3,3,12,2017-01-05 15:05:17,https://weibo.cn/comment/EppP9sSvw?uid=3542106147&rl=1#cmtfrm,泰安中泰纸业,,,,@泰安环境,1
绿色秦巴,2017年01月03日11点，陕西延长石油榆林煤化有限公司在线监测数据，希望排放浓度高的企业作出公开说明！#蔚蓝地图# 请@陕西环保 关注，请延长集团给出说明。@环保部发布 @公众环境马军 @华商报 http://t.cn/RVlF3jl ​,0,0,0,2017-01-03 11:07:51,https://weibo.cn/comment/Ep5pNi1QX?uid=5462407856&rl=1#cmtfrm,陕西延长石油榆林煤化,,,,@陕西环保,@环保部发布,@公众环境马军,@华商报,1
金华绿色之友,@余姚市环保局12369 @宁波市环境保护局 @浙江环保 宁波众茂姚北热电有限公司1月13号开始氮氧化物连续三天超标，在企业自行检测平台中监测方案下载却为永嘉绿色动力再生能源有限公司，与热电公司不符，请关注查询。 ​,0,0,0,2017-01-16 09:09:40,https://weibo.cn/comment/Er3ch08ei?uid=2768331107&rl=1#cmtfrm,宁波众茂热电姚北热电,,,,@余姚市环保局12369,@宁波市环境保护局,@浙江环保,3
西部网三农,#直播三农# 渭南市华州区为提高渭河大坝以南、二华排水干渠以北夹槽地带万亩黄花、小麦、玉米等农作物抗旱排涝减灾能力，入冬以来，加快打机井、埋管道等农田水利设施建设。图为机械打井队正在为柳枝镇拾村村民义务打机井。史应照 白尼 摄 @渭南发布 ​,0,0,0,2017-01-03 14:35:03,https://weibo.cn/comment/Ep6LTdcSI?uid=2866700814&rl=1#cmtfrm,渭南市排水,,,,@渭南发布,1
改名字真讨厌好麻烦,距离北京200公里，因为污染消失的村庄】北京往东200公里的唐山松汀村，因为雾霾从地图上消失了。自从2003年起被钢铁厂、焦化厂包围，污染问题接踵而至。村民说，“这里的村民多患脑血栓、心梗。白天督查来工厂停工，夜里又偷偷生产。老百姓愿望就是搬家，如今能搬走的都搬走了。”（梨视频）http://t.cn/RMqDxx0,0,2305,0,2017-01-07 13:31:15,https://weibo.cn/comment/EpHRogngq?rl=1#cmtfrm,江苏沙钢集团,1,新京报,,@江苏环保,@南京环保,@环保部发布,2
XINGE67695,2017年01月09日17点，黑龙江岁宝热电有限公司在线监测数据，希望排放浓度高的企业作出公开说明！#蔚蓝地图# http://t.cn/RVJj2o7 @哈尔滨环保 ​,0,0,0,2017-01-09 17:50:30,https://weibo.cn/comment/Eq2CcreiM?uid=5910164982&rl=1#cmtfrm,黑龙江岁宝热电,,,,@哈尔滨环保,1
IPE_绿色金融,哈尔滨哈投投资股份有限公司（600864.SH）下属子公司黑龙江岁宝热电有限公司在黑龙江省重点监控企业环境自行监测信息发布平台上数据显示烟尘多日连续超标，曾因烟尘半月连续超排位列IPE“第61期 12.1-12.15上市公司环境风险提示”第一名，也曾于去年11月名列环境保护部公布的“东北地区大气污染物涉嫌超标企业名单”。请@环保部发布 关注，请@龙江环保 给予说明。@蔚蓝地图,0,0,2,2017-01-06 11:33:27,https://weibo.cn/comment/EpxRF46Yr?uid=1771847715&rl=1#cmtfrm,黑龙江岁宝热电,,,,@环保部发布,@龙江环保,@蔚蓝地图,1
Sun-ye,深圳景旺电子食堂(西乡铁岗)存在严重安全隐患。员工饭菜里多次吃出虫子[毛毛虫] 。1.6号大部分人吃的拉肚子。今早我又中奖了，好恶心啊@深圳卫生监督 @食安深圳 @深圳市消费者委员会 @深圳食品药品监管 @深圳新闻网 @深圳晚报 @深圳卫视 深圳·宝安区 ​,0,0,1,2017-01-15 12:22:54,https://weibo.cn/comment/EqV2d67r2?uid=2424515253&rl=1#cmtfrm,景旺电子（深圳）,,,,@深圳卫生监督,@食安深圳,@深圳市消费者委员会,@深圳食品药品监管,@深圳新闻网,@深圳晚报,@深圳卫视,1
金华绿色之友,@衢州-环保 @浙江环保 常山县南方水泥有限公司（原名浙江常山水泥有限公司）烟尘超标排放0.23倍，请关注。 义乌市 ​,0,0,0,2017-01-25 10:20:46,https://weibo.cn/comment/EsqvBgKom?uid=2768331107&rl=1#cmtfrm,常山南方水泥,,,,@衢州-环保,@浙江环保,2
Gondora,@武汉环保 2017年01月08日22点，华能武汉发电有限责任公司在线监测数据，希望排放浓度高的企业作出公开说明。#蔚蓝地图#http://t.cn/RIS42dW ​,0,0,0,2017-01-08 22:56:07,https://weibo.cn/comment/EpVbLhwG3?uid=2694907815&rl=1#cmtfrm,华能武汉发电,,,,@武汉环保,1
蔚蓝地图,山东空气观察#2017年01月18日13点，诸城金安热电有限公司在线监测数据，希望排放浓度高的企业作出公开说明！#蔚蓝地图# @潍坊环保 @绿行齐鲁 @蔚蓝地图 @公众环境马军 @绿色潍坊环保 http://t.cn/RITrUGo ​,1,2,38,2017-01-18 13:49:02,https://weibo.cn/comment/ErnPomgoh?rl=1#cmtfrm,诸城金安热电,1,山东空气观察团,转发理由:诸城金安热电有限公司，快看看数据超标是怎回事？#蔚蓝地图#      ,@潍坊环保,@绿行齐鲁,@蔚蓝地图,@公众环境马军,@绿色潍坊环保,1
阿布摄影,为响应济南市创建精神文明城市号召，今天济南市政公用事业局@济南市政 下属济南热电有限公司的员工，走上街头协助执勤，为市民安全出行文明行驶，尽一份力。@济南交警 @济南凡事 @济南公安 @济南胡同 @济南电视台热心姊妹花记者 @陈业新 @ROMANCE-葛亮 @一沙一世界一花一乾坤 @六月 @阿敏0531 @山东商报 @山东省旅游摄影协会,3,0,2,2017-01-18 17:42:40,https://weibo.cn/comment/ErppuoFRP?uid=2321145017&rl=1#cmtfrm,济南热电,,,,@济南市政,@济南交警,@济南凡事,@济南公安,@济南胡同,@济南电视台热心姊妹花记者,@陈业新,@一沙一世界一花一乾坤,@六月,@阿敏0531,@山东商报,@山东省旅游摄影协会,3
PECC-LN,华电淄博热电有限公司 4号锅炉排放口，在山东省国家重点监控企业自行监测信息发布平台上数据显示，其氮氧化物数据显示连续多日超标排放。请 @环保部发布 关注，请 @山东环境 @淄博环保 给予说明。@绿色江南公众环境关注中心 @蔚蓝地图#蔚蓝地图# @PECC-LiJ ​,0,2,2,2017-01-11 16:09:49,https://weibo.cn/comment/EqkOknvZL?uid=5907562386&rl=1#cmtfrm,华电淄博热电,,,,@环保部发布,@山东环境,@淄博环保,@绿色江南公众环境关注中心,@蔚蓝地图,2
庄里微,【石家庄再添8个省级现代农业园区】日前，河北省第二批省级现代农业园区评选揭晓，石家庄市鹿泉区君乐宝（乳业）现代农业园区、平山县泓润现代农业园区等8个农业园区榜上有名。获评后，园区可获得一系列政策、资金、贷款扶持。截至目前，石家庄市省级现代农业园区总数达11个。源/@石家庄发布 ​,11,2,1,2017-01-06 15:28:39,https://weibo.cn/comment/Epzp8mhB7?uid=1629898120&rl=1#cmtfrm,石家庄君乐宝乳业,,,,@石家庄发布,1
show智慧,全力助推郑州雾霾！[怒]郑州新力电力有限公司！@新浪河南 @清风中原 @头条新闻 @中国青年报 @郑在发生 ​,0,0,0,2017-01-17 09:57:44,https://weibo.cn/comment/ErcWhiCie?uid=2459917952&rl=1#cmtfrm,郑州新力电力,,,,@新浪河南,@清风中原,@头条新闻,@中国青年报,@郑在发生,1
蔚蓝地图,西富平水泥有限公司，在陕西省国家重点监控企业监测信息发布平台上数据显示，其烟尘数据显示连续多日超标排放，请 @环保部发布 关注，请 @陕西环保 @渭南市环保 给予说明。@绿色江南公众环境关注中心 @蔚蓝地图 #蔚蓝地图# @PECC-LiJ @PECC-米菲 ​,3,1,23,2017-01-06 17:53:25,https://weibo.cn/comment/EpziggQis?rl=1#cmtfrm,陕西富平水泥,1,PECC-LN,转发理由:陕西富平水泥有限公司烟尘超标      ,@环保部发布,@陕西环保,@渭南市环保,@绿色江南公众环境关注中心,@蔚蓝地图,2
PECC-LN,陕西富平水泥有限公司，在陕西省国家重点监控企业监测信息发布平台上数据显示，其烟尘数据显示连续多日超标排放，请 @环保部发布 关注，请 @陕西环保 @渭南市环保 给予说明。@绿色江南公众环境关注中心 @蔚蓝地图 #蔚蓝地图# @PECC-LiJ @PECC-米菲 ​,1,1,25,2017-01-06 15:11:42,https://weibo.cn/comment/EpziggQis?uid=5907562386&rl=1#cmtfrm,陕西富平水泥,,,,@环保部发布,@陕西环保,@渭南市环保,@绿色江南公众环境关注中心,@蔚蓝地图,2
PECC-LN,浙江亚太特宽幅印染有限公司，在浙江省企业自行监测平台上数据显示，其PH数据显示间断性未达到排放标准，请 @环保部发布 关注，请  @浙江环保 @绍兴-环保 给予说明。 @绿色江南公众环境关注中心 @蔚蓝地图#蔚蓝地图# @PECC-LiJ @PECC-米菲 ​,0,1,2,2017-01-03 10:36:40,https://weibo.cn/comment/Ep5d8qGRQ?uid=5907562386&rl=1#cmtfrm,浙江亚太特宽幅印染,,,,@环保部发布,@浙江环保,@绍兴-环保,@绿色江南公众环境关注中心,@蔚蓝地图,2
PECC-LN,浙江亚太特宽幅印染有限公司，在浙江省企业自行监测平台上数据显示，其PH数据显示间断性未达到排放标准，请 @环保部发布 关注，请  @浙江环保 @绍兴-环保 给予说明。 @绿色江南公众环境关注中心 @蔚蓝地图#蔚蓝地图# @PECC-LiJ @PECC-米菲 ​,0,1,2,2017-01-03 10:36:40,https://weibo.cn/comment/Ep5d8qGRQ?uid=5907562386&rl=1#cmtfrm,浙江亚太特宽幅印染,,,,@环保部发布,@浙江环保,@绍兴-环保,@绿色江南公众环境关注中心,@蔚蓝地图,2
钱塘水牛,此刻，从我家朝南的窗户望去的景象。即使窗户全关上了，还能闻到萧山城南那个垃圾焚烧发电厂排放的酸臭味，从早上到现在中午。这是2017年的元旦。今天本是个晴天，但是我们不敢开窗不敢外出，因为空气肯定比阳光更重要。@杭州环保@萧山环保@萧山网络问政 ​,3,8,3,2017-01-01 12:30:17,https://weibo.cn/comment/EoN6gf2Vm?uid=1686413833&rl=1#cmtfrm,萧山发电厂,,,,@杭州环保,@萧山环保,@萧山网络问政,2
PECC-LiJ,镇坪县污水处理厂，在陕西省国家重点监控企业监测信息发布平台上数据显示，其氨氮数据显示连续多日超标排放，请 @环保部发布 关注，请 @陕西环保 @安康环保举报热线  给予说明。@绿色江南公众环境关注中心 @蔚蓝地图 #蔚蓝地图# @PECC_LN @PECC-CB ​,0,6,4,2017-01-22 15:14:10,https://weibo.cn/comment/Es09cugdx?uid=6064184520&rl=1#cmtfrm,镇坪县污水处理厂,,,,@环保部发布,@陕西环保,@安康环保举报热线,@绿色江南公众环境关注中心,@蔚蓝地图,1
跪射勇,#记者联盟曝光台#【长庆采油五厂马北作业区原油泄露流入山沟】     位于榆林定边县红柳沟镇长庆油田分公司第五采油厂马北作业区，原油泄露流入山沟未做任何处理陕西定边做为石油输出大县造福百姓的同时，又像一把双刃剑般破坏着这里的生态环境，很多老百姓抱怨，驻扎在这里的中石油长庆分公司各作业区管理松散，原油污染就如家常便饭一般祸害着他们，“破坏水源和耕地，让污染地寸草不生等等等等”老百姓如数家珍般向本博诉苦……日前，本博主来到位于定边县红柳沟镇崾岘村博主发现大片污油被就地掩埋在山沟，明知道掩埋污油泥会破坏生态环境，作业区的人为何不正确处理污油呢？对此，一业内人士分析，这些作业区因在当地时间久了，很多关系也都明里暗里的疏通打点过了，就地掩埋比清理运出去成本要小很多，另外定边县环保局虽明确规定了掩埋污染油泥罚款2万到20万元，大多突发事件不汇报给管理单位，偷偷处理，所以就出现了原油泄漏用土掩埋等卑劣手段，原油污染就像“毒瘤”般难以治理……让博主不解的是，定边县政府一直把“环境保护”视为首要重任，可是却一直在“纸上谈兵”……难道政府真的不知道这些频发的环保事故吗？在环保部因空气和水污染约谈了陕西渭南市市长后，陕西各地都在狠抓环保问题，定边县一定要“逆流而上”如此任性吗……到底是业内人士分析的原油污染这颗毒瘤无法治理还是另有原因……请定边环保部门出来还大家一个真相!@陕西环保,0,0,0,2017-01-12 12:18:25,https://weibo.cn/comment/EqsITDSke?uid=1899984250&rl=1#cmtfrm,长庆油田分公司第五采油厂,,,,@陕西环保,1
马建平舆情在线,#舆情在线播报#【长庆采油五厂马北作业区原油泄露流入山沟】位于榆林定边县红柳沟镇长庆油田分公司第五采油厂马北作业区，原油泄露流入山沟未做任何处理陕西定边做为石油输出大县造福百姓的同时，又像一把双刃剑般破坏着这里的生态环境，很多老百姓抱怨，驻扎在这里的中石油长庆分公司各作业区管理松散，原油污染就如家常便饭一般祸害着他们，“破坏水源和耕地，让污染地寸草不生等等等等”老百姓如数家珍般向本博诉苦……日前，本博主来到位于定边县红柳沟镇崾岘村博主发现大片污油被就地掩埋在山沟，明知道掩埋污油泥会破坏生态环境，作业区的人为何不正确处理污油呢？对此，一业内人士分析，这些作业区因在当地时间久了，很多关系也都明里暗里的疏通打点过了，就地掩埋比清理运出去成本要小很多，另外定边县环保局虽明确规定了掩埋污染油泥罚款2万到20万元，大多突发事件不汇报给管理单位，偷偷处理，所以就出现了原油泄漏用土掩埋等卑劣手段，原油污染就像“毒瘤”般难以治理……让博主不解的是，定边县政府一直把“环境保护”视为首要重任，可是却一直在“纸上谈兵”……难道政府真的不知道这些频发的环保事故吗？在环保部因空气和水污染约谈了陕西渭南市市长后，陕西各地都在狠抓环保问题，定边县一定要“逆流而上”如此任性吗……到底是业内人士分析的原油污染这颗毒瘤无法治理还是另有原因……请定边环保部门出来还大家一个真相!@陕西环保,1,0,0,2017-01-12 12:11:05,https://weibo.cn/comment/EqsFVeQhU?uid=3772527774&rl=1#cmtfrm,长庆油田分公司第五采油厂,,,,@陕西环保,1
河西菜农,自12月31日家中水质污染，转而水压变小，热水器无法点火，31日、1日一家人只好住酒店、在外就餐，低水压至今已有6天，多次向南京市水务集团96055投诉报修，该公司回复推诿，态度不诚。也向12345投诉了，但至今未解决！我该怎么办？[抓狂]@南京零距离 @南京市供水节水管理处 @南京政务服务 @南京水务 ​,0,5,1,2017-01-05 15:28:02,https://weibo.cn/comment/EppYosyk5?uid=1403979737&rl=1#cmtfrm,南京水务集团,,,,@南京零距离,@南京市供水节水管理处,@南京政务服务,@南京水务,2
邹毅的邹,@环保部发布 ：重污染下京津冀仍发现12家企业超标排放，其中天津市1家、河北省5家、山西省4家、山东省2家。它们分别是：1、河北省唐山达丰焦化有限公司；2、唐山北阳焦化有限公司；3、山西省沁源县兴茂煤化有限公司；4、首钢长治钢铁有限公司5、天津万源供热有限公司；6、河北润安建材有限公司；7、宝利源炼焦有限公司；8、迁安市宏奥工贸有限公司；9、晋煤能源有限公司；10、长治市霍氏自备电力有限公司；11、淄博晨光海德热电有限公司；12、山东恒源石油化工股份有限公司。以上12家公司被中国环保NGO机构 -《北京 · #一目了然# 》收入2017年首批污染环境黑名单，我们号召全社会对以上12家企业予以强烈谴责，并要求这12家企业公开向社会作出解释和承诺。@蔚蓝地图 @巴松狼王 @新京报 @老张评论 @中国环境报 @中国环境宣传教育 @中国日报 @中国政府网 @财新网 @财经网 @第一财经日报 http://t.cn/R2WJoir,3,4,22,2017-01-25 21:43:18,https://weibo.cn/comment/EsuYDDNnG?uid=1000481815&rl=1#cmtfrm,沁源县兴茂煤化,,,,@环保部发布,@蔚蓝地图,@巴松狼王,@新京报,@老张评论,@中国环境报,@中国环境宣传教育,@中国日报,@中国政府网,@财新网,@财经网,@第一财经日报,1
邹毅的邹,@环保部发布 ：重污染下京津冀仍发现12家企业超标排放，其中天津市1家、河北省5家、山西省4家、山东省2家。它们分别是：1、河北省唐山达丰焦化有限公司；2、唐山北阳焦化有限公司；3、山西省沁源县兴茂煤化有限公司；4、首钢长治钢铁有限公司5、天津万源供热有限公司；6、河北润安建材有限公司；7、宝利源炼焦有限公司；8、迁安市宏奥工贸有限公司；9、晋煤能源有限公司；10、长治市霍氏自备电力有限公司；11、淄博晨光海德热电有限公司；12、山东恒源石油化工股份有限公司。以上12家公司被中国环保NGO机构 -《北京 · #一目了然# 》收入2017年首批污染环境黑名单，我们号召全社会对以上12家企业予以强烈谴责，并要求这12家企业公开向社会作出解释和承诺。@蔚蓝地图 @巴松狼王 @新京报 @老张评论 @中国环境报 @中国环境宣传教育 @中国日报 @中国政府网 @财新网 @财经网 @第一财经日报 http://t.cn/R2WJoir,3,4,22,2017-01-25 21:43:18,https://weibo.cn/comment/EsuYDDNnG?uid=1000481815&rl=1#cmtfrm,沁源县兴茂煤化,,,,@环保部发布,@蔚蓝地图,@巴松狼王,@新京报,@老张评论,@中国环境报,@中国环境宣传教育,@中国日报,@中国政府网,@财新网,@财经网,@第一财经日报,1
PECC-LiJ,丽水市供排水有限责任公司（水阁污水处理厂），在浙江省企业自行监测信息公开平台上数据显示，其氨氮数据显示连续多日超标排放。请 @环保部发布 关注，请 @浙江环保  给予说明。@绿色江南公众环境关注中心 @蔚蓝地图#蔚蓝地图# @PECC_LN @PECC-CB ​​​​,0,2,7,2017-01-25 14:24:52,https://weibo.cn/comment/Ess6GeTS0?uid=6064184520&rl=1#cmtfrm,丽水市供排水,,,,@环保部发布,@浙江环保,@绿色江南公众环境关注中心,@蔚蓝地图,1
苍穹花弄影,@山东环境 @山东那些事儿 @人民网山东频道 @临沂百姓事 @山东高法 @新浪山东  山东省临沂市罗庄区，红日阿康股份有限公司，井下排化工污水。红日公司污染物环保整改弄虚作假，磷矿渣含砷，磷，硫酸，辐，还有其他重金属。 ​,0,0,49,2017-01-04 00:50:48,https://weibo.cn/comment/EpaNPaiC2?uid=5611333720&rl=1#cmtfrm,山东红日阿康化工股份,,,,@山东环境,@山东那些事儿,@人民网山东频道,@临沂百姓事,@山东高法,@新浪山东,1
邹毅的邹,@环保部发布 ：重污染下京津冀仍发现12家企业超标排放，其中天津市1家、河北省5家、山西省4家、山东省2家。它们分别是：1、河北省唐山达丰焦化有限公司；2、唐山北阳焦化有限公司；3、山西省沁源县兴茂煤化有限公司；4、首钢长治钢铁有限公司5、天津万源供热有限公司；6、河北润安建材有限公司；7、宝利源炼焦有限公司；8、迁安市宏奥工贸有限公司；9、晋煤能源有限公司；10、长治市霍氏自备电力有限公司；11、淄博晨光海德热电有限公司；12、山东恒源石油化工股份有限公司。以上12家公司被中国环保NGO机构 -《北京 · #一目了然# 》收入2017年首批污染环境黑名单，我们号召全社会对以上12家企业予以强烈谴责，并要求这12家企业公开向社会作出解释和承诺。@蔚蓝地图 @巴松狼王 @新京报 @老张评论 @中国环境报 @中国环境宣传教育 @中国日报 @中国政府网 @财新网 @财经网 @第一财经日报 http://t.cn/R2WJoir,3,4,22,2017-01-25 21:43:18,https://weibo.cn/comment/EsuYDDNnG?uid=1000481815&rl=1#cmtfrm,首钢长治钢铁,,,,@环保部发布,@蔚蓝地图,@巴松狼王,@新京报,@老张评论,@中国环境报,@中国环境宣传教育,@中国日报,@中国政府网,@财新网,@财经网,@第一财经日报,1
邹毅的邹,@环保部发布 ：重污染下京津冀仍发现12家企业超标排放，其中天津市1家、河北省5家、山西省4家、山东省2家。它们分别是：1、河北省唐山达丰焦化有限公司；2、唐山北阳焦化有限公司；3、山西省沁源县兴茂煤化有限公司；4、首钢长治钢铁有限公司5、天津万源供热有限公司；6、河北润安建材有限公司；7、宝利源炼焦有限公司；8、迁安市宏奥工贸有限公司；9、晋煤能源有限公司；10、长治市霍氏自备电力有限公司；11、淄博晨光海德热电有限公司；12、山东恒源石油化工股份有限公司。以上12家公司被中国环保NGO机构 -《北京 · #一目了然# 》收入2017年首批污染环境黑名单，我们号召全社会对以上12家企业予以强烈谴责，并要求这12家企业公开向社会作出解释和承诺。@蔚蓝地图 @巴松狼王 @新京报 @老张评论 @中国环境报 @中国环境宣传教育 @中国日报 @中国政府网 @财新网 @财经网 @第一财经日报 http://t.cn/R2WJoir,3,4,22,2017-01-25 21:43:18,https://weibo.cn/comment/EsuYDDNnG?uid=1000481815&rl=1#cmtfrm,首钢长治钢铁,,,,@环保部发布,@蔚蓝地图,@巴松狼王,@新京报,@老张评论,@中国环境报,@中国环境宣传教育,@中国日报,@中国政府网,@财新网,@财经网,@第一财经日报,1
哈南环保,平房区拆炉并网   解决冬季烟尘污染为全面落实《哈尔滨市人民政府关于印发哈尔滨市大气污染防治专项行动方案（2016-2018年）的通知》精神，平房区政府协调哈尔滨平房物业供热有限责任公司与国电哈尔滨平南热电厂实施集中供热并网工程，并网工程从2016年9月29日启动，到11月19日并网管线工程全面竣工， 2016年12月29日全部锅炉房并网结束。本工程总投入9082.45万元，共并网10处锅炉房，27台锅炉517吨位，拔10处烟囱。通过拆炉并网，年节省用煤量约57507吨。在冬季施工过程中，遇到的主要问题是焊接困难，保温管接口发泡效果不好，难度大，工程技术人员通过指导工人加热发泡剂等方式克服困难，按计划完成老城区并网工作。平房物业供热公司没并网的锅炉房，预计2017年夏天完成并网工作。@哈尔滨环保,1,1,1,2017-01-17 10:20:10,https://weibo.cn/comment/Erd5nllEx?uid=5616623551&rl=1#cmtfrm,国电哈尔滨热电,,,,@哈尔滨环保,1
唐唐唐唐唐洁,@长沙县发布 @长沙县公安局交警大队_平安365 每天早上漓湘路蓝思科技门口停很多面包车载客，主要是还不停在路边上，一到下雨就堵车，希望相关部门看到处理一下。 ​,0,5,1,2017-01-05 10:00:12,https://weibo.cn/comment/EpnPkmLTN?uid=2260725712&rl=1#cmtfrm,蓝思科技(长沙),,,,@长沙县发布,@长沙县公安局交警大队_平安365,2
PECC-LiJ,宿迁宏信建设发展有限公司 ，在江苏省企业自行监测平台上数据显示，其COD数据显示间断性超标排放。请 @环保部发布 关注，请 @江苏环保 @宿迁环保  给予说明。@绿色江南公众环境关注中心 @蔚蓝地图#蔚蓝地图# @PECC_LN @PECC-CB ​,0,2,3,2017-01-19 10:29:59,https://weibo.cn/comment/Erw0mqIun?uid=6064184520&rl=1#cmtfrm,宿迁宏信建设发展,,,,@环保部发布,@江苏环保,@宿迁环保,@绿色江南公众环境关注中心,@蔚蓝地图,1
ChokLinWu,@深圳市城市管理局 @深圳微博发布厅 @宝安环保水务 @南方日报深圳观察 深圳市宝安区沙井街道新桥三路每晚凌晨施工，巨大的噪声污染，严重影响休息，就没人能管管？ 秒拍视频 . ​,2,0,0,2017-01-09 01:37:46,https://weibo.cn/comment/EpWfn26PT?uid=2461855841&rl=1#cmtfrm,深圳市南方水务,,,,@深圳市城市管理局,@深圳微博发布厅,@宝安环保水务,@南方日报深圳观察,3
苏宿正义之剑,#平安宿迁、我在# 1月16 日，市局党委副书记、副局长高超在苏宿园区分局副局长刘勇陪同下，莅临苏宿工业园区可成科技公司走访调研，实地察看企业安全生产经营状况，与企业负责人就目前制约企业发展有关问题及下一步工作计划进行交流。高超同志表示公安机关将一如继往护航企业建设发展，并积极回应企业发展对公安工作提出的新要求、新期待，加强社会管理和公共服务工作，深化民生警务，创优发展软环境，为企业发展提供强有力的安全保障，不断提高服务全市社会经济发展的能力和水平。高超同志就当前企业内部防范、消防安全、法制宣传等工作提出指导性意见，并对园区分局进一步做好企业帮办服务工作提出具体要求。同时，就企业周边道路交通信号灯设置、企业安全生产等问题与园区有关部门协调会办。@苏州宿迁工业园区 @宿迁警方 @平安江苏  http://t.cn/RImJfUn,0,0,1,2017-01-16 16:45:43,https://weibo.cn/comment/Er6bnBbKa?uid=5034549852&rl=1#cmtfrm,可成科技（宿迁）,,,,@苏州宿迁工业园区,@宿迁警方,@平安江苏,1
天津安监,静海区水务局开展春节节前安全生产大检查@国家安全监管总局 @天津发布 @静海发布     目前，静海区水务局对全区水务系统安全生产工作进行检查。此次安全大检查主要对水务工程建设和运行、机关制度落实情况、农村集中供水厂、城区排水设施、污水处理厂、河道水库堤防等进行全面安全生产隐患排查，现场填写《水务安全生产检查情况统计表》和《水务安全生产重大事故隐患情况表》，并形成整改报告，要求被检查单位负责人针对现场检查中发现的问题和隐患逐一限时整改，及时消除隐患，确保安全生产。从检查的情况看，全区水务系统安全生产形势整体平稳，但也存在安全生产管理体系不健全，安全制度执行力度不够，存在一定的安全隐患。检查组针对检查中发现的问题现场要求各单位立即组织整改，及时消除隐患；当场不能及时整改到位的，被检查单位根据检查组的时间要求整改到位后以书面形式反馈至局安全办。同时，检查组要求各被检查单位进一步落实各项安全责任和安全措施，全面排查治理各类安全隐患，严厉打击非法违规生产建设经营行为，有效防范和坚决遏制事故的发生，确保春节期间安全稳定。,1,1,0,2017-01-23 14:47:13,https://weibo.cn/comment/Es9oL7CgP?uid=3250216315&rl=1#cmtfrm,城区污水处理厂,,,,@国家安全监管总局,@天津发布,@静海发布,2
伟大的我_i76,2017年01月16日14点，山东省成武盈源实业有限公司在线监测数据，希望排放浓度高的企业作出公开说明。#蔚蓝地图#http://t.cn/RMTqUDW菏泽环境 @山东环境 ​,1,0,0,2017-01-16 14:33:01,https://weibo.cn/comment/Er5jweHyN?uid=1671570197&rl=1#cmtfrm,山东省成武盈源实业,,,,@山东环境,1
Mrs黄小护,为什么芜湖市人力资源市场的发电机又开始在夜里启动啦，都没有人看着，也没有人管，报了警警察也找不到人，附近的人还要不要睡觉了[哼][哼]，头被震得发晕@芜湖热门 @大话芜湖 @芜湖政府网 @魅丽芜湖 ​,0,0,0,2017-01-22 22:08:25,https://weibo.cn/comment/Es2RlrQUe?uid=5041742114&rl=1#cmtfrm,芜湖发电,,,,@芜湖热门,@大话芜湖,@芜湖政府网,@魅丽芜湖,1
古月HJG,#我给家乡拍张照#芜湖市繁昌县平铺镇太阳能发电站。@央视网 @安徽发布 @航院101 @芜湖发布 ​,1,0,0,2017-01-19 20:19:20,https://weibo.cn/comment/ErzRA2zw1?uid=6100825152&rl=1#cmtfrm,芜湖发电,,,,@央视网,@安徽发布,@航院101,@芜湖发布,2
PECC-LiJ,温岭市大溪污水处理厂，在浙江省企业自行监测信息公开平台上数据显示，其总磷数据显示连续多日超标排放。请 @环保部发布 关注，请 @浙江环保 @温岭环保    给予说明。@绿色江南公众环境关注中心 @蔚蓝地图#蔚蓝地图# @PECC_LN @PECC-CB ​​​​,0,1,2,2017-01-24 09:26:34,https://weibo.cn/comment/EsgJ6rXWn?uid=6064184520&rl=1#cmtfrm,温岭市大溪污水处理厂,,,,@环保部发布,@浙江环保,@温岭环保,@绿色江南公众环境关注中心,@蔚蓝地图,2
PECC-LiJ,江西洪城水业环保有限公司南康分公司，在江西省环境质量信息发布平台上数据显示，其氨氮数据显示连读多日超标排放，请 @江西环保 @赣州市环境保护局  给予说明。 @绿色江南公众环境关注中心 @蔚蓝地图#蔚蓝地图# @PECC_LN @PECC-CB ​,0,1,2,2017-01-20 14:09:01,https://weibo.cn/comment/ErGRLnFWY?uid=6064184520&rl=1#cmtfrm,江西洪城环保水业,,,,@江西环保,@赣州市环境保护局,@绿色江南公众环境关注中心,@蔚蓝地图,2
PECC-LN,江西洪城水业环保有限公司吉水分公司，在江西省环境质量信息发布平台上数据显示，其PH数据显示连读多日超标排放，请 @江西环保 @吉安市环境保护局 给予说明。 @绿色江南公众环境关注中心 @蔚蓝地图#蔚蓝地图# @PECC-LiJ ​,0,1,2,2017-01-03 16:28:38,https://weibo.cn/comment/Ep7w0qWIB?uid=5907562386&rl=1#cmtfrm,江西洪城环保水业,,,,@江西环保,@吉安市环境保护局,@绿色江南公众环境关注中心,@蔚蓝地图,2
PECC-LN,浙江兴美达印染有限公司，在浙江省企业自行监测平台上数据显示，其氨氮数据显示连续多日超标排放，请 @环保部发布 关注，请  @浙江环保 @绍兴-环保 给予说明。 @绿色江南公众环境关注中心 @蔚蓝地图#蔚蓝地图# @PECC-LiJ ​,0,1,3,2017-01-11 10:24:15,https://weibo.cn/comment/Eqiy3FQvn?uid=5907562386&rl=1#cmtfrm,浙江兴美达印染,,,,@环保部发布,@浙江环保,@绍兴-环保,@绿色江南公众环境关注中心,@蔚蓝地图,2
绿色江南公众环境关注中心,海大屯能源股份有限公司发电厂 热电分厂 ，在江苏省企业自行监测平台上数据显示，其8# 监测点位 氮氧化物数据显示连续多日超标排放。请 @环保部发布关注，请 @江苏环保 @徐州环保 给予说明。@绿色江南公众环境关注中心 @蔚蓝地图#蔚蓝地图#  @PECC-LiJ @PECC-米菲 ​,0,6,0,2017-01-13 10:19:30,https://weibo.cn/comment/Epxy729l3?rl=1#cmtfrm,上海大屯能源股份,1,PECC-LN,转发理由:积极沟通协调，细致解释说明，激发公众参与，合作改善环境，这是解决环境问题的最好方法。[good] @徐州环保:经沛县环保现场检查，8号监测点位是上海大屯能源股份有限公司热电分厂8、9号锅炉共同废气排放口， #8、#9机组为2×75ｔ/ｈ 循环流化床锅炉+2×15MW热电机组， 2014年10月#8、#9锅炉完成脱硝改      ,@环保部发布关注,@江苏环保,@徐州环保,@绿色江南公众环境关注中心,@蔚蓝地图,@徐州环保,3
PECC-LN,上海大屯能源股份有限公司发电厂 热电分厂 ，在江苏省企业自行监测平台上数据显示，其8# 监测点位 氮氧化物数据显示连续多日超标排放。请 @环保部发布关注，请 @江苏环保 @徐州环保 给予说明。@绿色江南公众环境关注中心 @蔚蓝地图#蔚蓝地图#  @PECC-LiJ @PECC-米菲 ​,1,6,16,2017-01-06 10:45:15,https://weibo.cn/comment/Epxy729l3?uid=5907562386&rl=1#cmtfrm,上海大屯能源股份,,,,@环保部发布关注,@江苏环保,@徐州环保,@绿色江南公众环境关注中心,@蔚蓝地图,2
--听风起--,临沭县应对重污染天气，对重点涉气企业进行检查，金沂蒙集团有限公司复混肥生产线南车间停产，北车间生产，治污设施运转正常@临沂环境 @临沭环保 临沂·莒南县 ​,0,0,0,2017-01-01 10:02:50,https://weibo.cn/comment/EoM8ouRav?uid=5158347591&rl=1#cmtfrm,金沂蒙集团,,,,@临沂环境,@临沭环保,2
PECC-LN,东平县泰龙食品有限公司，在山东省国家重点监控企业自动监测信息发布平台上数据显示，其COD数据显示连续多日超标排放。请 @环保部发布 关注，请 @山东环境 @泰安环境 给予说明。@绿色江南公众环境关注中心 @蔚蓝地图#蔚蓝地图# @PECC-LiJ ​,0,2,7,2017-01-10 16:25:04,https://weibo.cn/comment/Eqbu1k2oP?uid=5907562386&rl=1#cmtfrm,东平县泰龙食品,,,,@环保部发布,@山东环境,@泰安环境,@绿色江南公众环境关注中心,@蔚蓝地图,2
铜陵网络资讯,#铜陵身边事# 【铜陵一企业入选“中国出口质量安全示范企业”】日前，国家质检总局公布了第三批52家“中国出口质量安全示范企业”名单，铜陵精迅特种漆包线有限责任公司荣登榜单。截至目前，我市共有铜陵有色金属集团股份有限公司、铜陵精迅特种漆包线有限责任公司2家企业入选“中国出口质量安全示范企业”。据悉，“中国出口质量安全示范企业”是国家质检总局对出口企业授予的最高荣誉，其目的就是提升出口工业产品质量安全水平，培育出口竞争新优势。via.铜陵日报 @安徽质检 @铜陵质监,5,3,2,2017-01-22 14:00:03,https://weibo.cn/comment/ErZF7gZ54?uid=2008732281&rl=1#cmtfrm,铜陵有色金属集团股份,,,,@安徽质检,@铜陵质监,1
丰县司法,"#法在身边#【雁南热电厂烟尘最高超标346倍】内蒙古大雁矿业集团有限责任公司热电总厂下辖雁北、雁中及雁南三个热电联产分厂,三个分厂各建有三台供热锅炉。@徐州司法@徐州12348@江苏司法行政在线 ​",0,0,0,2017-01-10 15:00:02,https://weibo.cn/comment/EqaVwebyy?uid=3969779338&rl=1#cmtfrm,内蒙古大雁矿业集团,,,,@徐州司法,@徐州12348,@江苏司法行政在线,3
暴躁于,沈吉高速 经过南杂木 看到有烟囱冒黑烟  应该是北方新铝业 虽然不是抚顺人 但随手举报环境污染是美德 @抚顺市环保局 ​,1,0,0,2017-01-30 17:05:51,https://weibo.cn/comment/Eteivlylc?uid=1693004433&rl=1#cmtfrm,抚顺铝业,,,,@抚顺市环保局,1
PECC-LN,抚州市绿色环保有限责任公司，在江西省环境质量信息发布平台上数据显示，其COD数据显示连续多日超标排放，请 @环保部发布 关注，请 @江西环保 @抚州市环境保护 给予说明。 @绿色江南公众环境关注中心 @蔚蓝地图#蔚蓝地图# @PECC-LiJ ​,0,0,3,2017-01-09 14:16:11,https://weibo.cn/comment/Eq1dduMhQ?uid=5907562386&rl=1#cmtfrm,抚州市绿色环保,,,,@环保部发布,@江西环保,@抚州市环境保护,@绿色江南公众环境关注中心,@蔚蓝地图,2
唐唐唐唐唐洁,@长沙县发布 @长沙县公安局交警大队_平安365 每天早上漓湘路蓝思科技门口停很多面包车载客，主要是还不停在路边上，一到下雨就堵车，希望相关部门看到处理一下。 ​,0,5,1,2017-01-05 10:00:12,https://weibo.cn/comment/EpnPkmLTN?uid=2260725712&rl=1#cmtfrm,蓝思科技（长沙）,,,,@长沙县发布,@长沙县公安局交警大队_平安365,2
三大马路纬八路,17:10分左右，104党家庄路段南向北山东水泥厂门口，跟我念，鲁A386F1，蜀黍，累眼睛，就帮你到这里[笑cry]@济南交警 ​,1,0,0,2017-01-05 17:13:45,https://weibo.cn/comment/EpqFiwCsq?uid=1885802215&rl=1#cmtfrm,山东水泥厂,,,,@济南交警,1
滨湖环保,"#环保动态#【区长带队开展 “263”专项行动明察暗访】 区长陈锡伦带领区经信、住建、环保等部门负责同志开展“两减六治三提升(263)”专项行动明察暗访活动。他们先后来到无锡市工业废物安全处置有限公司、胡埭污水处理有限公司、贝斯特精机股份有限公司、华东重型机械股份有限公司实地察看情况。陈锡伦要求企业严格遵守环保法律法规，合法生产和经营,同时要求各板块各部门围绕省委省政府部署的“263”专项行动开展工作，努力补齐生态治理的短板，为百姓创造更多的绿色财富和生态福利。
区委常委、副区长殷毅参加了检查。@无锡环保",2,0,1,2017-01-19 13:27:01,https://weibo.cn/comment/ErxadzrDw?uid=5345449203&rl=1#cmtfrm,无锡胡埭污水处理,,,,@无锡环保,1
水果魔法袋,据说供暖结束 物价局要调查供暖满意度 我现在就说 不满意 不满意好多年了 家乐园是得罪谁了吗 还是暖气费比别人便宜呢 每年都作妖 今年特严重 都看看 这问题不是一天两天了 滕州还有监管部门吗 还能让我们温暖过冬吗#枣庄身边事##枣庄·华电滕州新源热电有限公司[地点]# @滕州日报 @滕州新鲜事 @齐鲁晚报枣庄站 @枣庄发布 @滕州市住建局 @枣庄身边事 @齐鲁网微博 @滕州物价 @滕州日报 http://t.cn/R2Wiknl,0,2,0,2017-01-03 21:26:16,https://weibo.cn/comment/Ep9sOccN6?uid=2797460577&rl=1#cmtfrm,华电滕州新源热电,,,,@滕州日报,@滕州新鲜事,@齐鲁晚报枣庄站,@枣庄发布,@滕州市住建局,@枣庄身边事,@齐鲁网微博,@滕州物价,@滕州日报,1
金华绿色之友,@余姚市环保局12369 @宁波市环境保护局 @浙江环保 宁波众茂姚北热电有限公司1月13号开始氮氧化物连续三天超标，在企业自行检测平台中监测方案下载却为永嘉绿色动力再生能源有限公司，与热电公司不符，请关注查询。 ​,0,0,0,2017-01-16 09:09:40,https://weibo.cn/comment/Er3ch08ei?uid=2768331107&rl=1#cmtfrm,永嘉绿色动力再生能源,,,,@余姚市环保局12369,@宁波市环境保护局,@浙江环保,3
PECC-LN,昆山市千灯污水处理有限公司，在江苏省企业自行监测平台上数据显示，其氨氮数据显示连续多日超标排放。请 @环保部发布 关注， 请 @江苏环保 @苏州12345 @苏州环保宣教  给予说明 。@绿色江南公众环境关注中心 @蔚蓝地图#蔚蓝地图# @PECC-LiJ @PECC-米菲 ​,0,7,21,2017-01-05 09:19:14,https://weibo.cn/comment/EpnyHDtIc?uid=5907562386&rl=1#cmtfrm,昆山市污水处理公司,,,,@环保部发布,@江苏环保,@苏州12345,@苏州环保宣教,@绿色江南公众环境关注中心,@蔚蓝地图,1
PECC-LiJ,浙江立盛织染有限公司，在浙江省企业自行监测信息公开平台上数据显示，其pH数据显示连续多日超标排放。请 @环保部发布 关注，请 @浙江环保 @绍兴-环保   给予说明。@绿色江南公众环境关注中心 @蔚蓝地图#蔚蓝地图# @PECC_LN @PECC-CB ​​​​,0,3,8,2017-01-22 13:32:29,https://weibo.cn/comment/ErZtVtP1J?uid=6064184520&rl=1#cmtfrm,浙江立盛织染,,,,@环保部发布,@浙江环保,@绍兴-环保,@绿色江南公众环境关注中心,@蔚蓝地图,2
乳山环保,#环保在行动#乳山市环保局人员陪同国家创卫验收专家对康达水务集团有限公司进行现场检查。@山东环境 @威海环境 乳山市 ​,1,1,22,2017-01-16 08:56:46,https://weibo.cn/comment/Er372e02w?uid=3735136194&rl=1#cmtfrm,康达环保水务,,,,@山东环境,@威海环境,2
乳山环保,#环保在行动#乳山市环保局人员陪同国家创卫验收专家对康达水务集团有限公司进行现场检查。@山东环境 @威海环境 乳山市 ​,1,1,22,2017-01-16 08:56:46,https://weibo.cn/comment/Er372e02w?uid=3735136194&rl=1#cmtfrm,乳山康达水务,,,,@山东环境,@威海环境,2
PECC-LiJ,杭州嘉濠印花染整有限公司 ，在浙江省企业自行监测信息公开平台上数据显示，其COD数据显示间断性超标排放。请 @环保部发布 关注，请 @浙江环保 @杭州环保  给予说明。@绿色江南公众环境关注中心 @蔚蓝地图#蔚蓝地图# @PECC_LN @PECC-CB ​​​​,0,2,16,2017-01-19 13:16:18,https://weibo.cn/comment/Erx5S4oDg?uid=6064184520&rl=1#cmtfrm,杭州嘉濠印花染整,,,,@环保部发布,@浙江环保,@杭州环保,@绿色江南公众环境关注中心,@蔚蓝地图,2
IPE_绿色金融,际华集团股份有限公司（601718.SH）全资子公司湖北际华新四五印染有限公司（原名襄樊新四五印染有限责任公司）在湖北省企业自行监测信息发布平台上数据显示COD多日连续超标，曾在过去的四个月内三次上榜IPE“上市公司环境风险提示”http://t.cn/RMbYiQX，也曾于去年11月名列环境保护部公布的“2016年第一季度主要污染物排放严重超标的国家重点监控企业处理处罚情况”。请@环保部发布 关注，请@湖北环保 给予说明。@蔚蓝地图,0,0,16,2017-01-06 15:24:59,https://weibo.cn/comment/EpznEcTgN?uid=1771847715&rl=1#cmtfrm,湖北际华新四五印染,,,,@环保部发布,@湖北环保,@蔚蓝地图,1
PECC-LiJ,绍兴市金丰印染有限公司，在浙江省企业自行监测信息公开平台上数据显示，其pH数据显示连续多日超标排放。请 @环保部发布 关注，请 @浙江环保 @绍兴-环保   给予说明。@绿色江南公众环境关注中心 @蔚蓝地图#蔚蓝地图# @PECC_LN @PECC-CB ​​​​,0,1,2,2017-01-24 15:53:53,https://weibo.cn/comment/EsjgjxOgU?uid=6064184520&rl=1#cmtfrm,绍兴市金丰印染,,,,@环保部发布,@浙江环保,@绍兴-环保,@绿色江南公众环境关注中心,@蔚蓝地图,2
沧州微播报,人管管吗[挖鼻][挖鼻][挖鼻]这个真的好吗[黑线][黑线][黑线]我怕毒死哦(ᵒ̤̑₀̑ᵒ̤̑)哦@沧州微播报 @沧州微播报 @沧州新鲜事 @东南快报 @乐享沧州 @南方都市报 @新华社中国网事 @扬子晚报 @中国政府网 @新浪河北沧州频道 @新华社中国网事 http://t.cn/RAN9a6i ​,2,2,1,2017-01-16 10:29:52,https://weibo.cn/comment/Er3yg911P?rl=1#cmtfrm,沧州中铁装备制造材料,1,欢乐的大龄文艺男青年,转发理由:沧州中铁装备制造材料集团 ​   @河北省环保厅      ,@沧州微播报,@沧州微播报,@沧州新鲜事,@东南快报,@乐享沧州,@南方都市报,@新华社中国网事,@扬子晚报,@中国政府网,@新浪河北沧州频道,@新华社中国网事,@河北省环保厅,1
华先生觉得无所谓,青岛钢铁集团（老址）门口，是不是四流路和遵义路路口？？？，红绿灯坏了，小车太低，看不到南北向，这个是由西向东方向坏了。这会车流量还行。望快速修好。@青岛交通广播FM897 @青岛交警 @青岛城乡建设 ​,1,2,2,2017-01-02 15:57:55,https://weibo.cn/comment/EoXT2vFzw?uid=5849512791&rl=1#cmtfrm,青岛钢铁,,,,@青岛交通广播FM897,@青岛交警,@青岛城乡建设,1
铜陵网络资讯,#铜陵身边事# 【铜陵三企业上榜“中国质量诚信企业”】近日，铜陵检验检疫局会同省检验检疫协会举行了“中国质量诚信企业”授牌仪式，金隆铜业公司、铜化进出口有限公司、华源麻业有限公司三家企业获此殊荣。据了解， “中国质量诚信企业”称号由中国出入境检验检疫协会每两年公布一次，根据《质量诚信企业管理办法(试行)》、《质量诚信活动实施方案》，经过企业申请、材料初审、信用评价、专家复审、社会公示、发布表彰、结果备案等程序，旨在建立进出口企业质量诚信信息更新长效机制，保障进出口企业诚信信息的准确和及时。via.铜陵新闻网 @铜陵质监,1,0,1,2017-01-23 10:30:03,https://weibo.cn/comment/Es7InkK3z?uid=2008732281&rl=1#cmtfrm,金隆铜业,,,,@铜陵质监,1
