投诉者帐号名,介绍,是否认证,认证类型（机构/个人）,
蔚蓝地图,认证：北京市朝阳区公众环境研究中心污染地图APP,是,机构,
海盐环保,认证：浙江嘉兴市海盐县环保局官方微博,是,机构,
保卫楠溪江,认证：公益博主,是,个人,
节能环保技术超市,欢迎关注微信公众账号：eetmall。提供节能环保技术展示推广对...,否,,
Hyacinth-2014,"喜欢简单的生活,喜欢一个人静静地看书,喜欢和知心的朋友一起旅...",否,,
单酒窝妹妹,认证：  油品分析工,是,个人,
月泠风清,诚信互听互粉 文明上网 传播正能量 风倾云水 月泠风清 平平淡...,否,,
菠萝蜜恋歌,如果有什么事会让你愤怒，那你一定是一个对社会有用的人，好作...,否,,
联合青年,认证：精蜡厂一联合 职员,是,个人,
泠风2011,（互粉互转微博） 最奇妙的物质莫过于风，无色、无味、无形，...,否,,
龙再,,否,,
木儿0905,,否,,
萝卜白菜918,喜欢文学写作和旅游，喜欢结交天下朋友。,否,,
ml_nxsyyl,,否,,
银川住建,认证：银川市住房和城乡建设局（民防局）官方微博,是,机构,
山东空气观察团,“Air山东”民间空气观察,否,,
绿行齐鲁,认证：济南市绿行齐鲁环保公益服务中心,是,机构,
合肥刑事律师方文正,认证：安徽徽达律师事务所专职律师,是,个人,
好空气保卫侠,认证：北京市丰台区源头爱好者环境研究所好空气保卫侠,是,机构,
秦皇岛同城会,认证：秦皇岛同城会官方微博,是,机构,
善行河北,认证：善行河北官方微博,是,机构,
中国石化巴陵石化,认证：中国石化集团资产经营管理有限公司巴陵石化分公司,是,机构,
思源NJ,遇见你，我变得很低很低，一直低到尘埃里去，但我的心是欢喜的...,否,,
六朝松2011,认证：山东环境保护基金会 职员,是,个人,
睢宁发布,认证：睢宁县人民政府官方微博,是,机构,
绿色江南公众环境关注中心,认证：苏州工业园区绿色江南公众环境关注中心官方微博,是,机构,
设计狗de日常,自己的设计路，当狗也得走完,否,,
新泰环保,认证：山东省新泰市环境保护局官方微博,是,机构,
彤彤1234,,否,,
大苹果110,,否,,
海默先生,泰富外汇策略基金，为您的财富增值。 联系QQ：813075198,否,,
十月1898,没有最好，只有更好，年轻没有失败，努力就是天才,否,,
银川发布,认证：银川市委外宣办、市政府新闻办官方微博,是,机构,
检验检测大杨,认证：科学科普博主 头条文章作者,是,个人,
冰冻三尺Kim,已逐步转移到微信，请加微信：8260321,否,,
西安航空基地,认证：西安阎良国家航空高技术产业基地管委会官方微博,是,机构,
南京绿石,认证：绿石环境保护中心官方微博,是,机构,
龙港网站,认证：龙港网官方微博,是,机构,
美丽大唐,认证：中国大唐集团公司官方微博,是,机构,
名扬天下V,2017，美梦成真！,否,,
抗霾行动组,我们的宗旨：科普雾霾成因，提高环保意识；发动抗霾行动，实施...,否,,
张家港发布,认证：张家港市人民政府新闻办官方微博,是,机构,
中国-永联村,认证：江苏省张家港市南丰镇永联村民委员会官方微博,是,机构,
河南科技大学校媒记者团,认证：河南科技大学记者团官方微博,是,机构,
新浪无锡,认证：新浪无锡官方微博,是,机构,
老虫lovecandy,,否,,
魅力托克托,认证：中国内蒙古自治区呼和浩特市托克托县宣传部官方微博,是,机构,
李国栋v,认证：媒体人（呼和浩特） 内蒙古媒体人,是,个人,
马鞍山帮帮,认证：微博马鞍山同城大使 知名本地博主 #马鞍山#超级话题主持人 头条文章作者,是,个人,
跳爷绿领,认证：天津滨海环保咨询服务中心项目专员,是,个人,
诸葛亮晶晶艾特你,乌云乌云快走开☁️,否,,
Crystel鹃,,否,,
湘潭矛戈,认证：湘潭环境保护协会副秘书长,是,个人,
用户5240813827,,否,,
梦中乾坤大,天道酬勤 静水流深,否,,
中国水安全检测中心,认证：中国水安全检测中心公益项目,是,机构,
人民网温州频道,认证：人民网温州频道官方微博,是,机构,
葱葱AQQ,认证：姜堰市互联网协会 副会长 美食点评团成员,是,个人,
陕西魏延安,认证：共青团陕西省委农工部部长,是,个人,
和布克赛尔发布,认证：新疆塔城地区和布克赛尔县宣传部官方微博,是,机构,
雾霾总督察,,否,,
绿色江南方应君,认证：苏州工业园区绿色江南公众环境关注中心主任,是,个人,
永启2011,认证：济南市绿行齐鲁行动研究中心 执行主任郭永启,是,个人,
吴堡公安,认证：陕西省榆林市吴堡县公安局官方微博,是,机构,
清风一刻LiFE,淡淡的友情最诚，淡淡的问候最醇，淡淡的依恋最亲，淡淡的孤独...,否,,
永宁微博,认证：宁夏永宁县委、县人民政府官方微博,是,机构,
镇海发布,认证：宁波市镇海区委、区政府官方微博,是,机构,
镇海区环境科学学会,认证：宁波市镇海区环境科学学会官方微博,是,机构,
10陈浩然,,否,,
静舞-漫雪,下辈子做猫：永远被宠幸，姿态优雅，重要的是还有九条命！,否,,
深圳胖纸蝈蝈,胖纸一枚,否,,
相峰在深圳,认证：志愿者 尹相峰,是,个人,
深圳特区报,认证：深圳特区报官方微博,是,机构,
L-J_Q,,否,,
自然餐桌,自然的心你懂吗？,否,,
Oceary,只能把微博当做新闻平台来看了。,否,,
志愿者老木子,依心而行，无憾今生。,否,,
泰01,,否,,
开心的静曦,對人性的弱點有清醒的認識，但我永遠相信真誠的愛情，對愛情永...,否,,
不贫嘴会死星人,纵使姐有风情万种魅力无穷，不贫嘴依然会死的。,否,,
龙华资讯哥,正在创业研发智能产品，公司配套京东商城longwulp.jd.com，欢...,否,,
环境保护主义者联盟,认证：公益博主 头条文章作者,是,个人,
生态大塘,认证：佛山市三水区大塘镇人民政府官方微博,是,机构,
天山雪儿9,认证：中国石化安徽六安石油分公司 专职纪检员,是,个人,
宾语的廉政空间,认证：安徽法制网副总编，中纪委全国纪检监察期刊优秀作者,是,个人,
只转发不评论,,否,,
今晚煲什么汤,吩咐老婆煲汤,否,,
晓月堂主,认证：广州市环境保护工程设计院高级工程师,是,个人,
永川环保,认证：重庆市永川区环境保护局官方微博,是,机构,
公众环境马军,认证：《中国水危机》作者、公众与环境研究中心主任马军,是,个人,
丁进亮,认证：上海铁路局淮北车务段 副科长,是,个人,
何春银微想,认证：南京微博名人汇理事长、1831大数据创始人 #心灵环保#超级话题主持人,是,个人,
广州净水公司,认证：广州市净水有限公司,是,机构,
王振炜是个大人物,人生我选择设置，快乐模式！,否,,
燕山闽水,,否,,
赑沤汐的格子间VIVI,"Like a sunrise, getting better and better .",否,,
ALiangDad,我就是我，一个双子座个性的我。,否,,
外向的孤独患者累了,多些勇气吧！或许不久的将来，根本没有那股劲了。又怎么去追，...,否,,
南京市供水节水管理处,认证：南京市供水节水管理处官方微博,是,机构,
IPE阮清鸳,认证：北京市朝阳区公众环境研究中心部门经理,是,个人,
禅城发布,认证：佛山市禅城区人民政府新闻办公室官方微博,是,机构,
上善若水-白坭,认证：佛山市三水区白坭镇人民政府官方微博,是,机构,
冯永锋,认证：“自然大学”发起人 冯永锋,是,个人,
范成波NGO,认证：公益博主,是,个人,
重金属坏小子,认证：深圳市零废弃环保公益事业发展中心 总干事 头条文章作者,是,个人,
中国重金属污染地图,认证：北京市丰台区源头爱好者环境研究所中国重金属污染地图,是,机构,
赣州矿管发布,认证：江西省赣州市矿产资源管理局官方微博,是,机构,
中新社记者何蒋勇,认证：  中国新闻社浙江分社记者,是,个人,
艺0八,人生没有捷径可循，唯有一步一步走，才能抵达终点。着眼于当下...,否,,
博说天下事5235,,否,,
仅需四步23,,否,,
小丑鱼0307,幸福就在身边,否,,
东-企图,,否,,
邀您看三山,认证：安徽省芜湖市三山区委宣传部官方微博,是,机构,
深圳口岸交警,认证：深圳交警口岸大队官方微博,是,机构,
高明公安,认证：广东省佛山市高明区公安局官方微博,是,机构,
泉城清河人家,泉城、清河、人家； 新浪、微博、游侠； 冲浪人在江湖； 微观...,否,,
雪狼杰帝,笨蛋一个。。。,否,,
伊宁县商务经信委,认证：新疆伊犁伊宁县商务和经济信息化委员会官方微博,是,机构,
伊宁县环保,认证：新疆伊犁伊宁县环境保护局官方微博,是,机构,
何桐1993,每当想要放弃的时候，想想为什么坚持到了现在！,否,,
新浪内蒙古资讯,认证：新浪内蒙古资讯,是,机构,
广德公,认证：新浪驾车旅游名博,是,个人,
綠色江南田靜,,否,,
7d渣渣摄影师,认证：深圳裸摄影高端工作室 首席摄影师,是,个人,
关注馗,"扬正气,促和谐",否,,
上海华虹集团,认证：上海华虹（集团）有限公司,是,机构,
伊宁县安监局123,认证：新疆伊犁伊宁县安全生产监督管理局官方微博,是,机构,
菜乡之剑,认证：天源文化传媒有限公司副总经理,是,个人,
昨夜如梦,,否,,
南昌水业,认证：南昌水业集团有限责任公司官方微博,是,机构,
国资小新,认证：国务院国资委新闻中心,是,机构,
国密董酒,认证：贵州董酒销售有限公司官方微博,是,机构,
守护夏都,认证：中国法学会会员 禹州市公安局民警 知政观察团成员,是,个人,
直播陕南,认证：本地资讯博主（陕南）http://t.cn/RUmMhZ7 资讯视频自媒体,是,个人,
鲜城哈尔滨,认证：鲜城哈尔滨官方微博,是,机构,
南湖环保,认证：嘉兴市南湖区环保局官方微博,是,机构,
湘潭环保迪迪,认证：  湘潭环境保护协会 常务理事,是,个人,
王恒wangheng,希望社会正义永葆青春！,否,,
康赵丁,chondriotin,否,,
延边新闻广播,认证：延边人民广播电台新闻广播官方微博,是,机构,
战斗企鹅,,否,,
临沂百姓事,认证：本地资讯博主（临沂）,是,个人,
临沂凤祥,实名开博。关注交通路况安全及相关，兼顾其他！,否,,
临沂义工联盟官网,我愿意成为一名光荣的义工。我承诺：各尽所能，不计报酬，帮助...,否,,
公益汪昭华,认证：全国优秀志愿者；中国好人、点点环保发起人；交通安全志愿者,是,个人,
新浪山东临沂频道,认证：新浪山东临沂频道官方微博,是,机构,
徐小记,认证：媒体人,是,个人,
最爱济南,认证：微博济南同城大使,是,个人,
你的二手鸡,粉丝1亿,否,,
梅河口车务段,认证：辽宁省沈阳铁路局梅河口车务段官方微博,是,机构,
昌吉州政府网,认证：昌吉州政府门户网站官方微博,是,机构,
f1rstone,,否,,
苏吴春秋-宸宇,认证：互联网资讯博主,是,个人,
宁夏红枸杞产业集团,认证：宁夏红枸杞产业集团有限公司,是,机构,
周浦发布,认证：上海市浦东新区周浦镇人民政府官方微博,是,机构,
横琴梦,认证：资深人力资源管理专家 国家一级人力资源管理师,是,个人,
晁Bb_,,否,,
MISS蕾在其中,微笑向暖🎀,否,,
中石化茂名公司水务运行部,认证：中国石化集团茂名石油化工公司,是,机构,
ce海是倒过来的天,有时候，我们做出的最艰难的决定，最终会成为我们做过的最漂亮...,否,,
金山广播电视台,认证：上海金山广播电视台官方微博,是,机构,
石化社区热线,认证：上海市金山区石化街道官方微博,是,机构,
海盐石化,认证：中国石油化工股份有限公司浙江嘉兴海盐石油支公司,是,机构,
中石化桐乡石油支公司,时刻随行 品质保证,否,,
南海交警,认证：广东省佛山市南海区交警大队官方微博,是,机构,
fstomy,,否,,
Air_Lian,我谢谢一切帮助我的人，我代表我们全体家人感谢你们！,否,,
克拉玛依发布,认证：新疆克拉玛依市人民政府新闻办官方微博,是,机构,
国电驻马店热电,认证：国电驻马店热电有限公司,是,机构,
打打苍蝇吧,,否,,
石头紫溪,,否,,
柳州供电段,认证：中国铁路南宁局集团有限公司柳州供电段官方微博,是,机构,
南宁微博头条,认证：微博南宁同城大使 知名本地博主,是,个人,
大理人民广播电台,认证：云南省大理人民广播电台官方微博,是,机构,
徐州守望家园,认证：徐州市守望家园生态文明建设基金会,是,机构,
生态梦人,认证：山东环保基金会秘书长 环保部宣教中心环境公众参与研究员王必斗,是,个人,
小妞的围脖儿,零食好戒，心瘾难除,否,,
板板有梦想,请不要超过70字,否,,
智能弱电资深人士,从事弱电智能化系统，涵盖安防系统、智能一卡通（停车场管理系...,否,,
白水东鸿,爱生活爱单车,否,,
晋中之窗号,认证：青岛埃塔网络技术有限公司 编辑,是,个人,
其實我叫大石,认证：绍兴市朝露环保公益服务中心 主任、绍兴公益网 常务理事 徐磬石,是,个人,
文明管城,认证：郑州市管城区文明办官方微博,是,机构,
哈密地区质量技术监督局,认证：新疆哈密地区质监局官方微博,是,机构,
德阳经信,认证：德阳市经济和信息化委员会,是,机构,
赵亮绿领,认证：民间公益人士，天津绿领创始人、理事长,是,个人,
都市晨报,认证：《都市晨报》官方微博,是,机构,
中化集团,认证：中国中化集团公司官方微博,是,机构,
ppamm_13728,,否,,
万泽农资,认证：郑州万泽展览展示有限公司,是,机构,
绿唐,唐山本土草根NGO,否,,
微彝良,认证：中共彝良县委宣传部官方微博,是,机构,
固废处理专家张旭,认证：河南清智环保科技有限公司总经理,是,个人,
绿之源zz,大家行动起来，共同保护地球母亲，保护人类和动植物赖以生存的...,否,,
米且且,,否,,
山东早知道,认证：本地资讯博主（济南）http://t.cn/RUmMhZ7 资讯视频自媒体,是,个人,
最爱南昌,认证：微博南昌同城大使,是,个人,
环境保护杂志社,认证：环境保护杂志社有限公司,是,机构,
不左即右,向左不行，往右试试,否,,
淮南7夏,认证：中国摄影师协会高级摄影师 五洲图片库签约摄影师 头条文章作者,是,个人,
上铁淮南西站,认证：上海铁路局淮南西站青年志愿者协会官方微博,是,机构,
美丽的水务,认证：  中国石化天津石化水务部 职员于超,是,个人,
津彩汇聚,认证：  天津石化公司聚醚部 助理工程师 殷明威,是,个人,
平安永宁,认证：银川市永宁县公安局官方微博,是,机构,
李大威jovi,我是个有点内向的人，我自认很诚实，我很喜欢和别人一起寻找共...,否,,
合肥高楼迷,认证：本地资讯博主（合肥）http://t.cn/RUmMhZ7,是,个人,
菩提树下听惊雷,,否,,
微水富,认证：中共水富县委宣传部官方微博,是,机构,
米斯特_徐,,否,,
威海经信,认证：山东省威海市经济和信息化委员会官方微博,是,机构,
丰县司法,认证：江苏省徐州市丰县司法局官方微博,是,机构,
华彩弘歌鑫都影城,认证：上海弘歌城镇数字电影院线有限公司,是,机构,
武陵老樵,"道德观上的基督徒,世界观上的佛教徒,群氓中的犹太人,骑自行车...",否,,
盛世一难民,,否,,
房网浪子szhome,认证：深圳市易图资讯有限公司 职员,是,个人,
amny_zhang,择善固执,否,,
中国石化扬子石化公司,认证：中国石化扬子石油化工有限公司,是,机构,
时间的过客40,静思,否,,
松岗公卫,认证：广东省深圳市宝安区松岗卫生监督所官方微博,是,机构,
杨方义,大理公民,否,,
大众网,认证：山东重点新闻网站、山东新闻第一网大众网www.dzwww.com官方微博,是,机构,
芜湖团长,认证：本地资讯博主（芜湖）http://t.cn/RUmMhZ7,是,个人,
内蒙古县域,认证：新浪内蒙古县域频道官方微博,是,机构,
巴南环保,认证：重庆市巴南区环境保护局,是,机构,
桔皮U,,否,,
海盐住房公积金,认证：嘉兴市住房公积金管理中心海盐县分中心官方微博,是,机构,
天外桃源Gordon,认证：广州市志翼教育科技软件有限公司 营销部项目经理,是,个人,
承希予希,别人认识你是你的面容和躯体，人们定义你是你的头脑和心灵,否,,
动西安,让一部分西安人，先动起来！( 注:本账户为INXIAN专属子账户 ),否,,
蓝天梦在行动,一起关注山东蓝天行动吧！,否,,
阿克陶发布,认证：新疆克州阿克陶县委宣传部官方微博,是,机构,
银川奇石,完美理性人——集采印象，闽粤宁,否,,
涣涣happy,,否,,
尊公义,"大顺至尊，大略至公,大德至义,有此三大一定是所向披靡、战无不...",否,,
新浪山东威海频道,认证：新浪山东威海频道官方微博,是,机构,
新浪山东,认证：新浪山东官方微博，新浪看点山东站官方微博,是,机构,
长江网,认证：长江日报传媒集团旗下长江网官方微博,是,机构,
滨州大众网,认证：大众报业集团滨州大众网官方微博,是,机构,
其少,相逢的人会再相逢,否,,
天又亮黑了,,否,,
泉城之子2013,关注齐鲁 微观山东,否,,
大头爸爸马甲,,否,,
衢州发布,认证：衢州市人民政府新闻办公室官方微博,是,机构,
五岭彩虹,环境监督卫士,否,,
湘潭云中雾,中国农业银行股份有限公司湘潭分行 环保志愿者,否,,
潇湘孙慧佳,认证：湘潭天晨贸易有限公司副总经理,是,个人,
韬光079,认证：中石化华北分公司第四采油厂靳卫广,是,个人,
永不跑调的小白,认证：中石化华北分公司第一采油厂采油作业一区培训员,是,个人,
山沟沟里的雅岚,认证：  中国石化华北分公司第一采油厂采油作业二区 职员,是,个人,
萨宾--zj,认证：中石化华北分公司第一采油厂红一联合站 党群组职工,是,个人,
虾酱子少校,认证：中石化华北分公司第一采油厂采油作业一区安全培训员王霞,是,个人,
PRADA赵八两,认证：    中石化华北分公司第一采油厂采油作业四区 宣传管理,是,个人,
Moon小喵,认证：中石化华北分公司第一采油厂红一联合站 会计,是,个人,
黄土塬上一口缸,,否,,
贺兰环保,认证：银川市贺兰县环境保护局官方微博,是,机构,
蒋永平JYP,更多精彩请关注“三十视觉”微信个人公众号,否,,
南昌发布,认证：南昌市人民政府新闻办官方微博,是,机构,
南昌经济技术开发区发布,认证：江西省南昌市经济技术开发区官方微博,是,机构,
我要换个低调的名字,二级市场,否,,
义乌水务集团,认证：义乌市水务建设集团有限公司,是,机构,
_竹林雨,,否,,
胜利归来666,,否,,
-过客是我,,否,,
青春石化,认证：中国石化青年工作处官方微博,是,机构,
中石化滁州石油公司,认证：中国石油化工股份有限公司安徽滁州石油分公司,是,机构,
长沙市曙光环保公益发展中心,认证：长沙市曙光环保公益发展中心,是,机构,
你的微笑刺痛我的双眼,,否,,
到底哪个名字没注册,,否,,
我独醒您呢,无,否,,
宝鉴小兵,认证：铜川市耀州区宝剑山庄总经理,是,个人,
整理时光_,此时，此地，此身。,否,,
国家水卫队,认证：北京市丰台区源头爱好者环境研究所国家水卫队,是,机构,
ilovehomeland,,否,,
合工大环保协会,认证：合肥工业大学环境保护协会官方微博,是,机构,
湘潭小雪无痕,湘潭市环保协会 常务理事,否,,
孙成-SC,,否,,
绿金小编,,否,,
安徽新闻联播,认证：《安徽新闻联播》官方微博,是,机构,
我才是小棉袄,姹紫嫣红！,否,,
芜湖弋江警方,认证：安徽省芜湖市公安局弋江分局官方微博,是,机构,
微博济南,认证：济南市政务发布平台官方微博,是,机构,
昆山地税,认证：苏州市昆山地方税务局官方微博,是,机构,
新闻娃,认证：资深媒体人,是,个人,
宜兴陶都论坛,认证：宜兴陶都论坛http://bbs.dataodu.com官方微博,是,机构,
玉峰亦风,认证：摄影博主 河南省青年摄影家协会会员,是,个人,
鲜城济南,认证：鲜城济南官方微博,是,机构,
舜网老卢,认证：舜网全媒体中心记者,是,个人,
骇浪狂澜,爱秀美山川， 爱幽深丛林；爱风轻云淡，爱雁过留痕；不是都市...,否,,
天玑舆情分析研究中心,前身为1998年成立的中科院计算所软件研究室，根植于计算所多年...,否,,
烟台中科网络舆情研究中心,认证：烟台中科网络技术研究所,是,机构,
新疆旱子,认证：诗人旱子，著有长诗《磨刀石》,是,个人,
玉环发布,认证：浙江省玉环市人民政府新闻办公室官方微博,是,机构,
尚法昆山,认证：昆山市法制宣传教育领导小组办公室官方微博,是,机构,
嘻哈雪嘉,认证：新浪黑龙江新闻频道原创视频栏目,是,机构,
莫愁环境保护协会,认证：莫愁环境保护协会官方微博,是,机构,
巢湖阳光论坛,认证：巢湖阳光论坛（www.chaohu.cc）官方微博,是,机构,
国网民权县供电公司,认证：商丘市民权县供电局官方微博,是,机构,
阳江供电,认证：广东电网有限责任公司阳江供电局官方微博,是,机构,
南宁供电段,认证：中国铁路南宁局集团有限公司南宁供电段官方微博,是,机构,
广东火电送变电工程公司,认证：中国能源建设集团广东火电工程总公司,是,机构,
小笨笨_65172,,否,,
漂浮的舩,,否,,
看花开2013,热爱北半球的春天,否,,
城阳交警夏庄中队,认证：青岛城阳交警夏庄中队官方微博,是,机构,
南昌市政公用集团发布,认证：江西省南昌市政公用集团官方微博,是,机构,
龙游环保,认证：浙江省衢州市龙游县环境保护局官方微博,是,机构,
关外听闻,中央人民广播电台中国之声记者管昕,否,,
华旭璨,俺的精彩就是我，精彩是华旭璨。,否,,
中国石化北海炼化,认证：中国石化北海炼化有限责任公司,是,机构,
萧班立,三观何须正，六根任其浊,否,,
绿色彭城,徐州环保信息民间发布/环境污染问题求助欢迎私信/对环保热衷的...,否,,
清风杜曲,认证：中国共产党杜曲镇纪律检查委员会官方微博,是,机构,
临颍烟草在线,认证：河南省漯河市烟草公司临颍县分公司官方微博,是,机构,
清风陈庄ly,认证：中共陈庄乡纪律检查委员会官方微博,是,机构,
清风临颍,认证：漯河市临颍县纪律检查委员会官方微博,是,机构,
朝露环保公益服务中心,认证：民间环保组织。致力于推动环境治理，改善环境现状。,是,机构,
此号停用感谢各位几年陪伴,井巷工程，无党派，已婚，胖！,否,,
我是缸子,,否,,
郴州倪亚玲,海内存知己，天涯若比邻。,否,,
得善行销,做人要真，做事要实！,否,,
新疆伊宁县总工会,认证：新疆伊犁伊宁县总工会官方微博,是,机构,
北华中清环境,认证：北京华利嘉环境工程技术有限公司,是,机构,
青岛环境监测,认证：山东省青岛市环境监测中心站官方微博,是,机构,
山东讯网,认证：青岛飞讯网络传媒有限公司,是,机构,
沐官岛客,认证：媒体人,是,个人,
若尘一梦的海角,认证：中石化井下特种作业处 高级政工师,是,个人,
用户1596857744,共青团宁波富邦控股集团有限公司委员会微博,否,,
郑州财经技师学院,认证：郑州财经技师学院官方微博,是,机构,
世间百态12,剥开雾霾方展翼，心系农民是正义。牛鬼蛇神存侥幸，亿万人民齐...,否,,
新生活环保促进会_乐水行广州,新生活_乐水行广州，让行动带来改变！官网：http://blog.sina....,否,,
绿色水滴2013,我愿做一滴水，或汇入江河，或滋润大地，只为我们这美丽家园的...,否,,
篮球迷wade,球迷，好脾气！！！,否,,
Eric还是我,,否,,
映象网,认证：河南大象融媒-映象网 微博区域新媒体（河南）站,是,机构,
苏晓东_ld,认证：安徽蓝盾光电子股份有限公司行业经理苏晓东,是,个人,
陕西发布,认证：陕西省人民政府门户网站官方微博,是,机构,
彬县贴吧,认证：彬县贴吧,是,机构,
曼吕西纳,见证世界所有的美好。如果你信任我，我会给你幸福。,否,,
花子风0916,,否,,
北仑发布,认证：宁波市北仑区人民政府新闻办官方微博,是,机构,
PECC-YW,苏州工业园区绿色江南环境关注中心,否,,
崇明消防,认证：上海消防总队崇明支队官方微博,是,机构,
_SpiritLee_,我要拯救地球！,否,,
绿色之翼静,绿色的生命与活力。。绚烂的星空，清澈的流水,否,,
金山总部经济园,认证：上海金山张堰经济发展有限公司,是,机构,
临沂市环境监察支队,认证：山东省临沂市环境监察支队官方微博,是,机构,
沈阳车辆段,认证：辽宁省沈阳铁路局沈阳车辆段官方微博,是,机构,
中青河南,认证：中青河南官网微博,是,机构,
四岁仍旧在吃土,2次元/绘画渣滓/猫/死蠢(ノ=Д=)ノ┻━┻,否,,
巜灬巜灬巜灬,「恐高的鸟」,否,,
奏耐宁河,认证：本地资讯博主（宁河）http://t.cn/RUmMhZ7 头条文章作者,是,个人,
飞帆橡皮鱼,,否,,
深圳水务集团,认证：深圳水务集团官方微博,是,机构,
Alicialia,,否,,
不爱探险的Dora,,否,,
Bluracle,安安静静做人,否,,
蓝月光倾城,生命是一次长途旅行，也是一次终究要散的盛宴。,否,,
古韵风行,独道的人生，独道的自我。,否,,
醉死梦生65,,否,,
冲出亚马逊lk,,否,,
阿布扎比75,微博股评团 坐禅趋势理论实践者,否,,
霸天虎V5,准备熟读儿歌三百首,否,,
一禧之地,评论人,否,,
蛇妖妖娆-敏,在孤独中慢慢沉淀自己,否,,
央企新闻眼,认证：央企媒体联合会官方微博,是,机构,
消防前沿,认证：盛美传媒（香港）有限公司宁波代表处,是,机构,
昆明西山区宣传部,认证：昆明市西山区委宣传部官方微博,是,机构,
昆明市西山区发布,认证：云南省昆明市西山区政府官方微博,是,机构,
一本正经的小痴,凡事不能凑合。,否,,
兔兔盒子,对一切萌物毫无抵抗力~~,否,,
sylvest高,,否,,
钵微长老,活的真实，比啥都重要。,否,,
Marc-Wan,初學攝影，請多指教 ༄,否,,
猫尾纹Zickey,不知道谁在何处等待，不知道后来的后来。,否,,
环保监督员,立足云南，关注环保,否,,
陶二-,,否,,
莫威1988,,否,,
夜花痕,明天的你是否还会记得昨天的我,否,,
努力松梗香,,否,,
hnhb2015,,否,,
Lillianbaby阳,石景山出生，东城上的中学高中，海淀上的大学，已婚的北京大妞...,否,,
爱做梦的孩子不想长大,,否,,
翟永帆,业余外汇交易员，管弦乐·红酒·咖啡·雪茄·武术·收藏爱好者...,否,,
美达Pear,用一万个小小立志去代替雄心壮志。,否,,
妈妈的乐乐,乐乐要妈妈幸福！,否,,
Better_ZHJ,不忘初心！,否,,
Zerone1911,,否,,
麦田里听风的狐狸,沧海一粟……,否,,
姜小小小小东,每个人都有自己的爱好，但不一定都适合每一个人，请尊重每个人...,否,,
尹小贺,认证：吉林星晨网络科技有限公司员工,是,个人,
人民环保,人民网环保频道 敬请关注！http://env.people.com.cn/,否,,
J狒狒,三箱的ＣＤ，二箱的玩具，四箱的书，半箱的秘密...,否,,
孤独守候者_,与人无害,否,,
X9622,飞机，火车，轮船，汽车，摩托迷,否,,
blueromance,,否,,
暴走的小凤梨,温柔一点，可爱一点，有趣一点。,否,,
达标区污水管网排查小组,暑期社会实践团队,否,,
Augustuslee,有勇气去尝试任何事情，天生来创造奇迹的。,否,,
榆林红儿,认证：搞笑幽默博主 搞笑视频自媒体,是,个人,
绿满--Liya,,否,,
天工雅芝,,否,,
嘉兴咖啡爸爸,认证：微博嘉兴同城大使,是,个人,
阿德嘉兴1041,认证：嘉兴新闻广播1041 编辑记者 曹继德,是,个人,
2017资深淘宝客,本人为淘宝联盟资深淘宝客，有需要淘宝天猫内部优惠劵的亲们请...,否,,
登高自大,认证：安徽绿色大学生论坛执行长,是,个人,
肉泡眼celine,拒绝语言暴力！,否,,
fdr2012,这个家伙很懒，什么也没有留下！ 前面那话比较贴切,否,,
yyhshshyyh,成长的过程，我很喜欢一路上给我以教育和启示的人，没有你们我...,否,,
长不过执念坚持,未来不迎，当时不杂，过往不恋。,否,,
徐州鼓楼司法,认证：江苏省徐州市鼓楼区司法局官方微博,是,机构,
陇南发布,认证：甘肃省陇南市外宣办官方微博,是,机构,
nayumii,怕夜长梦不多。。若真有心，你我之间最远不过是一张机票的距离...,否,,
广西人民广播电台,认证：广西人民广播电台官方微博,是,机构,
贪吃小胖,我静静等待玉剑出鞘的一天，那是闪着阳光的一块宝石,否,,
arongxushanghai,客居上海的北京人。爱近代史，奥派经济观点追随者，崇尚自然疗...,否,,
尚法哈哈法苑,(｡･ω･｡)ﾉ♡一个关注公益事业、提供免费无偿法律援助的大...,否,,
Jack乔夫子,要么读书，要么旅行，身体和灵魂总要有一个在路上。,否,,
漩涡鸣人0823,我是個宅女，但如果有人約我，我還是會去的。,否,,
北海没有道,剑未配，转身便江湖。愿你出走半生，归来仍是少年。,否,,
JUAN-卷卷童鞋,约稿请联系qq: 276864031 或微信：lhy712 涂鸦王国地址：http:...,否,,
李二哥是個大高個兒,,否,,
枫雨飘扬,辛勤的劳动人民,否,,
中国环境新闻,认证：环境保护部宣传教育司主管、中国环境报社主办,是,机构,
凤凰江苏城市,认证：凤凰网江苏站城市频道官方微博,是,机构,
AWC_Belinda,凡全副精神专注一事，终身必有成就。,否,,
沂南事儿,认证：本地资讯博主（临沂）http://t.cn/RUmMhZ7,是,个人,
今日微博头条,认证：新浪网地方信息聚合官方微博,是,机构,
回首初见晴,,否,,
剪刀手自己,认证：杏仁医生app优秀医生,是,个人,
百色供电,认证：广西电网公司百色供电局官方微博,是,机构,
夜寒星Hy,得之我幸，失之我命,否,,
胡萝卜须的白马非马,,否,,
Nerolia,勇于自省 永远任性,否,,
shalocke,我就是我，是颜色不一样的烟火。,否,,
老常小斗,做勇敢的自己。,否,,
大力水手峰,,否,,
太太太太太阳光,幸福安康💕,否,,
小天蝎801,有理想生活才会美好！,否,,
民谣陈二狗,这个世界如此喧哗，让沉默的人显得有点傻,否,,
天抹微云哦,,否,,
安监都江堰,认证：四川省都江堰市安全生产监督管理局官方微博,是,机构,
我会一个人好好的活着,,否,,
重庆男神杰先生,认证：重庆大博汽车销售有限公司售后区域经理,是,个人,
城阳交警流亭中队,认证：青岛城阳交警流亭中队官方微博,是,机构,
户县公安,认证：户县公安局官方微博,是,机构,
射手座wqj,,否,,
Dragon_林小龙,FANTASTIC,否,,
Sagittariuslee,余生只愿你俩平安喜乐,否,,
顺德人话顺德,顺德的白金汉宫,否,,
群isiz,和自己聊天的地方,否,,
Andy_fly,- -//,否,,
甲鸟笑笑,®售前售后任何问题都可找我，微博不一定更新，微信名是YAYA,否,,
马建平舆情在线,认证：头条文章作者,是,个人,
洛克烧,,否,,
李黑磊,是谁？,否,,
如皋市城市管理监督指挥中心,更科学、更高效、更智慧地管理城市。,否,,
暴走的小鸟微博,,否,,
卡农来泽尔,,否,,
Adelais温,做个快乐的人儿,否,,
奥巴家的骡子,一只喜欢阅读，思考，尝试的骡子。 微信公号ID hjdxe1911 欢迎...,否,,
竹一妈妈,竹杖芒鞋轻胜马，谁怕？ 一蓑烟雨任平生。,否,,
一点红2881692603,不知道，自己是肿么了，傻了吧！,否,,
卡卡侬kandar,杰西卡，我爱你⚾,否,,
思埠黛莱美授权总代艳子,认证：广东思埠集团 思埠授权经销商,是,个人,
中青网江西,认证：中国青年网江西频道官方微博,是,机构,
廉洁江西,认证：江西省纪委省监委官方微博,是,机构,
广西上思县法院,认证：广西壮族自治区防城港上思县人民法院官方微博,是,机构,
防城港市中级法院,认证：广西防城港市中级人民法院官方微博,是,机构,
上海金山教育,认证：上海市金山区教育局官方微博，教育官微联盟成员,是,机构,
浮云载日,认证：  高级中学教师,是,个人,
丝语叶邦文,做专业的葫芦丝。,否,,
街角顽童,中国云南省昆明市街头巷尾拍砖达人,否,,
非小样,路的尽头，仍然是路，只要你愿意和我一起走,否,,
Agua00,认证：昆明市西游洞公园管理有限公司 副总经理,是,个人,
起夜家F,纯属虚构，够用一生。,否,,
片儿警老卓,莆田本土微博， 致力于莆田安全防范、分享和谐莆田生活的点点...,否,,
平安新沂,认证：江苏省徐州市新沂市公安局官方微博,是,机构,
重庆市大足区消防支队,认证：重庆市大足区公安消防支队官方微博,是,机构,
都市现场,认证：江西都市频道王牌栏目“都市现场”官方微博,是,机构,
江西东乡消防,认证：江西省抚州市东乡县公安消防大队官方微博,是,机构,
金鹰955电台,认证：湖南金鹰955电台官方微博,是,机构,
安庆市华亭消防大队,认证：安徽省安庆市华亭公安消防大队官方微博,是,机构,
留溪君彦,认证：中国近代文学南社和柳亚子研究会理事、上海南社研究中心助理、留溪生活网站长,是,个人,
中国之声,认证：中央人民广播电台新闻综合频率、声动中国年度最佳电台,是,机构,
掘智传媒,认证：南京掘智文化传媒有限公司,是,机构,
陈文伍,认证：《文伍书系》负责人，主编《80后作家访谈录Ⅱ》，《青春纪》等 知名读物博主 头条文章作者 微博签约自媒体,是,个人,
南京气象,认证：南京市气象局官方微博,是,机构,
姜淮主治医师,认证：医生 姜淮,是,个人,
南京零距离,认证：江苏广电总台城市频道新闻栏目官方微博,是,机构,
罗清亮LQL,,否,,
人民网江苏频道,认证：人民网江苏视窗官方微博,是,机构,
记者谈春平,认证：媒体人（太原） 市场信息报记者谈春平,是,个人,
南京头条-,认证：本地资讯博主（南京）http://t.cn/RUmMhZ7,是,个人,
FM999,认证：陕西电视台FM99.9调频广播官方微博,是,机构,
937江苏新闻广播,认证：江苏广播电视总台新闻广播官方微博、声动中国最受欢迎电台,是,机构,
陕西都市热线,认证：陕西电视台都市热线,是,机构,
见闻实时新闻,认证：华尔街见闻实时新闻 官方微博,是,机构,
南京同城会,认证：南京同城会官方微博 微博区域新媒体（江苏）站,是,机构,
大厂零距离,关注#大厂身边稀奇事#古怪事#趣味事#不平事#大事小事突发事#事...,否,,
新浪江苏,认证：新浪江苏官方微博，新浪看点江苏站官方微博,是,机构,
晶报,认证：深圳晶报官方微博,是,机构,
江苏新闻,认证：江苏广电总台融媒体新闻中心,是,机构,
南京头条,认证：知名本地博主 本地资讯博主（南京）,是,个人,
cury30,一个政党没有了民心就什么也没有了…,否,,
大厂人爱大厂,大厂人，大厂事，欢迎分享爆料.......,否,,
东阳发布,认证：浙江省东阳市委市政府新闻办公室官方微博,是,机构,
江南鸟鸣涧,,否,,
十年前这首歌还不红,女的，就是女的,否,,
小峰峰320,黑乎乎,否,,
原来生活可以更精彩,,否,,
opooooqo,,否,,
陳先生2436936,,否,,
白狼跑了,,否,,
忒疯长的野草,55809506009,否,,
绿满江淮,认证：安徽省首家民间环保组织，致力于促进安徽人与环境的可持续发展。,是,机构,
痴人智浅,最好的心态是平静；最好的状态是简单；最好的感觉是自由；最好...,否,,
恩典的记号3,施比受更为有福！！！,否,,
Tory甶樣,□80后□奔3□没房□没车□没钱□没相貌□没身材□没口才□没...,否,,
董朗致,,否,,
寒亭环保,认证：潍坊市环境保护局寒亭分局官方微博,是,机构,
中国石化塔河炼化公司,认证：中国石化塔河炼化公司官方微博,是,机构,
祥仔冯,认证：中国石化塔河炼化有限责任公司科员,是,个人,
月银倾,银倾之象，月银之泪,否,,
醉清醒Me,,否,,
霹雳巴拉bong,,否,,
郭0205磊,新闻民工一枚 呼和浩特广播电视台《青城交通》制片人,否,,
还尽来生的眼泪,,否,,
雷蒙host,认证：内蒙古电视台经济频道《百姓热线》主持人雷蒙,是,个人,
熙苒VICKY,非典双鱼，慢热星人，遇疯则疯，喜怒无常。,否,,
追着幸福跑2012,,否,,
玉蕊红梅,科普中国移动互联科学传播榜【2015年度榜人物】优秀科普传播人,否,,
江北新区综合行政执法,认证：江苏省南京市江北新区管理委员会综合行政执法局官方微博,是,机构,
袭染衣_42417,我愿青春不悔，友谊常在，身体健康，家人安康，此外，别无他求...,否,,
匆匆de_126,,否,,
大CC是刺猬,,否,,
妞儿的领导,希望两鬓斑白时我们仍旧手牵手,否,,
我是赵书晗,做一个快乐的人,否,,
Cardolan_sky,心中要有火焰,否,,
西安身边事,认证：微博西安同城大使 知名本地博主 资讯视频自媒体,是,个人,
西安新城,认证：西安市新城区委宣传部官方微博,是,机构,
易卜拉欣-苏,,否,,
洛溪0327,白羊女,否,,
糖绵绵花,斯人如彩虹，遇见方知有。,否,,
CHELSEA_林,切尔西,否,,
咔咔AA1,爱吃，爱玩，爱逛街，爱看电视剧，爱上网，爱发脾气，爱哭，爱...,否,,
仿佛听见有人说我丑,,否,,
道理道理我就是道理,,否,,
古天之尊,,否,,
庄引_,五一不宅在家。 君子不党，和而不同。,否,,
那就叫锦瑟吧,明天和意外，哪个先来,否,,
童童妈Tinky,[̲̅V̲̅I̲̅P̅]❤。想要的东西越多越不快乐，多想想已经...,否,,
星期天的下午茶,,否,,
塔城地区广播电视台,认证：新疆塔城地区电视台网官方微博,是,机构,
孙双虎,光，柔儿暖；风，轻而惬；情，真而切【QQ308198995】。。 淘宝...,否,,
内部折扣卷,http://lulu.c8d8.com/(卷乐购)淘宝商品内部折扣卷。,否,,
知足的小若溪,拿证拿证……,否,,
温欣_Sherry,,否,,
火星MC,My name is Very Fucking Confused. What's your name?,否,,
非常7加1_,,否,,
遥望的傻瓜,矛盾方程式！,否,,
张良_中轴线,,否,,
人间小爬,,否,,
佛陀座下一颗珠子,狼,否,,
guminzhao,开开心心，好好活着,否,,
蛮妞妞丫头,认证：  邯郸市丛台区玄璇服饰店经营者,否,,
郑州大学生的新鲜事,璞玉们的大学，不一样的态度。,否,,
朱小浩,认证：前 旺旺集团乌鲁木齐分公司 中级事务员,是,个人,
朱宝GRACE,chandelier,否,,
新疆胡狼,新疆走8户外探险合伙人、领队，国家社会体育指导员，新疆登山...,否,,
吃货吃完就睡,那阳光，碎裂在熟悉场景，好安静，一个人，能背多少的往事，真...,否,,
邳州司法,认证：江苏省邳州市司法局官方微博,是,机构,
---屎壳郎先生---,啊。那个。。这个。。,否,,
A1ex_inamin,认证：知名动漫博主,是,个人,
千金买酒,只有拥有充足的睡眠才能保证全身心的认真生【hua】活【chi】,否,,
小丸子想跳迈克舞,一本正经的假正经,否,,
琰棱,认证：CFP签约摄影师 携程旅行网特约撰稿人 秒拍达人 微博签约自媒体,是,个人,
宜昌消防,认证：湖北省宜昌市公安消防支队官方微博,是,机构,
人民铁道网,认证：人民铁道网官方微博,是,机构,
只是偶尔间歇的神经病,我想过着我想要的，积极乐观的生活……,否,,
国网常州供电公司,认证：江苏省电力公司常州供电公司官方微博,是,机构,
所以还是没想出个像样的昵称来,A failure. 🌏⛄󾓧 .,否,,
老衲让你受婧了,认证：Adobe认证产品专家,是,个人,
TKD点点,我是90我自豪。,否,,
停在夏天的小飞机,,否,,
杭州临安消防大队,认证：杭州市公安消防局临安大队官方微博,是,机构,
广安经开区安监分局,认证：四川省广安市安全生产监督管理局经济技术开发区分局官方微博,是,机构,
好空气自然田,email:taujou777@gmail.com,否,,
亍尐嬌,,否,,
trisyang,,否,,
滕州网事,认证：本地资讯博主（滕州）http://t.cn/RUmMhZ7 #枣庄#超级话题主持人 头条文章作者,是,个人,
虎门华少,不爱一般人，一般人不爱，爱人不一般,否,,
平安洛宁,认证：河南省洛阳市洛宁县公安局,是,机构,
NXTV-都市阳光,认证：宁夏广播电视总台经济频道《都市阳光》栏目,是,机构,
Aran娆小娆_,不动则不痛。,否,,
----Gt,,否,,
JadderZoo,谁怕，一蓑烟雨任平生；归去，也无风雨也无情,否,,
抗霾的未来,山东空气观察团团员,否,,
7777777Esther,,否,,
读取障碍,,否,,
西橙丷丶,将相本无种、男儿当自强！,否,,
Wo_佳郁,我就是我，不一样的烟火……,否,,
乌蝇AP竞速刹车专门店2133583161,人不犯我我不犯人，如若犯我，唔理你係边个，我照斩你老母。,否,,
我不是张三丰,一座城市再喧闹，没你，便是空城；一个角落再陌生，有你，便是...,否,,
会飞的大闸蟹201410,,否,,
独恋当当_20993,老天啥时候才能将那群不做事说假话的王八蛋干掉,否,,
嘉凤凤,认证：新浪时尚美搭潮人,是,个人,
VV光头强,打击妄人，,否,,
Levi_李宇恒,,否,,
许龙原,,否,,
创新南山,认证：深圳市南山区委（区政府）官方微博,是,机构,
我心飞翔jerry,那些垃圾营销，卖面膜的，卖保健品，卖服装的，搞金融的请勿关...,否,,
37度ice,无烟少酒环保斗士&独思不跟随时评者&摄影师,否,,
张十七不吃鱼,平安，健康。,否,,
狭路相逢正者胜,深圳福田梅林雕塑家园，物业公司恶意停电迫害上访业主，让业主...,否,,
逗比3721,,否,,
落寞式的微笑2013,认证：深圳市志愿者王日旺,是,个人,
gemini1680,,否,,
平淡朂眞_78243,多看看新闻,否,,
共青团临渭区委,认证：共青团陕西渭南市临渭区委员会官方微博,是,机构,
嘉诺传媒,认证：渭南嘉诺文化传媒有限责任公司,是,机构,
番茄剑圣,,否,,
盐大烤,。。。。。。。。,否,,
不要吃萝卜_YH,just Jung Yong Hwa💞,否,,
西安外事学院微校园,认证：校园资讯博主（西安）,是,个人,
抹茶男孩吃饱了撑的,,否,,
yk秋寒1918,我曾经跨过山和大海，也穿过人山人海，我曾经拥有着一切，转眼...,否,,
彩兔子的小蘑菇,我的微博我的净土，我的微博我做主！,否,,
让小猪飞2013,,否,,
南昌湾里,认证：江西省南昌市湾里区官方微博,是,机构,
张璐zlu,清静能识根源。。,否,,
FLY123056,你若自在，清風自來...,否,,
不要枪炮要rose,,否,,
青蛙LYL,其实有很多人你留不住，最后会发现身边的人越来越少，和志不同...,否,,
抚顺同城会,认证：抚顺同城会官方微博,是,机构,
没心没肺一吃货007,行至水穷处，坐看云起时。,否,,
旗木丨卡卡西,,否,,
平常陌生人,不想当老板的员工不是个好兄弟,否,,
生态瓯海,认证：浙江省温州市瓯海区环境保护局官方微博,是,机构,
随心所说的Alan,随心所说 快乐人生！,否,,
北极洲com,似水流年，志存高远,否,,
绿色天中,,否,,
绿色天中2014,,否,,
烟花易冷19950416,螃蟹在剥我的壳，笔记本在写我，满天的我落在枫叶上雪花上，而...,否,,
Silver_April,,否,,
EllieYoung,Fun love forever young.,否,,
让您贱笑了在路上,,否,,
翟陈,君子道其常，小人计其功！,否,,
视界000,,否,,
粉丝往这看,让生活简单一点，让快乐多一点。,否,,
manymanymary,,否,,
从良菠菜ye,三千年读史，不外功名利禄；九万里悟道，终归诗酒田园!,否,,
彭建增,扛摄像机的人——用镜头记录人生点滴！,否,,
老啄阿东,,否,,
HY守护晴天,凿空自己，蓄满温柔！,否,,
守护家乡水,守护身边水及空气，扼制一切破坏生态环境的行为。,否,,
格根夫,认证：半程马拉松运动员,是,个人,
妒风笑月q,认证：广州军区武汉总医院 护士,是,个人,
Ian易,让每一个人都能喝到一杯好茶！,否,,
NITE_001,,否,,
郝思嘉lj,,否,,
偏不告诉你真名,如果失去是苦，你还怕不怕付出 如果坠落是苦，你还要不要幸福 ...,否,,
大VvS,布朗🐑,否,,
上帝选中的俄罗斯人,才下舌尖，又上心头！,否,,
庄引之,互联网违法和不良信息义务监督员 大前端工程师,否,,
我的亲爱的小孩,,否,,
重庆万州环保,认证：重庆市万州区环保局官方微博,是,机构,
Julydesk,Beyond,否,,
LB空壳,大家都玩推特了，因为那不会删帖子 封账号。民主派人士，非爱...,否,,
岳叔的舒,坤音四子了解一下,否,,
还是父母身边的孩子吧,别问我是谁，一个现实中见不到的面孔！,否,,
不跑就飞,,否,,
黑灰机,曾用名：惟紫梦🎈🎈🎈 既然选择了远方，便只顾风雨兼程。 ...,否,,
千方计,爱生活的，爱旅游的人,否,,
mayu家的墨弦桑,逗比青年，探索世界中，努力做一个温柔且强大的人 本命松冈茉...,否,,
愛妳在手心,,否,,
羊年小猴,做一个对得起自己良心的人,否,,
315黄金眼,认证：法律博主 #法庭说事#超级话题小主持人,是,个人,
包头发布,认证：包头市政府新闻办官方微博,是,机构,
AxelaRen義,有種出來騎車！,否,,
李小小小小,,否,,
宁波新鲜事速报,阿拉宁波人，分享宁波新鲜事！,否,,
低调撕文人,,否,,
柴禾牛,,否,,
oliver萌,阳光，内向，安静,否,,
打篮球的遥控器,,否,,
绿色潍坊,绿色潍坊环保行动组官方微博,否,,
小朵乖,,否,,
流年斑驳了誰的旧時光,自己动手 丰衣足食,否,,
董大正-Dzz,18660753950,否,,
从菏而来,认证：微博菏泽同城大使 知名本地博主 #菏泽#超级话题主持人,是,个人,
小胖豪豪,,否,,
2046亡鱼是深海的疤,,否,,
神宝儿yu,你的眼里充满光明,否,,
星尧美肤专家,V信：eagle21414； QQ：17361070,否,,
流浪的白云LDM,梦想还是要有的，万一实现了呢！世界那么大，好想去看看！,否,,
疯子一样的小白,,否,,
东营大众网,认证：东营大众网 官方微博 http://dongying.dzwww.com/,是,机构,
乌铪1996,忘记过去的人注定重蹈覆辙,否,,
wh-于帥,,否,,
朱猛Say,心有阳光走到哪里哪里都是晴天。,否,,
老樟树南京,人在中年,否,,
-孫-悅-,认证：前 北京大学中国社会科学调查中心调查访问员,是,个人,
梅干菜_扣肉,,否,,
滨州高新环保,认证：滨州高新区环保办官方微博,是,机构,
磨石溪人MrZ,一个爱好广泛的电工,否,,
霍市杨子,广交朋友,否,,
Gondora,海盗党,否,,
闲着整两句,"one apple a day,keep the doctor away",否,,
冷小男---哒哒哒,挽留不住的爱就让她飘散于空中…,否,,
蔣蔣Jean,,否,,
LT_cl,"work hard, stay humble",否,,
大艹子,然并卵,否,,
女神范的不想停的毛毛雨w_s,注重自己，关注他人；宏观社会，微观细节。慈善、友爱、环保和...,否,,
上上若树,认证：湘潭环境保护协会常务理事,是,个人,
一个土豆1999,修合虽无人见，存心自有天知。,否,,
神奇的咪咪猫,有生之年，狭路相逢，终不能幸免•﹏•,否,,
环保老孙,行动起来，共同呵护我们的碧水蓝天！,否,,
环保小猫,"Don't try so hard,the best things come when you least exc...",否,,
萧关小楠,,否,,
彻底落实爱老婆精神84420,,否,,
久元-继,,否,,
迷失的陀螺123456,转转转 转转转 轻轻地闭上我的眼,否,,
龙岗发电运行,许昌龙岗发电有限责任公司发电部二值，务实 奉献 创新 奋进，...,否,,
记者马建军,认证：《祖国》记者 头条文章作者,是,个人,
楠溪环境观察,人不能这么无耻！不守信不说，居然无耻到拿公益款去豪华酒店吃...,否,,
瓷都林风,,否,,
项伟JXwa,有才而性缓定属大才，有智而气和斯为大智。,否,,
新闻喉舌小梁,认证：媒体人（榆林）,是,个人,
中国质量新闻网,认证：中国质检报刊社官方微博,是,机构,
伊东工业园区1,认证：新疆伊犁伊宁县伊东工业园管理委员会官方微博,是,机构,
伊宁县曲鲁海乡,认证：新疆伊犁伊宁县曲鲁海乡人民政府官方微博,是,机构,
沈阳晚报,认证：沈阳晚报官方微博,是,机构,
彦涵她爹,涵涵最近蛮乖！,否,,
宋奥娘,好色之徒,否,,
此人已死999,别卖萌了 敢用登记照当头像吗？,否,,
南宁货运中心,认证：中国铁路南宁局集团有限公司南宁货运中心官方微博,是,机构,
德清建设,认证：浙江省湖州市德清县建设局官方微博,是,机构,
我搬砖我快乐,我搬砖，我快乐！,否,,
南宁发布,认证：南宁市委宣传部官方微博,是,机构,
桂林工务段,认证：中国铁路南宁局集团有限公司桂林工务段官方微博,是,机构,
PECC_FC,,否,,
昆山陆家中学,认证：昆山市陆家中学官方微博,是,机构,
zyl_-,用声音陪你度过每个白天黑夜，随时给你一份温暖。朗朗月光，普...,否,,
楚雄周知,认证：本地资讯博主（楚雄）,是,个人,
不喜欢就滚_人云亦云,回忆是没有力量的。,否,,
倫落de將軍,认证：湖北卫视编导,是,个人,
大肥熊是你,,否,,
散宝宝的夏天,After all this time？ Always.,否,,
伊里_岳蓝,插画者，动漫制作者,否,,
小小哈儿会魔法,知我罪我，唯其春秋,否,,
薇薇一笑_倾城,择一城终老，携一人白首,否,,
喬徳远,,否,,
Yy大懒猫T_T,遇见，刚刚好的自己。,否,,
麋鹿的小围脖,,否,,
Miraccccccle,life fucks us all,否,,
诠释zhe幸福,你的出现永远改变着我的星轨，无论你在哪里,否,,
阿翔要用心,追寻心中的力量。。,否,,
哥斯拉的伤,或许这次拧下油门 我就不回来了,否,,
环保小卫士_2015,,否,,
豫鲁风骨,,否,,
Lance_爱是忧郁的蓝,认证：淄博人民广播电台新闻频道 特约通讯员,是,个人,
请叫我尚武哥,我叫胖虎,否,,
梦梦梦微凉,莲生三十二、瓣瓣不相同。,否,,
工藤新你个二,中药外敷🌿不节食不运动，月瘦15斤！微信：liusha35,否,,
骑猪玩微薄,,否,,
Nigel_Bai,生活很美好！,否,,
SUPREC-,💙,否,,
忝髙雲啖,,否,,
糊涂不忘初心,做一个安静细微的人，于角落自在开放，默默悦人，却始终不引起...,否,,
在那遥远的地方有一只snow,我想一直牵着你的手，一起去远方.....走没有走过的路，爬没有...,否,,
胜利渤海钻井总公司,认证：中石化胜利石油工程有限公司渤海钻井总公司,是,机构,
质量四川,认证：中国质量新闻网四川频道官方微博。,是,机构,
张-派派,我不是一个低级的人，一个烂泥扶不上墙的人，一个顽劣的人，一...,否,,
BH4OIK,日本，鸡糞一样的小岛。,否,,
张店美食发现,,否,,
视频会员通通6块请找小紧张姑娘,我有女朋友！有女朋友！超级美！宇宙无敌美少女,否,,
你好好说话,啦啦啦啦啦啦啦啦啦啦,否,,
ZXY心怀远方,,否,,
段士瑞,,否,,
凤县统战,认证：陕西省宝鸡市凤县县委统战部官方微博,是,机构,
俺们大长春,第一时间播报长春大事小事新鲜事儿，欢迎投稿！微信平台：anme...,否,,
莫涵snow,认证：第16届亚运会开闭幕式引导员冯莫涵,是,个人,
粉兔子的小太阳,所有的故事都会有一个答案。所有的答案却未必都如最初所愿。重...,否,,
不懂政治不问国事,莫谈政治，莫论国事！,否,,
灵武交警大队,认证：宁夏银川市交警队灵武大队,是,机构,
山东微政务,认证：新浪山东微政务官方微博,是,机构,
刘岩的V博,沈阳天创玻璃窗膜有限公司 批发零售汽车玻璃窗膜 专业汽车贴膜...,否,,
沈阳日报李海英,1989年7月于辽宁大学哲学系毕业后即踏入新闻这一行，从此开启...,否,,
快乐的阿拉猴,,否,,
小蜗牛_grace,新联康的小蜗牛http://shop109163456.taobao.com/,否,,
萧小枫,一蓑烟雨任平生,否,,
燕山--老道,认证：沈阳市登山协会秘书长,是,个人,
小花乄素颜,打开幸福之门有四把钥匙：口中有德，目中有人，心中有爱，行中...,否,,
程世涛1985,,否,,
每天爱你多一些暖暖,美国代购，微信加“晶晶”,否,,
汐小曦想回家,学生,否,,
粉尕兎,,否,,
请叫我_小白,what's life without whimsy,否,,
沉住气憋住屁,空间展示设计师,否,,
独醒的小白,善于辩证的看问题，独立思考。善于把握大局。,否,,
飞雪扬扬,感受生活！创造生活！享受生活！,否,,
射日biubiubiu,,否,,
iamhappylxy,好好过日子，努力奋斗。,否,,
晓的明天,,否,,
小俊爱大白,千万别关注一下就取消，那都不是人能干出来的事。。。,否,,
闽食药闻,认证：福建省食品药品监督管理局官方微博,是,机构,
今日浦江报,认证：浙江省浦江县新闻传媒中心官方微博,是,机构,
浦江县卫计局,认证：浙江省金华市浦江县卫生局官方微博,是,机构,
文化乾务,认证：珠海市斗门区乾务镇人民政府官方微博,是,机构,
YZX璇_,开往春天的火车,否,,
rock厘米,,否,,
爱--莫能助,认证：读物博主,是,个人,
宏力天扬新能源,认证：济南宏力太阳能有限公司,是,机构,
青岛驾培处网络文明传播,,否,,
无锡滨湖旅游,认证：江苏无锡滨湖区商务（旅游）局官方微博,是,机构,
神机妙数,将易经繁杂理论化为实用数字，应用简便号码改善波涛汹涌运势。,否,,
西瓜橘子柚子大橙子,西瓜的树洞٩(˘◡˘ ),否,,
张sir围脖,玩～,否,,
鬼马的双子纠结多变的性格你造吗,认证：国家高级摄影师 微博社区专家成员,是,个人,
湖北武汉爆料,,否,,
amjoy-guo,"U got a dream, U gotta protect it",否,,
ada-Ltt,,否,,
YL袁小小,吵闹安静，任性老成，喧闹沉默，热情理性,否,,
X多忙小丸子X,~~~＂。。＞^•~~~。。处女座孩儿他麻麻…,否,,
arklee88,爱美食，爱旅行，爱公益,否,,
信于众更出众,成功不是人生的终点，是下一个梦想的开始,否,,
坚强的泡沫_D,心静会产生智慧,否,,
國畫愛上油畫,我嘛。。人一直都很好，就是有时脾气有点坏，对~是有时候。偶...,否,,
Dizz-,FIGHTING!,否,,
弱智者的悲哀_311,窝着，总会舒服的伸腰,否,,
这个日子怎么过,"Do what you love, fuck the rest",否,,
小树青葱,打开门，心无界。,否,,
阳关灿烂空间,热爱音乐，喜欢一切美好的事物！,否,,
寒冬李,,否,,
团姐日常,认证：汉中市汽车运输总公司科员,是,个人,
屠宰哥,性情中人交性情中人。,否,,
临港发布,认证：威海临港经济技术开发区官方微博,是,机构,
幸福-洋,认证：  杭州捷搜网络科技有限公司seo专员,是,个人,
1234567名字,,否,,
滨海港区微博,提倡正能量，揭露负能量，爱我大滨海。,否,,
枫杨树说桐乡,认证：本地资讯博主（嘉兴）,是,个人,
中国石化嘉兴石油,认证：中国石油化工股份有限公司浙江嘉兴石油分公司,是,机构,
CLEANFLAM高温燃烧,高温燃烧——凯飞力CLEANFLAM,否,,
MR-HIKO,,否,,
脊醫GM,认证：佛山市禅城区莱斐体育咨询工作室 创始人,是,个人,
六月冰雪恋,,否,,
岳桦NGO,认证：公益博主,是,个人,
江西环保ENGO,公益性环评报告及环保产品代售(免费对水、空气及室内甲醛等检...,否,,
诺宝的海,你想要的世界就是你看得到的世界,否,,
手机用户3277143761,,否,,
竹子张,环保公益志愿者。,否,,
尘封过往,死生契阔，今生今世，谁愿陪我撒野,否,,
清风郾城商桥,认证：漯河市郾城区商桥镇纪委官方微博,是,机构,
大赉村夫,如入火聚，得清凉门,否,,
IT壮,手机业余爱好者 个人微博,否,,
上天入地的2,有粉必回,否,,
HowNB,,否,,
八娃么_GX3_2,视如己出的关爱，相敬如宾的对待！,否,,
jdtggfy,,否,,
笑望云Roc,,否,,
zzu恋空yyf,你若盛开，清风自来,否,,
河南绿色中原,河南绿色中原环境保护协会，成立于2005年7月9日，以‘’推动公...,否,,
国网赣州供电公司,认证：国网江西省电力公司赣州供电分公司官方微博,是,机构,
徐鹏walle,,否,,
蜡笔小新213,,否,,
Victor_Chen666,Freedom or nothing,否,,
广西日报,认证：广西日报官方微博,是,机构,
宁局桂林车务段,认证：中国铁路南宁局集团有限公司桂林车务段官方微博,是,机构,
東急5050系4000番台_特急_横浜,(Tweet：@SHM_AC13_Aoba)车底刷漆哪家强 中国广西找柳厂/鐵宅/...,否,,
广西头条NEWS,中国新闻社广西分社是中国新闻社在广西设立的分支机构，是广西...,否,,
爱搭理123,,否,,
徐州日报大卫,一文字工作者！,否,,
-木子人韦-,,否,,
但又怕苦,,否,,
晋江交警驾驶人管理中队,认证：福建省晋江市公安局交通管理大队驾驶人管理中队官方微博,是,机构,
护士没空,赐我一个温暖的2017吧,否,,
祝福中国0532,认证：法律博主 前 青岛中山公益服务中心正能量首席传播员 头条文章作者,是,个人,
环境正义LGC,敬畏自然，崇尚法治！,否,,
老街公民,敢怒敢言！,否,,
知物昂先生,来来来，喝完这一杯，还有三杯,否,,
Gaolina--,生活是理想，永远热泪盈眶,否,,
高律-股权,认证：山东畅海律师事务所 律师,是,个人,
烂好人倩倩倩倩,,否,,
私缠,,否,,
噼里啪啦箍咚咚,脸皮不是一般的薄,否,,
Scofield523,时光如水，总是无言。若你安好，便是晴天。,否,,
日照环境监测,认证：山东省日照市环境监测站官方微博,是,机构,
银川环境监察,认证：银川市环境监察支队官方微博,是,机构,
慕桐的微博在此,谈恋爱应该是我的有生之年计划中完成时间最长的一个了,否,,
大林崔,举头望蓝天白云，俯首赏鱼翔浅底，,否,,
栖霞环境,认证：山东省栖霞市环境保护局官方微博,是,机构,
几何丫--,在这俗世里，不得不世俗。,否,,
林弃之,樂知，貴真，尚死，愛生。,否,,
collin3198,,否,,
南通航院1960,认证：南通航运职业技术学院官方微博,是,机构,
北二门,认证：前 江苏省广播电视总台国际频道《中国旅游》 栏目记者,是,个人,
海之殇不悔,,否,,
My璇baby,我就是我。,否,,
商洛身边事,认证：微博商洛同城大使,是,个人,
阿斯达2006,,否,,
独孤冬儿7,,否,,
步入聖殿,认证：湖北神丹健康食品有限公司贵阳办事处经理,是,个人,
兵哥铁马,一直行走路上的人，偶尔会驻足观景，抑或边走边摄,否,,
Fecilia-瑾,曾经青春无敌美少女， 后来贤妻良母小标兵，永远仪态万芳大美...,否,,
HydroGenWu,,否,,
杞人bu忧天,普通个体在历史长河中就是一粒沙，被水裹挟着，带到哪里是哪里...,否,,
金星啤酒集团,认证：金星啤酒集团官方微博,是,机构,
嘉善老顾,认证：知政观察团成员，嘉善县信息化学会顾问,是,个人,
傍雨霓虹,be a better me with my dearest jiajia,否,,
柠檬不该羡慕西瓜的甜9420,爱笑的女孩运气不会太差😊,否,,
苏锐90,,否,,
老子微评,,否,,
华商报,认证：华商报官方微博,是,机构,
天天吃青菜也瘦不下来,,否,,
Qi_Shang,,否,,
isherocean,一个水手登陆后他会成为什么样的人,否,,
任增颖,爱自然，爱生活，爱运动 。临澜环保公社QQ群号：141045397 观...,否,,
文妍钰珩,认证：情感博主 头条文章作者,是,个人,
世说陇东,,否,,
此间的少年派,温暖过很多人，最后还是剩自己半生冰冷。,否,,
文本文档--txt,新安中学 浙江大学 小涛,否,,
不断转动的风向标9,童话振红遍全球~~脱泥不带水,否,,
中国警察网,认证：中国警察网官方围脖,是,机构,
三明美食520,认证：新浪三明美食频道官方微博,是,机构,
新浪三明,认证：新浪三明官方微博,是,机构,
佛山消防在线,认证：佛山市公安消防局官方微博,是,机构,
委内瑞拉的秘密,不反驳你，只是因为懒得和傻逼说话,否,,
新浪厦门,认证：新浪厦门官方微博,是,机构,
虞颠福,智商决定你的下限，情商决定你的上限。你说话让人舒服的程度，...,否,,
文刂庆,这个城市没有草长莺飞的传说....我们一直被同化！！！,否,,
比中彩票还难,,否,,
又了了,"竹影扫阶尘不动,月穿潭底水无痕.",否,,
支持公盟,微信：654036800,否,,
国网天津电力,认证：天津市电力公司官方微博,是,机构,
天津滨海环保,认证：环保组织-天津滨海环保咨询服务中心,是,机构,
阿笨-Aben,人生不一定要轰轰烈烈，但一定要认认真真！,否,,
穹顶之下88,,否,,
小鸽子tina,,否,,
大艺术家62,认证：中国石化上海石油化工股份有限公司+工艺技术管理+祝录,是,个人,
代号零零吧,,否,,
Mrs-dami,足矣~,否,,
在格罗宁根坠入情网,荷兰计量小公举💋,否,,
江南此间的少年,天若有情天亦老,否,,
Tomatoer丶,凄凄惨惨戚戚。,否,,
大狮子的小狐狸,一只懒洋洋的小狐狸，也有想和大狮子一起努力奋斗的梦想。呐~...,否,,
吃饱了就撑了吗,🤔,否,,
小毒_坏坏,漂亮是女人的权利和义务，只为讨好自己,否,,
Jayne_You,,否,,
happykltc,那一世，转山转水转佛塔，不为修来世，只为途中与你相见。,否,,
Sophie625199707,,否,,
姥姥是基督徒,人生最大的错就是：不懂得珍惜！生命错过一次就不再来！满世界...,否,,
Alex二不二,好久没玩了,否,,
林姑娘5670,,否,,
JasonWangZZ,因为心浪，所以微勃！,否,,
米卢小修,夜空中最亮的星，请照亮我前行。,否,,
二七塔下的人,二七塔下的人要知道二七塔下的事。,否,,
ONLY-祈祷,,否,,
木子小鹏,人生中的有些时候我们面临巨大的转折，不知所措。站在人生的分...,否,,
郭志_远,认证：厦门特力通通信工程有限公司河南分公司郑州LTE项目室分主管,是,个人,
郑州吃喝玩乐汇,认证：本地资讯博主（郑州）http://t.cn/RUmMhZ7 美食点评团成员,是,个人,
绿丝带,认证：绿丝带公益行动,是,机构,
浩Pro,"Fall in love when we are ready, not when we are lonely.",否,,
咚咚那个锵,,否,,
木白ME,认证：媒体人,是,个人,
赶着马车散步,认证：媒体人,是,个人,
川南煤监,认证：四川煤矿安全监察局川南监察分局官方微博,是,机构,
钱塘水牛,一个边缘人。,否,,
我是璟宝的亲亲姨,王凯kkw,否,,
倾听指尖,认证：宁波市网络文化协会常务理事 头条文章作者,是,个人,
山水金堂,认证：四川省中共金堂县委宣传部,是,机构,
吖小恶魔,,否,,
我是绿行家,绿色潇湘发起主办的公益筹款活动，招募亲子家庭通过各种方式为...,否,,
威海经区环保分局v,认证：山东省威海市环境保护局经济技术开发区分局官方微博,是,机构,
新浪山东滨州频道,认证：新浪山东滨州频道官方微博,是,机构,
鲁中网,认证：鲁中网官方微博,是,机构,
齐鲁晚报今日淄博,认证：齐鲁晚报《今日淄博》官方微博,是,机构,
玉泉游侠,诚实做人，诚信做事。,否,,
瑞雪丞鹏,,否,,
豌豆小酒,一头倔强的小野猪,否,,
看四川官博,认证：《看四川》杂志社,是,机构,
恋上狸的鱼,我将世界孤立，就没有了世界将我孤立时的孤独！我见众人遗忘，...,否,,
东方日记本,认证：上海东方宣传教育服务中心官方微博,是,机构,
经济和信息化在线-上海,认证：上海市经济和信息化委员会官方微博,是,机构,
商洛武飞龙,认证：新浪陕西商洛频道总编,是,个人,
商洛发布,认证：陕西省商洛市人民政府门户网站官方微博,是,机构,
小白最爱大白菜,爱睡觉…,否,,
Eloise_ff,节制,否,,
Mr丶Amy,欲戴皇冠，必承其重。,否,,
琉月君才不要当攻,渣写手，coser，钢笔墨水。看书。我会变好的。欢迎和我交朋友...,否,,
夏津环境,认证：山东省德州市夏津县环境保护局官方微博,是,机构,
pattyliuliu,,否,,
阿叔洗铁窗_萩湫啾,ༀ་མ་ཎི་པད་མེ་ཧཱུྃ ༀ་མ་ཎི་པད...,否,,
湘潭环保乞丐,认证：长沙绿色潇湘环保科普中心环保志愿者,是,个人,
湘潭交通频道官方微博,认证：湘潭交通广播官方微博,是,机构,
青岛微头条,认证：本地资讯博主（青岛）,是,个人,
神威药业集团,认证：神威药业集团官方微博,是,机构,
节水刘大哥,为愿意回用洗衣、洗浴水冲马桶的城市家庭提供方便，轻松节水1/...,否,,
漫步银河520,江苏联和律师事务所,否,,
节约用水促进会,认证：深圳市节约用水促进会,是,机构,
江北新区新闻中心,播报南京江北新闻、江北新区建设新闻。（涉及浦口、六合）,否,,
曉劉杰杰杰,认证：会计,是,个人,
宁夏新闻网,认证：宁夏新闻网官方微博,是,机构,
李旭旭旭旭斌,天高地阔 欲往观之,否,,
古古1219,,否,,
凡小爬happy,,否,,
想不出太好的昵称,,否,,
我是金小满是我,找自己,否,,
美丽光泽,认证：福建省南平市光泽县人民政府办公室官方微博,是,机构,
stupidboy2979,,否,,
Elch奇,这个人很勤快,否,,
伪技术宅的hunting梦,相信我，长得帅对你的人生一点帮助也没有。。。,否,,
T票风票风,一个女孩子,否,,
熊麻麻手工作业坊,简单，安定，幸福。,否,,
直通临沂,认证：本地资讯博主（临沂） 头条文章作者,是,个人,
Charles200707,,否,,
侠客在路上10025,记录者,否,,
MikyTT,,否,,
事故天春,原38集团军陆军少校。,否,,
苏文林云南旅行家,认证：知名旅游博主 运动视频自媒体,是,个人,
欣雅胖胖,,否,,
Alex-Yp,不要问我过得好不好，我只能说我还活着！,否,,
杭州微博城事,认证：微博杭州同城大使 知名本地博主,是,个人,
舟舟2010,,否,,
卢瓦尔河的香蕉,流年似水抓不住韶华易逝,否,,
pure-sunlight,"You seek,you seize,you succeed!",否,,
thousands_time_over,我目前还没有想好怎么介绍,否,,
汪汪de小屋,,否,,
温江规划,认证：成都市温江区规划管理局官方微博,是,机构,
温江二中,认证：成都市温江区第二中学校官方微博,是,机构,
Eins_Lee,认证：成都印钞有限公司特种设备维修员,是,个人,
杭州市下沙消防大队,杭州市经济技术开发区消防大队官方微博,否,,
我喜欢吃_怪我喽,"宠辱不惊,闲看庭前花开花落;去留无意,漫随天外云卷云舒。",否,,
长春一根烟,认证：本地资讯博主（长春） 资讯视频博主 资讯视频自媒体,是,个人,
长春热门,认证：知名本地博主 本地资讯博主（长春） 美食点评团成员 搞笑视频自媒体,是,个人,
木丽的烟火,认证：中国图库签约摄影师 汽车博主,是,个人,
-叫我小张,,否,,
女神范鞍山站长-风少,北京女神范文化传媒有限公司-摄影师兼经纪人 微信HC711_2222,否,,
事实说实话,认证：媒体人（榆林）媒体人 资讯视频自媒体,是,个人,
钢丝视点,认证：头条文章作者,是,个人,
木瓜坏人,钢丝善行团：1338653号,否,,
路在前程,方向明确，动力十足！,否,,
OlaBuy欧拉导师-马萌,春花，秋月，夏日，冬雪。你若盛开，清风自来。OLA BUY资深导...,否,,
山海关工务段微博,认证：沈阳铁路局山海关工务段 官方微博,是,机构,
Rilliamlu,我就是我,否,,
无锡24小时,认证：本地资讯博主（无锡）,是,个人,
马春林-安果诺AGN,认证：科学科普博主 资讯视频自媒体,是,个人,
无锡市教育局,认证：无锡市教育局官方微博,是,机构,
即食大罐头,择警容易，从警不易，且行且珍惜！,否,,
Carina_NYZ,不怕付出，不求回报，不抱期待。只要一切都值得………,否,,
湖南jiejielong,关注民生，真实表达！,否,,
亳州质监,认证：安徽省亳州市质量技术监督局官方微博,是,机构,
越野者008,,否,,
中国石化仪征化纤,认证：中国石化仪征化纤有限责任公司官方微博,是,机构,
Nicelf_,,否,,
二段-,靡不有初，鲜克有终。,否,,
水果味儿_,,否,,
面壁者蓝天,,否,,
大刀i,,否,,
waynett2011,,否,,
读书的心路,读书的心路,否,,
谢保全,,否,,
詹兴睿,无,否,,
秦弄玉,天下英雄出我辈，一入江湖岁月催。,否,,
wj-木木木同学,这是世界没有任何人可以伤害你，能伤害到的都是自己给别人伤的...,否,,
风羽琦小琦,怀念白衣时代,否,,
双鱼荷叶上的一滴露珠,正在暑假工作中,否,,
waterloortoy,我暴露得越少，别人对我好奇和遐想就越多！其实关键是，我会不...,否,,
新浪山东菏泽频道,认证：新浪山东菏泽频道官方微博,是,机构,
咪crophone,认证：知名互联网资讯博主 #小蓝单车#超级话题主持人 头条文章作者,是,个人,
山东沂水环境,认证：山东省临沂市沂水县环境保护局官方微博,是,机构,
峄城环保1,,否,,
homehell,"What is the meaning of life, Only left nothing",否,,
临沂经济区环境,认证：山东省临沂市环境保护局经济技术开发区分局官方微博,是,机构,
山东大气环保,中国大气环保网山东频道官方微博,否,,
风石107,聋子听哑巴说瞎子看见了爱情!,否,,
鲁兹安政,吃 软 饭、作 家,否,,
Vega丶趙,认证：上海沃美广告项目总监,是,个人,
一头洋插队,,否,,
二不挂五d纯帅,,否,,
金赛克,有时候突然傻傻的笑，然后笑着笑着就哭了。,否,,
嘴大吃四方sh,,否,,
简单短裤,哈哈哈哈 气死你丫的,否,,
瓦罐里的宝贝,基督徒－我心中有至宝，就是基督的生命。求你以你的真理引导我...,否,,
热门微波,爱生活，爱旅游！,否,,
二十七颗土豆,Instagram : CAIYILI_ELIN,否,,
旦旦遇见麦小姐,………,否,,
王四Mar5tin,大爱酱肉~~~,否,,
大宝和狗熊大哥一起读书,专注,否,,
小野波勃,我有一头小毛驴，我从来也不骑。,否,,
我种我的田,春天播种，秋天收割,否,,
周丽萍29221,,否,,
钢铁侠救空气,钢铁侠监督京津冀钢铁行业大气污染，有任何京津冀钢铁污染信息...,否,,
杭州萧山消防大队,认证：杭州市公安消防局萧山大队官方微博,是,机构,
米花兔先生,,否,,
信仰凋零,,否,,
左权发布,认证：山西省左权县舆情办官方微博,是,机构,
seave-Lee,就在这里,否,,
Mister丶孙小米,学生，,否,,
环保66066,,否,,
壹贰叁-伍陆柒,一直忘了告诉你,否,,
风云ZHAN,,否,,
看电视的猫,用微笑去面对所发生的一切,否,,
亦雪亦雾,,否,,
边城浪子911108,,否,,
七濑_遥不可及,爱动漫爱科技爱F1的伪球迷,否,,
今天跟老张尬聊了吗,写空瓶开瓶，刷护肤美妆，干皮，细软发。,否,,
_曲晓宁,,否,,
东莞市沙田镇卫生和计划生育局,,否,,
日照环境监控,认证：山东省日照市环境监控中心官方微博,是,机构,
杨柳66080,,否,,
胶南老韩,爱美景，爱健康，快乐生活每一天,否,,
我爱郯城123,,否,,
阿木125055,,否,,
杜培永,,否,,
潘大羽,立志做一个爱科技爱文艺的女中青年,否,,
大兵小将1973,,否,,
昌邑环境,认证：昌邑市环境保护局官方微博,是,机构,
Li-晓东,,否,,
灼灼其华115,,否,,
阿狸的梦之屋,保持内心的那一份平静,否,,
警光十色,认证：咸宁市公安局咸安分局巡警大队警员,是,个人,
七之迷题,,否,,
沈阳维天,认证：沈阳帮、沈阳铁路网创始人、总编、迪威视讯工程师。,是,个人,
青春襄输,在青葱岁月中，默数着我们的绝版青春,否,,
涂鸦香辣虾,,否,,
哎呦吴,,否,,
绿色汉江,襄阳市环保协会，别名：“绿色汉江”，致力于汉江保护。,否,,
潘文强请给力,"May time heal you, I beg no mercy",否,,
巨蟹座热橙汁,,否,,
杞萌养生专家,认证：银川神州好易电子科技有限公司,是,机构,
红淼-,,否,,
运河绪风,但问耕耘，不问收获,否,,
和平主义者X,认证：自然大学 山川学院 研究员 张文斌,是,个人,
工业园污染调查,关注毒地污染，援助污染受害者,否,,
掰玉米的猴子么,"祝你岁月波澜有人陪,敬我余生悲欢有人听。",否,,
无伤大雅周小姐,以前得不到的，现在也不想要了,否,,
大师兄不在花果山,认证：长沙海商网络技术有限公司CTO,是,个人,
YI舟独秀,_坏、人,否,,
大叔很雷人,,否,,
静止泰坦,我就喜欢你们看不惯我又干不掉我的样子,否,,
少年不知愁滋味,风高浪急 山高水长,否,,
瓯海区人力社保局,认证：浙江省温州市瓯海区人力资源和社会保障局官方微博,是,机构,
瓯海慈善,认证：温州市瓯海区慈善总会官方微博,是,机构,
瓯海新闻,认证：瓯海新闻网官方微博,是,机构,
瀛洲海客Vas-y,博学之，审问之，慎思之，明辨之，笃行之,否,,
清风二七铭功路,认证：河南省郑州市二七区铭功路街道办事处纪工委官方微博,是,机构,
清风二七国土,认证：河南省郑州市二七区国土资源局纪委官方微博,是,机构,
中原网,认证：中原网官方微博,是,机构,
清风二七大学路,认证：河南省郑州市二七区大学路街道办事处纪工委官方微博,是,机构,
清风二七,认证：郑州市二七区纪委监察局官方微博,是,机构,
文川William,认证：河东区新文化工作室临沂SNEAKER俱乐部主理人,是,个人,
行者-在路上1977,要么旅行 要么读书 身体和灵魂必有一个在路上,否,,
凯撒-跳动的火焰,,否,,
姜堰公安,认证：江苏省姜堰市公安局官方微博,是,机构,
耒水永兴站,,否,,
最铜川,认证：本地资讯博主（铜川）http://t.cn/RUmMhZ7 头条文章作者,是,个人,
hc浅步调,,否,,
Abbey-Ng,能者多劳,否,,
垃圾焚烧关注,环境工程,否,,
艾比丽屋,有能力爱自己，有余力爱他人。,否,,
简单壹玖零零,让哭泣的孩子，也破涕为笑,否,,
无锡新浪乐居,认证：无锡乐居官方微博,是,机构,
-陶英才,认证：陶英才huntjob.com.cn官方微博,是,机构,
猪宝宝的猪CK,谁，执我之手，敛我半世癫狂;谁，吻我之眸，遮我半世流离～,否,,
朱超君Alex,认证：马拉松运动员 体育博主,是,个人,
小妮子-维尼,,否,,
临潼国家旅游休闲度假区官方微博,认证：西安曲江临潼国家旅游休闲度假区管理委员会官方微博,是,机构,
氟腐-电解槽上部维修工,敬请关注晟通集团创元铝业职业病人的生存状态！,否,,
佛系中山,认证：本地资讯博主（中山）,是,个人,
中山市新帝电器制造有限公司,认证：中山市新帝电器制造有限公司,是,机构,
鲅鱼罐头,August Rush!,否,,
adamsding11,,否,,
平凡的小咲,,否,,
南通那点事儿,认证：微博南通同城大使 知名本地博主 资讯视频自媒体,是,个人,
only5593888588,,否,,
史殿硕ENGO,认证：  绿唐理事长史殿硕 公益博主 头条文章作者,是,个人,
曲曲8237,,否,,
张雪雯系偏执狂,http://shop104972711.taobao.com/,否,,
幸福_小妮子,女人最完美的状态就是：公主的外表，和一颗女王的心！,否,,
泷星星,,否,,
崇明食药监,认证：上海市食品药品监督管理局崇明分局官方微博,是,机构,
迎风招展的胡子,,否,,
太平间传来的笑声,碎碎念,否,,
志愿环保,,否,,
田小鱼5476,要么读书，要么旅行，身体跟灵魂必须有一个在路上......,否,,
徐铭村_,人和人，刚认识的时候最好。,否,,
eighteenxu,,否,,
海风云鹏飞,,否,,
Dora大豆芽,,否,,
没头脑姑娘-泓杉,会者定离。,否,,
梁涛的未来,To be a gentleman.,否,,
绿色昆明微博,认证：绿色昆明官方微博,是,机构,
Guanyu1984,以平凡的心态，迎接不平凡的人生。,否,,
FLY旳影子,你好,否,,
五莲-视界,认证：本地资讯博主（五莲）http://t.cn/RUmMhZ7,是,个人,
小白帅2012,,否,,
晕晕大仙,认证：美陆文化传播（天津）有限公司文案策划,是,个人,
我也有草帽点我不是路飞,保持饥饿 保持愚蠢,否,,
唐山首发,认证：本地资讯博主（唐山）http://t.cn/RUmMhZ7 搞笑视频自媒体,是,个人,
河北网警巡查执法,认证：河北省公安厅网络安全保卫总队官方微博,是,机构,
乳山环保,认证：山东省乳山市环境保护局官方微博,是,机构,
乖儿乖儿妮,我爱我自已更爱你，宝贝！,否,,
小明ontheroad,To make each day count.-Weibo,否,,
达达兔爱吃饺子,认证：中石化华北分公司第一采油厂红一联合站集输工,是,个人,
李宏卿-小爬爬,尽量做个好公民,否,,
天秤宸予,在最美好的时光里遇见了你,否,,
一个李岩,如果可以，请帮助他人,否,,
守护母亲河沩水站,母亲河保护，需要你我共同参与！,否,,
贺子-cherry,恒久的是精神上的追求，对于公共事务对于人类疾苦对于知识对于...,否,,
诗瓜丨插个V也成不了大象,认证：中国环境科学研究院助理研究员,是,个人,
小李先生1988,,否,,
动次打次小细腿,👄 子非鱼焉知鱼之乐 👄 ❤ ❤ ❤ 💪,否,,
福禄寿至喜洋洋,春雨不湿知心鬼 秋寒透打痴心人,否,,
依依滴小爸,好走的都是下坡路！,否,,
国网南京供电公司,认证：国网江苏省电力公司南京供电公司官方微博,是,机构,
旅行的害虫,,否,,
刘锋at常州,,否,,
摆tan卖回忆,闲看庭前花开花落，漫随天外云卷云舒～,否,,
广西师大化药学院分团委-学生会,认证：共青团广西师范大学化学化工学院委员会官方微博,是,机构,
星辰南宫,身在围城中……,否,,
青春武汉石化,爱我中华，振兴石化。各位武汉石化的青们，为明天一起加油！！,否,,
高兴妈妈902,不能靠脸吃饭，那就靠才华。,否,,
技术派蜀黍,,否,,
梳子黄春辉,广东龙川人。日语专业，十余年日企管理及汽配业务经验。,否,,
央广江西新闻,认证：中国广播网江西分网官方微博,是,机构,
白巧克力_skywalker,,否,,
萌哩咯萌,最美的年华,否,,
新月2807019873,,否,,
巨蟹的达达,纯粹,否,,
Kepler__001,,否,,
德阳宁幺幺,认证：本地资讯博主（德阳） 美食视频自媒体,是,个人,
在练吉他的苦逼少年,"When injustice becomes law,resistance becomes duty.",否,,
李航的世界,,否,,
暖了四季的夏天LT,,否,,
lucky一生拥有,,否,,
摆渡老衲,喃無阿弥陀佛,否,,
浅稚,,否,,
滴水湖边客,,否,,
春雨杏花香,,否,,
公司报道,认证：《大众证券报》公司新闻部官方微博,是,机构,
感觉梦一样,没有无边无际，只有擦肩而过,否,,
芜湖生态中心,认证：一个扎根皖南地区的草根环保组织,是,机构,
龙虬中学教育在线,龙虬镇初级中学位于澄潼河畔，国家文物保护单位龙虬庄遗址南侧...,否,,
台州海事,认证：中华人民共和国台州海事局官方微博,是,机构,
大草蛉,,否,,
坞崎山下有花开,。,否,,
captain_gao,液化气船，多用途船，自卸船，散货船设计制造监理，货物系统维...,否,,
弦乐颖,置顶的帮忙转一下，有转必回哦！谢谢,否,,
-伊丽莎白H世-,众卿平身,否,,
小花的眼睛,一个人的天荒地老,否,,
巷口一只牛,,否,,
温柔不是我的范-晓,,否,,
树林里有花香,,否,,
临澜环保,长期关注青少年环境教育、天然湿地、滨海潮间带、以及海洋、鸟...,否,,
济南三中2014级10班_携手筑梦,,否,,
蓬莱环境,认证：山东省烟台蓬莱市环境保护局官方微博,是,机构,
EIMT践行者,,否,,
无锡鸿景华庭,"无锡鸿威鸿景华庭微博【QQ49509614】，业主QQ群：202072631,ht...",否,,
一个好人-K10,快乐生活每一天！,否,,
绿翼木子凤,热爱环保，热爱自由，热爱生活！！！呵呵……,否,,
苏魂丶,,否,,
东方今报,认证：《东方今报》官方微博，新浪微博社区委员会专家成员,是,机构,
邢台市环境保护局,认证：河北省邢台市环境保护局官方微博,是,机构,
华东交通大学青年志愿者协会,认证：华东交通大学青年志愿者协会官方微博,是,机构,
汉龙人,认证：媒体人（长春） 新文化报编辑中心副主任,是,个人,
长春西门大官人,认证：知名本地博主 本地资讯博主（长春）#长春#超级话题金牌主持人 秒拍达人 资讯视频自媒体,是,个人,
小牛杉杉,,否,,
唐山阿怪,抨击丑恶，藿香正气。,否,,
蜜甜de忧愁,阳光，乐观,否,,
drawin20999,,否,,
FANTASTICBIBI,挚(只)爱笔笔,否,,
亲贤人远小人的日子,好好吃饭，好好睡觉，好好做事，好好做人。,否,,
美丽怀庆,关注焦作环境！共建绿色家园！,否,,
焦作映像,认证：焦作电视台新闻中心官方微博,是,机构,
滨州阳信环保,认证：山东省滨州市阳信县环境保护局官方微博,是,机构,
杨鹏理想三旬,雨后有车驶来，驶过墨色窗台，旧铁皮往南飞，恋人已不在……《...,否,,
山东商报,认证：山东商报官方微博,是,机构,
季节先生,,否,,
勾珩宇不是勾恒宇,时光在每一个浅梦里川流不息,否,,
岁月静好0云淡风轻,人生有各种坎儿，总要一个一个迈过去～,否,,
我去厨房煎个蛋,我是一个平平凡凡的男生，但为了心中的梦想我会一直奋斗下去！,否,,
shirley_sea,一个人，正在走上一条比记忆还要漫长的路，而陪伴身边的只有朝...,否,,
川添小百何,我是何婷，我为自己代言！,否,,
矿工的风采,认证：知名互联网资讯博主 中国摄影家协会会员 矿井维修钳工,是,个人,
我是大静静你不是,,否,,
小灰HCJ,,否,,
环评公众参与网,环评公众参与网（www.gzcy.org）微博，环评众评月旦评！,否,,
Robin不是罗宾,,否,,
蓝色天空70116,关注百姓身边事,否,,
孤寂的落寞,认证：中石化镇海炼化分公司操作工,是,个人,
环境前线,环境前线保护联盟,否,,
kf2118,游泳DE鱼,否,,
南京化工园发布,认证：江苏省南京市化学工业园区管理委员会官方微博,是,机构,
wqpaipp,,否,,
交警集聚区大队,衢州交警支队集聚区大队官方微博。,否,,
衢州特检,,否,,
漳平美食,关注漳平各地美食小吃，用小编的视觉介绍漳平的风土人情！,否,,
青岛投资网微博,认证：青岛投资网 qdtzw.com官方微博,是,机构,
蛋卷冰淇凌,,否,,
鬼帝魔音2011,做事要有方向，交友别有目的,否,,
ZIYE_LIU,,否,,
run微动,闷骚男,否,,
菲翔8889,,否,,
北京铁路双桥站,,否,,
依然李燕杰,,否,,
清风徐来墨儒雅韵,自强不息，厚德载物。,否,,
日照资讯,,否,,
广东天气,认证：广东省气象服务中心,是,机构,
平沙老兵,前陆军炮兵 上士班长一枚,否,,
南网50Hz,认证：中国南方电网有限责任公司,是,机构,
叶婆仔,,否,,
高凉颖子,积极、乐观、大方，数码、摄像、影视、军事,否,,
广东电网,认证：广东电网公司官方微博,是,机构,
新浪广东珠海,认证：新浪广东珠海官方微博,是,机构,
Rose_tingting,平凡的我，只想平平凡凡的生活下去，没有忧愁只有快乐，有可能...,否,,
红立果,恋上我，延续你的健康体魄。,否,,
太极陈娟,认证：陈氏太极拳第十二代嫡宗传人 、陈正雷太极会馆教学总监陈娟,是,个人,
临沂环境监测,认证：临沂市环境监测站官方微博,是,机构,
悟空妳休得胡鬧,扭一扭 舔一舔 泡一泡,否,,
松申公司,认证：上海松申水环境净化有限公司,是,机构,
空空的_城,认证：瀚宇博德科技江阴有限公司 领班,是,个人,
二少奶奶的夫君,一个真实的人,否,,
庄里微,认证：知名本地博主 本地资讯博主（石家庄） 资讯视频博主 资讯视频自媒体,是,个人,
工地里的蝈蝈,,否,,
XU宗吾,,否,,
不科学的浮云文化创意工作室,唐山创意摄影,否,,
东营开发区环境,认证：东营经济技术开发区环境保护局官方微博,是,机构,
火焰-S,,否,,
池州那些事儿,认证：本地资讯博主（池州）http://t.cn/RUmMhZ7,是,个人,
青浦媒体人小强,小强热线微信公众号开通啦！欢迎大家扫描二维码关注小强,否,,
山东消防,认证：山东省公安消防总队官方微博,是,机构,
德阳科知局,认证：四川省德阳市科学技术和知识产权局官方微博,是,机构,
春风十里SRJ,思想就像内裤，要有，但不能逢人就证明你有,否,,
弓镸月月鸟,,否,,
x未来m,期待,否,,
一龙二猫猫,揭谛揭谛，波罗揭谛,否,,
狗狗震2008,,否,,
齐河环境,认证：山东省德州市齐河县环境保护局官方微博,是,机构,
天赐你我,"开心生活,工作为了更好地生活。讨厌商家关注。",否,,
0细雨0,,否,,
横山警务,认证：陕西省榆林市横山县公安局官方微博,是,机构,
平安建始,认证：湖北建始县公安局官方微博,是,机构,
临颍人社在线,,否,,
清风大郭LY,,否,,
雪燃_90320,,否,,
琳妹妹_cy,认证：  国家电网 客户代表,是,个人,
老沉,认证：一点资讯总裁 凤凰网联席总裁,是,个人,
血液科蔡圣鑫,认证：河北医科大学第二医院血液科医生,是,个人,
生命之网_v68,"生命中,有一个人可以去惦念,是缘分;有一个人可以惦念自己,是幸...",否,,
茉莉92885,,否,,
新闻记录者,认证：资深媒体人,是,个人,
白辽不是聊了白聊,你不是我 当然不懂我的喜怒哀乐,否,,
陕北小伙,认证：媒体人（榆林）媒体人,是,个人,
你说我安静的够好,也就这样啦～～～,否,,
我的踏拉板,热爱足球，摄影,否,,
葛勒拜,,否,,
宁波大榭开发区,认证：宁波大榭开发区管委会官方微博,是,机构,
李嘉隆Master,认证：张家口网网络传媒服务中心 客服总监,是,个人,
BJ67__,,否,,
dajianbing,,否,,
HomeboyFOREVER,,否,,
喵-薄荷,不到园林，怎知春色如许！,否,,
荧火飞漫,家有脑伤儿,否,,
努力奋斗的小江女士,大玉镯子,否,,
Africanbeauty,,否,,
嘎吧嘎吧嘎,,否,,
MYY云儿,,否,,
今日新安,认证：河南省洛阳市新安县新闻中心官方微博,是,机构,
河南国税,认证：河南省国家税务局官方微博,是,机构,
心有所属独爱,,否,,
镹尔,你普渡天下众生，我荡尽世间不平,否,,
yang记得,我只想爱我所爱！！,否,,
格子控蔻蔻,,否,,
茗-禾风,我还在努力寻找，自己到底是谁,否,,
猫子果,一公民。,否,,
欢颜0102,认证：中原石油勘探局井下特种作业处 物资供应站 核算员,是,个人,
无thing7,一个悲伤的白血病患者，胖球团粉！许昕儿粉！秦门一生推！陈小...,否,,
蒙自警方,认证：云南省红河州蒙自市公安局官方微博,是,机构,
南江团青-青出于南,认证：四川省巴中市南江县团委官方微博,是,机构,
冷溪淼,我是一个快乐中带有一点忧伤的女孩。一个人人的时候，喜欢泡一...,否,,
黄良32锅,优质桶装矿泉水配送商：蓝剑冰川时代桶装矿泉水 农夫山泉桶装...,否,,
世界超模大赛,认证：世界超级模特大赛（世界超模大赛）官方微博,是,机构,
海啸XM,☆☆☆☆☆,否,,
青岛微生活,认证：新浪青岛官方微博,是,机构,
今日青岛,认证：本地资讯博主（青岛）http://t.cn/RUmMhZ7,是,个人,
城市信报,认证：山东青岛城市信报,是,机构,
半岛网,认证：半岛网官方微博,是,机构,
掌上青岛,认证：青岛第一手机客户端,是,机构,
不留的空白,我知道自己想成为什么人，一个不想被世俗所奴役的普通人。,否,,
青岛日报官方微博,认证：青岛日报官方微博,是,机构,
青岛茶,"努力的积极向上,然后保持平常心.",否,,
青岛财经日报,认证：青岛财经日报官方微博,是,机构,
智美老康,青岛智美影像工作室-摄影师,否,,
多啦A梦1239,,否,,
走着看大海,认证：旅游博主,是,个人,
暖暖的妮子,认证：中石化西北油田分公司工程技术研究院防腐室室主任,是,个人,
稻穗鑫鑫,,否,,
x西瓜超人x,我问了自己很多次 为什么你的嘴唇那么有魔力 我每天只能活出24...,否,,
ww王王王123,喜欢一个人，但是喜欢一个人……,否,,
刘玉秒,,否,,
感性的梦想蓝天,,否,,
桃花等杏花,照片不是我,否,,
小轻欣呀,小轻欣。,否,,
浪浪厄Go,时间可以鉴定一切,否,,
孤城灬小E,,否,,
sun多彩,,否,,
斐厄瑞-Sun,Life is too short to listen to bad music,否,,
轩子_空间,持之以恒，胜之有道,否,,
戀上你嘚kiss,做自己,否,,
香辣小仙女,一路一起的人，比远方更重要。,否,,
大港热电,,否,,
九江微刊,九江领先资讯，本土精英部落。,否,,
意纸,内向,否,,
小驴哥的背包,人生苦短，胡子不宜太长。,否,,
bule布噜儿,头像是我的小女神,否,,
伊的卡卡日记,初心不改~,否,,
Soda喵一夏,发现澳洲小代购一枚～,否,,
不二sen,你给我一滴眼泪，我就看到了你心中全部的海洋,否,,
神秘天山雪松,,否,,
本不是恬静淡雅的姑娘,复杂简单偏执脑残犯傻的女生我就是吧。,否,,
青爭--喵,,否,,
邪邪邪lok,无冥冥之志者无昭昭之明，无昏昏之事者无赫赫之功。,否,,
我有一张大豆脸,明明有一颗少女心，却在当热血少年。 明明要拯救全世界，却一...,否,,
我就是赵然,,否,,
三个抽屉,一切有为法，如梦幻泡影，如露亦如电，应作如是观。,否,,
小乌龟-端茶,认证：摄影博主,是,个人,
DiverCow,胆小鬼,否,,
上阳噬心,我不愿在把真心抛给凉薄的人心，不在祈祷天堂的祝福，如果可以...,否,,
韦小坨,不常上微博，喜欢古风，钟爱汉服～,否,,
站在乡间的小路上,爱吃爱旅行,否,,
星光时尚体育,认证：体育博主,是,个人,
小小羽岑,末日没来，生活继续！,否,,
一只傻傻的笨蛋,做一只开心的笨蛋。,否,,
嘘o别吵oo,不阳光 不忧郁 唯有平静,否,,
福尔德摩斯,,否,,
kukuyan,,否,,
李阳Travel,以梦为马，一起行天涯,否,,
碧水环保065,,否,,
萌小七贱小八,我们是孤独的个体，却生存在这个复杂的世界中,否,,
Fifi__yeung,Less is more,否,,
广东水污染地图,,否,,
我叫不迷糊_尤,人生三愿：吃得下饭，睡得着觉，笑得出来。,否,,
勤快美华,,否,,
青山冷笑人Katyusha,认证：北京晋江原创网络科技有限公司 签约作者,是,个人,
zoe佐生,,否,,
小宾宾333,有些东西不能忍受，只能接受！！,否,,
波罗尧,cn阿尧---COS加游戏，CS狗，绝地，LOL（诺克，雷瑟，暗影），...,否,,
孩子的情怀,,否,,
方小闹,混迹在媒体的不安分女青。,否,,
barry05866,,否,,
沧海一鸭,努力ing。。。,否,,
梦骑士寻梦记,认证：电视台编导、记者,是,个人,
PECC-LN,绿色江南公众环境关注中心,否,,
阜阳身边事,认证：本地资讯博主（阜阳）#阜阳#超级话题金牌主持人 资讯视频自媒体,否,,
铜陵网络资讯,认证：本地资讯博主（铜陵） 头条文章作者 微博签约自媒体,是,个人,
亳州市科技局,认证：安徽省亳州市科学技术局官方微博,是,机构,
时光荏苒-小宝,,否,,
爱吃螃蟹的虾米,什么也没有！！！！！！！！！！！！！！,否,,
天津安监,认证：天津市安全生产监督管理局官方微博,是,机构,
PECC-LiJ,绿色江南公众环境关注中心,否,,
PECC_JJW,绿色江南公众环境关注中心,否,,
奔跑的玫瑰花瓣,如果还有明天，必将更加坚定的走下去，为理想为自由为那些不干...,否,,
错位相加,开始的开始我们都是孩子,否,,
sunyway2010,,否,,
银川市场监管,认证：银川市市场监督管理局官方微博,是,机构,
学霸DangerousSoul,,否,,
太仓沙溪,认证：太仓市沙溪镇人民政府官方微博,是,机构,
中国石化胜利油田胜利采油厂,认证：中国石油化工股份有限公司胜利油田分公司胜利采油厂官方微博,是,机构,
菜农种股,原名大老张2,否,,
北京城市资讯,认证：本地资讯博主（北京）http://t.cn/RUmMhZ7,是,个人,
绿色秦巴,认证：安康市绿色秦巴环保公益服务中心,是,机构,
米琳达tulip,想像风一样。,否,,
U118,,否,,
南阳交警,认证：南阳市公安交通警察支队官方微博,是,机构,
woniumama,,否,,
威海市中级人民法院,认证：山东省威海市中级人民法院官方微博,是,机构,
笑笑妈70,爱美食、爱旅游、爱孩子！,否,,
芜湖公安交警宣传在线,认证：安徽省芜湖市公安局交警支队官方微博,是,机构,
陇南文县发布,认证：甘肃省陇南市文县县委宣传部官方微博,是,机构,
东水文山,人民公仆，为群众服务、让群众满意是我的宗旨。,否,,
该用户已被注册1990,,否,,
晋玄踩单车,认证：运动博主,是,个人,
艾德蘭翡,,否,,
-兰州铁路局-兰州西机务段-,欢迎大家访问鄙人的微博主页，喜欢火车或对铁路感兴趣的，可以...,否,,
西安网,认证：西安网（白鸽网）www.xiancity.cn 官方微博,是,机构,
西安电视台官方微博,认证：西安广播电视台,是,机构,
没有人知道我是什么样的存在,,否,,
sdcam201602,认证：数码博主 头条文章作者,是,个人,
宁静的阳光,永远的读书人，刚入行的出版人，爱旅游、爱音乐。渴望没有樊篱...,否,,
共青团凯里市委,认证：共青团凯里市委官方微博,是,机构,
PamPei,爱旅行，爱摄影。微博里所有的照片都是嘉嘉妈妈和爸爸亲自创作...,否,,
杭州质监,认证：浙江省杭州市质量技术监督局官方微博,是,机构,
襄阳王群,暖男,否,,
泰安一草民,爱钻牛角尖，喜欢打破砂锅问到底。如果没有足够的理由说服，请...,否,,
联合国开发计划署,认证：UNDP 联合国开发计划署官方微博,是,机构,
桑葚雪芭小西瓜201605,,否,,
永仁警方,认证：云南省楚雄州永仁县公安局,是,机构,
青赣环境交流中心,认证：南昌青赣环境交流中心,是,机构,
岱岳环境,认证：山东省泰安市岱岳区环保局官方微博,是,机构,
活在当下的小黑,努力的活着,否,,
大王一杰,环保公益,否,,
吉林微政务,认证：新浪吉林城市频道官方微博,是,机构,
宁局湛江火车站,认证：中国铁路南宁局集团有限公司湛江车站官方微博,是,机构,
着魔DarLInG,💪 Love is better than all truth🍀 .,否,,
哈铁哈尔滨动车段,,否,,
质量无锡,认证：无锡市质量技术监督局官方微博,是,机构,
都江堰地税,认证：四川省都江堰市地方税务局官方微博,是,机构,
青岛好司机,认证：青岛正能量好司机爱心服务中心官方微博,是,机构,
环保长颈鹿,,否,,
善于觉悟,信命不认命,否,,
绿领三兒,行动即改变,否,,
我为家乡清垃圾,天津绿领“我为家乡清垃圾”项目官方微博,否,,
庆云环保,认证：山东省德州市庆云县环境保护局官方微博,是,机构,
长清环境,认证：长清区环境保护局官方微博,是,机构,
历城环境,认证：山东省济南市历城区环境保护局官方微博,是,机构,
活水人生116,问渠哪得清如许，为有源头活水来。,否,,
辽工新媒体,认证：辽宁工业大学新媒体协会官方微博,是,机构,
十堰市公安局东岳分局,认证：十堰市公安局东岳分局官方微博,是,机构,
微笑猫咪mm,,否,,
新闻视线小邱,认证：头条文章作者,是,个人,
记者宋海龙,认证：媒体人（西安）资深评论员,是,个人,
媒体人小刘,认证：媒体人（榆林） 知名互联网资讯博主 头条文章作者,是,个人,
木九棠,认证：宝鸡市渭滨区微公益发展中心负责人,是,个人,
化石成玉2013,真情呼唤人性的真善美！！！！！,否,,
焦作日报,认证：《焦作日报》官方微博,是,机构,
-汹涌人海环成句号,,否,,
A_J_的书店,你好哇，李银河。,否,,
金华绿色之友,关注环保污染事件、宣传环保知识,否,,
花开的前后,愿得一人心、白首不相离。,否,,
落花的尖叫and执戟典韦,,否,,
塔河柳絮儿,认证：中国石化塔河炼化有限责任公司职员,是,个人,
独步天涯66,认证：中石化塔河炼化操作员,是,个人,
轻食芜湖_沙拉游记,,否,,
芜湖市港航管理局,认证：安徽省芜湖市港航管理局官方微博,是,机构,
合肥治安在线,认证：安徽省合肥市公安局治安警察支队官方微博,是,机构,
双身骑士,,否,,
哈南环保,哈南环保是平房、经开环保分局设立的官方微博,否,,
绿氧生态环保中心,认证：成都市锦江区绿氧生态环境保护中心,是,机构,
法制日报河南,认证：法制日报河南记者站官方微博,是,机构,
李壮95,大海波涛浅，小人方寸深。从来名利地，易起是非心。,否,,
HuHu_Min,,否,,
pro-se,天下熙熙，皆为利来。 天下攘攘，皆为利往。,否,,
金陵箫箫生,,否,,
幸运1413,,否,,
济宁身边事,认证：本地资讯博主（济宁）http://t.cn/RUmMhZ7,是,个人,
沈津生,,否,,
墙头马上Hao,城市规划师/专栏作家/旅行者 探索世界各地的风土人情，记录中...,否,,
蛋挞蟹,如果不能嫁俊凯的话。。那我还是孤生吧,否,,
尐吖頭脾氣拽d,陪伴是最长情的告白..............,否,,
贵溪这点事,认证：本地资讯博主（贵溪） #鹰潭#超级话题主持人,是,个人,
Y_ou悠,,否,,
你的小如,,否,,
铜川市旅发委,认证：铜川市旅游发展委员会 官方微博,是,机构,
托马斯二大爷,生下来活下去,否,,
今天世界末日了吗_,我只是一个工作号马甲,否,,
顺德容桂民生事,一个顺🉐️人既顺德人微博！,否,,
爱吃瓜的淄博群众,认证：头条文章作者,是,个人,
生科院筑越乡碧水蓝天梦,,否,,
珲春发布,认证：珲春市委宣传部官方微博,是,机构,
努力搬砖王二千,湖畔乐队/米粒乐队主唱。noisy trio合唱团吉他➕主唱。最爱RHC...,否,,
三水社科理论,发布三水社科理论工作信息，加强社科理论界沟通交流,否,,
茅斋-牧马人,,否,,
小貓ling,赵玲玲之一,否,,
夏夏的赖猫儿,我是散粉？ 你是袋装的 桶装的^_^,否,,
水墨闲庭_三沐,陕西省道家文化研究会深圳联络处(龙虎山正一天师道）,否,,
资深投资理财,一家有情怀的理财平台，总部位于深圳福田CBD区内，注册资本为1...,否,,
海豚之恋taozi,,否,,
我家的茹儿,,否,,
巧熙羽,时间久了，一切都淡了…,否,,
Ajay_ma,,否,,
福宝_2017龙哥,,否,,
Hwoi,,否,,
一只九头鸟,,否,,
東南空氣,认证：香港《大公报》记者李建强,是,个人,
candy珊珊妞,,否,,
新视界一代,,否,,
谷子的庄园,爱生活爱大自然之好青年！^ _ ^,否,,
秦川瘦马,,否,,
MYlove小默默,,否,,
这是米,努力做更好的自己！,否,,
深圳海旭王海东,认证：深圳海旭国际货运代理有限公司 总经理,是,个人,
Rosalina_Ben,吴亦凡啊~加油～【痘皮混油肌快来找我分享~~~】,否,,
芊妹9172,,否,,
義-鳴驚人,,否,,
ctriptodd,"impossible ~~IMpossible:上帝有时候赋予我们缺点,是为了让我...",否,,
_浅Se流年,刮风的时候总要学会一个人颤抖，而不是奢望谁的手。,否,,
Libby水瓶,,否,,
hoffemich,There is only one thing I dread: not to be worthy of my su...,否,,
新鲜de氧气,一个露台，伴着一树荫凉几丛花香 ，捧一本书、酌一口茶、呼吸...,否,,
晓晓君小小洁,认证：  江铃汽车股份有限公司职员,是,个人,
广州地税,认证：广州市地方税务局官方微博,是,机构,
hill225,喜欢运动，研究数码，看电影，研究汽车,否,,
成都市岷江自来水厂,,否,,
1sl先生,少年不在年少,否,,
让拳头飞舞,哈哈哈哈哈哈哈,否,,
qsl59,金融草根，经济师、审计师,否,,
six6xu,,否,,
旺德佑,,否,,
德阳土豆,,否,,
杨丽颖0807,,否,,
民间垃圾焚烧,生活垃圾焚烧专业微博，垃圾焚烧知识库：http://www.waste-cwi...,否,,
横尸街头的土豆丝,生活太糟糕了……,否,,
信-荣-投-资FANGLIANG,股票理财顾问，股权投资管理。诗词学徒工。花城夷陵客。 广东...,否,,
止马岭大泉湖,孤鹰不褪羽，哪能得高飞；蛟龙不蜕皮，何以上青天。,否,,
溪水长流流不尽,,否,,
铁山港区法院,认证：广西壮族自治区北海市铁山港区人民法院官方微博,是,机构,
北海新闻网,认证：北海新闻网官方微博,是,机构,
黑白小和尚,左眼看自己/右眼看世界,否,,
小唐僧取经,O ba gang na style!,否,,
北京亦庄,认证：北京经济技术开发区官方微博,是,机构,
单蠢99,一个随心的美女子 欢迎关注,否,,
自然之友,认证：民间环保组织“自然之友”,是,机构,
爱吖唖,,否,,
查干浩特1975,飞机去哪了？,否,,
达州快播报,认证：华西都市报达州城市频道,是,机构,
媒体人达州张飞,认证：西南商报社 采编,是,个人,
居里屋HIT,目的虽有 却无路可循 我们称之为路的 无非是踌躇,否,,
河南省旅游协会,认证：河南省旅游协会官方微博,是,机构,
石臼街道幸福社区,认证：日照市东港区石臼街道幸福社区居民委员会官方微博,是,机构,
日照新财经,财经资讯.生活信息.媒体新闻,否,,
LLe_银川航拍,银川VR全景- 无人机航拍. -室内VR全景微信449117523,否,,
塞外游侠,认证：知名旅游博主,是,个人,
CL布伦希尔德,等浓雾散去后，就可以看到最美丽的星空了,否,,
吉林大米好吃的大米,有机绿色大米。微信：QQ2855638006。中国好米在东北、东北好米...,否,,
水魏记,追寻信仰，探究真相,否,,
强拆房是犯罪,,否,,
南昌云端网络科技有限公司,认证：专注于行业软件规划、建设和服务的互联网高新技术企业。,是,机构,
南昌时间,每晚七点半报道南昌，新鲜内容呈现南昌，深度观点解读南昌。播...,否,,
董郎dxp,认证：中国经济周刊地方部副主任董显苹,是,个人,
新浪江西,认证：新浪江西官方微博，新浪看点江西站官方微博,是,机构,
民生江西,认证：中国江西网《问政江西》官方微博,是,机构,
新法制报,认证：新法制报官方微博,是,机构,
江西百科,认证：本地资讯博主（南昌）#南昌#超级话题主持人,是,个人,
南昌事儿,认证：知名本地博主 本地资讯博主（南昌）,是,个人,
江西日报,认证：江西日报官方微博,是,机构,
深度新闻哥,认证：媒体人（榆林）,是,个人,
法治坊,认证：会计,是,个人,
驼城印记,点击关注➕成为👬每天都有料💥📰Vx：Cr921017,否,,
无缘无故521,微博区域媒体人,否,,
陕西记者,认证：媒体人（西安）,是,个人,
Sid_Chen,light happy,否,,
烟台市经信委,认证：山东省烟台市经信委官方微博,是,机构,
秦闻瑾语,《每日信息》热点资讯看不完。,否,,
榆林身边事,认证：微博榆林同城大使,是,个人,
手机用户2653792562,,否,,
海盐刘小明,认证：海盐县武原街道文昌社区居委会创卫工作监督员兼社区行风监督员,是,个人,
神勇小白兔2016,,否,,
忠议言,,否,,
华商报榆林记者站,认证：华商报社榆林记者站,是,机构,
块石沉浮,认证：榆林市社保中心工作人员,是,个人,
王健-2410,认证：华商传媒二三里新闻客户端榆林频道编辑 互联网资讯博主,是,个人,
新闻深度调查,关注民生民情之焦点,否,,
Bruce李旭峰10,,否,,
威海那点事儿,认证：知名本地博主 本地资讯博主（威海）,是,个人,
新浪陕西咸阳频道,认证：新浪陕西咸阳频道官方微博,是,机构,
蒙阴环境,认证：山东省临沂市蒙阴县环境保护局官方微博,是,机构,
往事和网事,认证：头条文章作者,是,个人,
老滨县人,认证：互联网资讯博主 前 经济导报社滨州记者站见习记者 资讯视频自媒体,是,个人,
夜莫黑001,快过年了~~借我5000元分期还款50年每年100每月8块3元每日2毛7...,否,,
历下环保,认证：山东省济南历下区环境保护局官方微博,是,机构,
怀念旧房子,,否,,
兰心dove,我醉了我的爱人，在你灯火辉煌的眼里,否,,
成都城市管理,认证：四川省成都市城市管理委员会官方微博,是,机构,
做靠谱的男人,认证：互联网资讯博主,是,个人,
梁山环保,认证：山东省济宁市梁山县环境保护局官方微博,是,机构,
总编有话说,认证：前 《陕西视点》总编辑 头条文章作者,是,个人,
半不将就,,否,,
真难起名字lyhb,泰山顶上一青松～～,否,,
泰山环境,认证：山东省泰安市泰山区环境保护局官方微博,是,机构,
巧妇九妹,农村土特产,否,,
随机淡定数,活着不要或者,否,,
奔跑的兔子非主流,,否,,
吴忠消防,认证：吴忠市公安消防支队官方微博,是,机构,
平安杭州,认证：杭州市公安局官方微博,是,机构,
杭州网,认证：杭州网官方微博,是,机构,
泉港新闻网,认证：中共泉州市泉港区委宣传部官方微博,是,机构,
教育-孙重阳,认证：沈阳英才教育培训学校美育部部长,是,个人,
糖先生翻糖蛋糕,糖先生翻糖蛋糕。预定有惊喜。微信EasonTan616288,否,,
智慧盛京,智慧云城，智慧城市，打造沈阳人的掌上智慧平台。智慧云城免费...,否,,
成都之阙,欢迎聊聊,否,,
府谷交警,认证：陕西省府谷县公安局交警大队官方微博,是,机构,
陳忠亞YorkChan,认证：扬子江药业集团江苏股份 科员,是,个人,
泰州热点播报,认证：本地资讯博主（泰州） #泰州#超级话题主持人,是,个人,
飞行星星11,,否,,
殷迁迁,认证：河南开利高压阀门有限公司销售经理,是,个人,
上海公积金,认证：上海市公积金管理中心官方微博,是,机构,
活跃的老灵魂,认证：中国石化上海石油化工股份有限公司班长,是,个人,
桐乡公安,认证：浙江嘉兴桐乡市公安局官方微博,是,机构,
仙人球_866,认证：上海石油化工股份有限公司主管,是,个人,
海曙发布,认证：中共宁波市海曙区委宣传部,是,机构,
燕赵都市报,认证：燕赵都市报官方微博,是,机构,
燕赵晚报,认证：《燕赵晚报》官方微博,是,机构,
落落的鱼1128,生命短暂而美好，没时间纠结，没时间计较。,否,,
中国环境宣传教育,认证：环境保护部宣传教育司主管，环境保护部宣传教育中心主办,是,机构,
洺轩妈咪,你把日子过随便了，日子也就随便你了。,否,,
澎湃热微,认证：头条文章作者,是,个人,
采编刘,认证：前 新华法治网采编 头条文章作者,是,个人,
聚焦零距离,新闻线索举报请私信。,否,,
Goujun苟俊,认证：中国经济导报记者,是,个人,
西部新闻人,认证：  新西部杂志社副主任,是,个人,
媒体人小景说事,认证：前 三秦都市报社采编,是,个人,
宝鸡交警高新大队,认证：陕西省宝鸡市公安局交警支队高新大队官方微博,是,机构,
发奋图强发愤图强,,否,,
第一环保网,认证：第一环保网www.d1ep.com,是,机构,
在淄博,认证：知名本地博主 本地资讯博主（淄博）#淄博#超级话题主持人 #淄博吃货#超级话题主持人 资讯视频自媒体,是,个人,
幸福平安快乐5376,常与同好争高下，不共傻瓜论短长。,否,,
吴门桥南华社区警务室,认证：江苏省苏州市姑苏公安分局吴门桥派出所警务室官方微博,是,机构,
吴门桥解放社区警务室,认证：江苏省苏州市公安局姑苏分局吴门桥解放社区警务室官方微博,是,机构,
苏州葑门派出所横街社区,认证：苏州葑门派出所横街社区官方微博,是,机构,
苏州葑门派出所葑溪社区,认证：苏州葑门派出所葑溪社区官方微博,是,机构,
苏州葑门派出所长岛社区,认证：苏州葑门派出所长岛社区官方微博,是,机构,
苏州市平江派出所,认证：苏州市公安局姑苏分局平江派出所,是,机构,
苏州胥江派出所潼泾社区警务室,认证：苏州市公安局姑苏分局胥江派出所潼泾社区警务室,是,机构,
平安观前,认证：苏州市公安局姑苏分局观前派出所,是,机构,
白莲社区警务室,认证：苏州市公安局姑苏公安分局白莲社区警务室官方微博,是,机构,
----小跟班,梦是氢气球向天外飞走，最后都化作无有。,否,,
洛阳机务段,认证：郑州铁路局洛阳机务段官方微博,是,机构,
西瓜昌真湿基,西瓜，外绿内红！火车迷+军迷+工程机械迷，谢绝人身攻击！欢迎...,否,,
叶哈雅001,,否,,
大理市住房和城乡建设局,认证：大理市住房和城乡建设局官方微博,是,机构,
阿Q他阿爸,认证：财经博主,是,个人,
天门发布,认证：湖北省天门市委宣传部官方微博,是,机构,
沈喃喃,,否,,
pp强势回归,我是蔚蓝地图app的忠实粉丝,否,,
广元环保,认证：四川省广元市环境保护局官方微博,是,机构,
明月访竹,,否,,
泉林本色,认证：泉林本色科技有限公司官方微博,是,机构,
监测小达人,山东省环境信息与监控中心,否,,
冬天的驯鹿,没心没肺的快乐！,否,,
最美的环境,,否,,
山东体育,认证：山东省体育局官方微博,是,机构,
gzp梦之彼岸,,否,,
媒体人老闫,关注民生、倡导廉政、研判经济、启蒙法治！,否,,
幸亏你遇到了我,脱离了高级趣味,否,,
青岛论坛,认证：青岛论坛club.bandao.cn官方微博,是,机构,
西安节水,认证：西安市节约用水办公室官方微博,是,机构,
开发区环保,情系环保 绿满章丘,否,,
环境观察V,《环境观察》官方微博,否,,
南方盐,东莞鞋厂打过工，贵州山里挖过煤，开过小店搞过传销。小两口侣...,否,,
铜陵治安支队在线,认证：安徽省铜陵市公安局治安警察支队官方微博,是,机构,
铜陵公安交警宣传在线,认证： 安徽省铜陵市公安局交警支队官方微博,是,机构,
西咸新区沣东新城,认证：陕西省西咸新区沣东新城管理委员会官方微博,是,机构,
沣东公安,认证：陕西省西安市公安局沣东新城分局官方微博,是,机构,
生态办2146133,,否,,
连云港市广播电视台-港城365,认证：连云港电视台《港城365》栏目官方微博,是,机构,
媛媛shelly,笑的灿烂，活的激情~,否,,
青岛城阳发布,认证：青岛市城阳区人民政府新闻办公室官方微博,是,机构,
Sky劉小月moon,曾经的快乐与欢笑请留在这里，曾经的悲伤与难过请随着我的步伐...,否,,
明月海藻,认证：青岛明月海藻集团有限公司,是,机构,
金箍棒看天下,认证：资深媒体人 知名互联网资讯博主 资讯视频自媒体,是,个人,
青岛西海岸发布,认证：青岛西海岸新区工委宣传部官方微博,是,机构,
天桥环保,认证：山东省济南市天桥区环境保护局官方微博,是,机构,
Migina_我的声音在笑,,否,,
梦济南,认证：知名本地博主 本地资讯博主（济南） 资讯视频博主 头条文章作者 微博签约自媒体,是,个人,
独醉狼侠,认证：山东歌舞剧院音响师,是,个人,
甜甜的芋头的芋头,控制自己的情绪，总是跟别人诉说自己困难跟遭遇的人，都是没有...,否,,
海朔,星润集团合伙人，山东星润，浙江星润CEO，专业从事互联网商业...,否,,
功夫猫0824,戒骄戒躁，用心做事,否,,
赵庆坛,认证：空气巴巴网络科技有限公司 空气能源网创始人,是,个人,
兰铁天水火车站旅途之友,认证：兰州铁路局天水火车站官方微博,是,机构,
Cindy_ladyy,M... PDY...,否,,
小霞爱体育,,否,,
流域科123,,否,,
温江金马镇,认证：成都市温江区金马镇人民政府官方微博,否,,
看今天微博,认证：媒体人（西安）媒体人 头条文章作者,是,个人,
陕北新闻哥,认证：市场信息报社编辑 知名互联网资讯博主 头条文章作者,是,个人,
舆情头条,,否,,
跪射勇,认证：媒体人（西安） 微博签约自媒体,是,个人,
东平环境,认证：山东省东平县环境保护局官方微博,是,机构,
紫金矿业,认证：紫金矿业集团股份有限公司官方微博,是,机构,
羊刁刁THU,每临大事有静气,否,,
石家庄帮忙,认证：知名本地博主 本地资讯博主（石家庄） 头条文章作者 微博签约自媒体,是,个人,
绿行太行,我们相信，行动带来改变，倡导必有回应！坚持美好向往，梦想终...,否,,
山东言中,上善若水，勿忘初心！,否,,
刘润哲_木mu,你若不离不弃，我便生死相依,否,,
丽江古城警方,认证：云南省丽江市公安局古城分局官方微博,是,机构,
最爱自己的小冰,独一无二，宇宙唯一！,否,,
青海V联盟,认证：青海V联盟 （新媒体 www.qhvlm.com）官方微博,是,机构,
抒一纸时光,幸福靠自己争取,否,,
菏泽巨野县法院,认证：山东省巨野县人民法院官方微博,是,机构,
Mr-Lee栗先生,社会一愤青。,否,,
搬家送货快运15156647300,,否,,
记忆凌乱丶忧伤,,否,,
同呼吸共环保,,否,,
陇南武都发布,认证：中共陇南市武都区委宣传部官方微博,是,机构,
陇南日报,认证：《陇南日报》官方微博,是,机构,
Lin林艺恩,,否,,
呢喃lucky,活得更精彩,否,,
硬克先生,不给别人添麻烦 是我对这世界最大的善意,否,,
现世安稳_43301,,否,,
湘潭浪漫,认证：        湖南省保护湘江“绿色卫士”环保志愿者,是,个人,
己莫为1991,,否,,
微微820829,,否,,
Chapter蕥莉,唯累过，方得闲。唯苦过，方知甜。,否,,
IPE数据库,北京市朝阳区公众环境研究中心-信息公开部,否,,
下雨路上有积水,山东护水网络,否,,
山东京博控股股份有限公司,认证：山东京博控股股份有限公司官方微博,是,机构,
山亭环保政务微博,认证：山东省枣庄市山亭区环保局官方微博,是,机构,
情观点,心情如梦,否,,
盛世金陵,,否,,
静灵魔妖,嘿呀！,否,,
蕊蕊爱吃糖糖糖糖,,否,,
天津范儿app,做个有范儿的天津人,否,,
银川城市用水管理,认证：银川市城市用水管理处官方微博,是,机构,
ttth3,,否,,
冒充高手V,股票、自驾游、美食和篮球！,否,,
通网资讯,通网资讯微博,否,,
路过陕西,,否,,
网海箭鱼,当真相被沉默取代，沉默就成为谎言 。,否,,
滨城区环保分局,认证：山东省滨州市环境保护局滨城分局官方微博,是,机构,
SYN2222,。,否,,
彭小虫pyy,喜欢下雨天、喜欢奶油、喜欢欢双皮奶、喜欢喜欢、太多啦,否,,
夏日-叹红尘,认证：中航工业哈尔滨飞机工业集团有限责任公司张强,是,个人,
沈阳地铁第一时间,认证：沈阳地铁报《地铁第一时间》官方微博,是,机构,
精品疯人,,否,,
寻找清新的呼吸,清醒的呼吸。,否,,
进宝天呀,,否,,
三虎爱燕姿,想经历美好，也想塑造自己成为美好。,否,,
新乡热力吐槽平台,新乡热力不负责任公司官方吐槽平台，请新乡市民对热力公司服务...,否,,
儒公司,,否,,
揭婷,认证：江西广播电视台交通广播主持人,是,个人,
豌豆苗王子,开心简单就好，我喜欢旅游和美食，是个吃货和大自然爱好者，喜...,否,,
安阳市第二实验幼儿园,认证：安阳市第二实验幼儿园官方微博,是,机构,
中国吉林网,认证：中国吉林网官方微博,是,机构,
刀头上的雕花,认证：前 新华法治网 采编,是,个人,
媒体人高凯舟,认证：前  各界导报 记者,是,个人,
昆明禄劝发布,认证：昆明市禄劝县委、县政府官方微博,是,机构,
农大MXD,认证：知名校园博主 头条文章作者,是,个人,
雁渡520,认证：中国摄影家协会 会员,是,个人,
0甜饼0,认证：    中国石化上海石油化工股份有限公司助理师,是,个人,
新浪天津旅游,认证：新浪天津旅游频道官方微博,是,机构,
海珠南石头在线,认证：广东省广州市海珠区南石头街道办事处官方微博,是,机构,
万古明月8,做个精致的女人,否,,
Verlon_,关注我有精喜！,否,,
老家晋中,认证：本地资讯博主（晋中）http://t.cn/RUmMhZ7,是,个人,
东营网官方微博,认证：东营网官方微博。 http://www.dongyingnews.cn/,是,机构,
interesting-2013,,否,,
sharFor,You look like my next mistake,否,,
神州八号99,认证：长城物业管理有限公司董事长何建亚,是,个人,
大雨台风,,否,,
富顺交警,自贡市公安局交通警察支队富顺县大队,否,,
落枫1972,为了我们的碧水蓝天加油！,否,,
th山静水流,,否,,
郯城环保李国栋,,否,,
董先生-早春的树,远在远方的风比远方更远,否,,
JUSThuihui,堇小兮的妈妈咪 喜欢百事可乐!!,否,,
小雨汐诺,很多事，我们只能慢慢才知道，原来现实如此的无奈；慢慢才知道...,否,,
爱好数据的老瞿,国家本源是教育 民族前途在儿童,否,,
长沙县百年检测室,科学管理，质量第一，诚实为本，顾客满意，争创百年质检品牌,否,,
冉安然然,,否,,
CQ文兴亮,摄影师,否,,
书点,活着无所追求，至死都会一无所有。,否,,
榆林微生活频道,认证：本地资讯博主（榆林）http://t.cn/RUmMhZ7,是,个人,
榆林日报,认证：榆林日报社官方微博,是,机构,
榆林本地资讯,认证： 本地资讯博主（榆林）http://t.cn/RUmMhZ7\n 资讯视频自媒体,是,个人,
耐榆林,认证：本地资讯博主（榆林）资讯视频博主 资讯视频自媒体,是,个人,
在定边,认证：本地资讯博主（定边）http://t.cn/RUmMhZ7 头条文章作者,是,个人,
陵城环境,认证：山东省德州市陵城区环境保护局官方微博,是,机构,
环保小伙子,基层环保人，正青春，在努力，绿水青山，蓝天白云，我们在行动...,否,,
AA青蛙王子,认证：知名旅游博主 头条文章作者 微博签约自媒体,是,个人,
流星溢莎,,否,,
淮北网事,淮北网上事，网上淮北事！,否,,
胡洋0539,,否,,
南京雨花台城管,认证：南京市雨花台区城管局官方微博,是,机构,
老土吧,,否,,
锡山经济技术开发区,认证：江苏省锡山经济技术开发区管委会官方微博,是,机构,
tc木子知日,成功只有一种，那就是用自己喜欢的方式度过一生。,否,,
拨云见晴空,认证：山东省公益环保联合会 职员 头条文章作者,是,个人,
一生俯首拜阳明ch,知行合一…,否,,
拾梦荒野,保卫那些年我们一起长大的地方,否,,
华夏参考,认证：前 中国网编辑,是,个人,
具见,认证：媒体人（西安）媒体人,是,个人,
兰州人说兰州事,认证：本地资讯博主（兰州）http://t.cn/RUmMhZ7,是,个人,
小明道,,否,,
落尘的孤鹰,Born to win,否,,
达州安监,认证：四川省达州市安全生产监督管理局官方微博,是,机构,
苗自在,知行合一，开放平和，500年盛世之开端。,否,,
逍遥的路人,再多牛逼的时光，也比不上一起傻逼的岁月！,否,,
开心银杏果,刘荣,否,,
果_核,,否,,
螺号12369,我们是山水画的传人，让青山绿水、蓝天白云与我们相伴。,否,,
谁在星辉斑斓里放歌,,否,,
江苏人社,认证：江苏省人力资源和社会保障厅官方微博,是,机构,
阿_豪zhan,人生如茶，起落浮沉就像这些茶叶，无论浮沉多久，最终还是会沉...,否,,
南海疾控中心,认证：广东省佛山市南海区疾病预防控制中心官方微博,是,机构,
南海公资办,认证：佛山市南海区公有资产管理办公室官方微博,是,机构,
南海卫生监督,认证：广东省佛山市南海区卫生监督所官方微博,是,机构,
蜜蜜wan,,否,,
彭州综合行政执法,认证：四川省彭州市综合行政执法局官方微博,是,机构,
StickEfforts,,否,,
教书匠滕维波,认证：知名教育博主 头条文章作者,是,个人,
古风同志,认证：《中国黑客》一书作者葛刚 资讯视频自媒体,是,个人,
自动化网官方微博,认证：自动化网www.zidonghua.com.cn官方微博,是,机构,
主编赵旭东,认证：当代商报社廉政法制周刊主编,是,个人,
蓬溪城市在线,认证：蓬溪城市在线网络工作室,是,机构,
Night-Demon,认证：豪圣电机（天津）有限公司采购管理,是,个人,
蒹葭之思g,,否,,
京局唐段_wangjunjie1990,认证：唐山市路南翼翔汽车服务有限公司员工,是,个人,
法治当涂,认证：安徽省马鞍山市当涂县法治宣传教育工作领导小组办公室官方微博,是,机构,
贵州人老王,活得自在点，够了。,否,,
煮酒论英雄999,大号被锁小号占时工作,否,,
银川规划,认证：宁夏银川市规划管理局官方微博,是,机构,
凤之城广元,认证：广元市互联网新闻发言人官方微博,是,机构,
青春广元,认证：四川省广元市团委官方微博,是,机构,
是桉树叶子,内圣外王,否,,
--听风起--,不管你有多着急，或者你有多害怕，我们现在都不能往前冲，冲出...,否,,
森然小木,,否,,
四个全面绿色生态,,否,,
鲁小梦,,否,,
南信环协,认证：南京信息工程大学环保协会官方微博,是,机构,
郊区派出所,认证：安徽省铜陵市公安局郊区派出所官方微博,是,机构,
国网淄博供电公司,认证：国网淄博供电公司 官方微博,是,机构,
高淳水务,认证：江苏省南京市高淳区水务局官方微博,是,机构,
株洲双面胶,认证：公益博主,是,个人,
七夜长离,天地自然团队成员 唯心而已,否,,
石门关驻军,知者不惑，仁者不忧，勇者不惧。,否,,
世事实说,新鲜事，不平事，事事发博！世间事，实话说，事事求证！,否,,
huang黄l,中君生态，,否,,
老康觀世界,老康輿情.時事熱點,否,,
西部快报,,否,,
西安老方A,认证：本地资讯博主（西安） 头条文章作者,是,个人,
记录陕西,认证：本地资讯博主（西安） 资讯视频自媒体,是,个人,
网事记忆,认证：陕西科技报社记者 资讯视频自媒体,是,个人,
三哥老乔,媒体人说社会事！,否,,
剑客执剑,认证：媒体人,是,个人,
大秦亮剑,认证：资讯视频自媒体,是,个人,
曝新闻,推动新时代中国特色社会主义思想深入人心,否,,
嗨皮的路路,完美,否,,
一带一路全国纺织援疆团东华分团,经天纬地援疆业，跋山涉水丝路情——一带一路全国大学生纺织援...,否,,
南京微交友,认证：本地资讯博主（南京）http://t.cn/RUmMhZ7,是,个人,
大厂在线,认证：本地资讯博主（南京）http://t.cn/RUmMhZ7 搞笑视频自媒体,是,个人,
大文豪松,FLeeing from dross.,否,,
好空气保卫侠,认证：北京市丰台区源头爱好者环境研究所好空气保卫侠,是,个人,
威海环境监察支队,认证：山东省威海市环境监察支队官方微博,是,机构,
土人在北京,,否,,
绿箭口香糖不是易达,认证：芜湖新兴铸管有限责任公司业务经理,是,个人,
清远市绿色家园环保服务中心,认证：清远市绿色家园环保服务中心,是,机构,
济南公安党家庄派出所,认证：山东省济南市公安局市中区分局党家庄派出所官方微博,是,机构,
Carol---2011,路在脚下延伸……每个清晨满是新鲜和幸福感,否,,
肥肉君滚蛋,🎂想拥有一家自己的烘焙屋🎂,否,,
威海市环境监控中心,认证：山东省威海市环境宣教信息中心官方微博,是,机构,
福建莆田消防,认证：福建省莆田市公安消防支队官方微博,是,机构,
荆楚网,认证：荆楚网官方微博,是,机构,
小淘气_VV,,否,,
我不说话不然会显得很多余,往事不提，前事不计。,否,,
晋江交警东石中队,认证：福建省晋江市公安局交通管理大队东石中队官方微博,是,机构,
黄酒缸边闻酒香,,否,,
石河子发布,认证：新疆石河子市政府宣传部官方微博,是,机构,
中国昆曲博物馆-苏州评弹博物馆,认证：苏州戏曲博物馆（中国昆曲博物馆、苏州评弹博物馆）,是,机构,
到底起个什么名字昵,认证：南京雅鼎工业设备有限公司 创始人,是,个人,
程诚环保,认证：南京维克环保科技有限公司官方微博,是,机构,
环保-杨忠刚,认证：南京微博名人汇成员北京天工和一环保科技公司总经理兼技术总监 头条文章作者,是,个人,
_静言思之_,"Too Young To Die, Too Old To Cry",否,,
庆舞飞扬85,始于心动，终于白首，,否,,
也是万里马空间,,否,,
吃饺子蘸蒜泥,胡言乱语是要承担后果的。,否,,
斯巴-达克斯,,否,,
新浪广东湛江,认证：新浪广东湛江官方微博,是,机构,
湛江海关12360服务热线,认证：湛江海关12360服务热线官方微博,是,机构,
遗忘的剧情lyp,认证：中国平安人寿保险股份有限公司济南分公司保险代理李言鹏,是,个人,
大亚湾文明,,否,,
-大枣庄-,认证：本地资讯博主（枣庄）资讯视频博主,是,个人,
邓州身边事,认证：本地资讯博主（邓州）#邓州#超级话题主持人 资讯视频博主,是,个人,
蚌埠公安交警在线,认证：安徽省蚌埠市交警支队,是,机构,
池州风土人情,认证：本地资讯博主（池州）http://t.cn/RUmMhZ7 美食视频自媒体,是,个人,
污染调查团队,专注于企业污染调研、环保公众参与和环境问题的社会化,否,,
李从玉_Jimmy,认证：人民日报人民论坛杂志社创投事业部主任,是,个人,
钊财张_盘子,,否,,
小小回来了,,否,,
没有伞的男孩要努力奔跑,,否,,
新浪河南城市频道,认证：新浪河南政府项目部官方微博,是,机构,
四川经济日报,认证：四川经济日报官方微博,是,机构,
洞庭湖中常潜水,,否,,
馬沐酥,"""口的活""脱口秀 ""口活""兄弟团成员 ...",否,,
AI陕西,认证：各界导报社记者 头条文章作者,是,个人,
现代商贸工业杂志社,认证：《现代商贸工业》杂志,是,机构,
CUMT大学生世纪环保组织,认证：中国矿业大学大学生世纪环保组织官方微博,是,机构,
山-爵,认证：烟台荣升船舶工程有限公司法人代表,是,个人,
西安一套,认证：西安广播电视台一套新闻综合频道,是,个人,
白鸢子,,否,,
元宝不是财迷,认证：团中央网络影视中心少先队工作部部长,是,个人,
SUPERVOLENTINO,,否,,
舜汝霏锐宜worker,,否,,
新疆消防,认证：新疆消防总队官方微博,是,机构,
武汉旅游车队,承接武汉旅游大巴车包车业务，电话☎15697163238.车型：18座33...,否,,
wyc718,Derrick最无敌,否,,
无线的思念Miss乔,我是草，所以比鲜花更努力生长！,否,,
魅力灵山湾,认证：本地资讯博主（青岛）http://t.cn/RUmMhZ7,是,个人,
电力终端服务,暴走小屠夫,否,,
中石化中原油田,认证：中国石化中原油田官方微博,是,机构,
clear加油,,否,,
中南公司工会,,否,,
方片7,认证：去哪儿聪明旅行家 云微签约星达人,是,个人,
法制新闻卫士,依法治国践行者 法制媒体记者,否,,
1943春暖花开又一年,认证：中国作家协会吉林分会 会员,是,个人,
滁州治安在线,滁州治安在线由滁州市公安局治安管理支队主办，发布全市治安信...,否,,
中1班,认证：四川大学教师,是,个人,
主播杨俊轩,CNET|华娱时代文化总经理;SRT|四川广播电视台主持人;Golba Mod...,否,,
莒县运维办事处,,否,,
金三角食尚,认证：中国食品报社 记者,是,个人,
广州志愿者绿源环保小组,社会志愿服务组织,否,,
雨落了又停,,否,,
金庸一山,金庸君-冲,否,,
西南工程测井分公司,,否,,
看风景的吃瓜群众,,否,,
两九儿藤下饮马,噗呲，噗呲,否,,
广安119在线,认证：广安市公安消防支队官方微博,是,机构,
流溪生态保护中心,认证：广州市海珠区流溪生态保护中心官方微博,是,机构,
JUPITER任,没有人能阻挡FGW,否,,
粉情可待成追忆,"以花为貌,以鸟为声,以月为神,以柳为态,以玉为骨,以冰雪为肤,以...",否,,
2016西安创业大赛,认证：2016西安创业大赛官方微博,是,机构,
惠州科技,认证：惠州市科学技术局官方微博,是,机构,
顺德城市网,认证：地方网站顺德城市网(www.shundecity.com)官方微博,是,机构,
鍂镲,一个电商创业者、散户股民、价值投资者,否,,
,,,,
,,,,
,,,,
,,,,
,,,,
,,,,
,,,,
,,,,
,,,,
,,,,
,,,,
,,,,
,,,,
,,,,
,,,,
,,,,
,,,,
,,,,
,,,,
,,,,
,,,,
,,,,
,,,,
,,,,
,,,,
,,,,
,,,,
,,,,
,,,,
,,,,
,,,,
,,,,
,,,,
,,,,
,,,,
,,,,
,,,,
,,,,
,,,,
,,,,
,,,,
,,,,
,,,,
,,,,
,,,,
,,,,
,,,,
,,,,
,,,,
,,,,
,,,,
,,,,
,,,,
,,,,
,,,,
,,,,
,,,,
,,,,
,,,,
,,,,
,,,,
,,,,
,,,,
,,,,
,,,,
,,,,
,,,,
,,,,
,,,,
,,,,
,,,,
,,,,
,,,,
,,,,
,,,,
,,,,
,,,,
,,,,
,,,,
,,,,
,,,,
,,,,
,,,,
,,,,
,,,,
,,,,
,,,,
,,,,
,,,,
,,,,
,,,,
,,,,
,,,,
,,,,
,,,,
,,,,
,,,,
,,,,
,,,,
,,,,
,,,,
,,,,
,,,,
,,,,
,,,,
,,,,
,,,,
,,,,
,,,,
,,,,
,,,,
,,,,
,,,,
,,,,
,,,,
,,,,
,,,,
,,,,
,,,,
,,,,
,,,,
,,,,
,,,,
,,,,
,,,,
,,,,
,,,,
,,,,
,,,,
,,,,
,,,,
,,,,
,,,,
,,,,
,,,,
,,,,
,,,,
,,,,
,,,,
,,,,
,,,,
,,,,
,,,,
,,,,
,,,,
,,,,
,,,,
,,,,
,,,,
,,,,
,,,,
,,,,
,,,,
,,,,
,,,,
,,,,
,,,,
,,,,
,,,,
,,,,
,,,,
,,,,
,,,,
,,,,
,,,,
,,,,
,,,,
,,,,
,,,,
,,,,
,,,,
,,,,
,,,,
,,,,
,,,,
,,,,
,,,,
,,,,
,,,,
,,,,
,,,,
,,,,
,,,,
,,,,
,,,,
,,,,
,,,,
,,,,
,,,,
,,,,
,,,,
,,,,