ǷӦ,˺,,,,ת,ʱ,,漰ҵ,Ƿת,ת,ת,@˺,@˺,,ظ˺,ظ,,,ת,ʱ,,漰ҵ,Ƿת,ת,ת,@˺
0,----,ӦȾصҵм飬ɼ޹˾ϳͣʩת@ʻ @𻷱 ʡ ,0,0,0,2017/1/1 10:02,https://weibo.cn/comment/EoM8ouRav?uid=5158347591&rl=1#cmtfrm,ɼ,,,,@ʻ@𻷱,2,,,,,,,,,,,,,
0,Ǯˮţ,˿̣ҼҳϵĴȥľ󡣼ʹȫˣŵɽǸշ糧ŷŵζϵ硣2017Ԫ챾Ǹ죬ǲҿΪ϶Ҫ@ݻ@ɽ@ɽ ,3,8,3,2017/1/1 12:30,https://weibo.cn/comment/EoN6gf2Vm?uid=1686413833&rl=1#cmtfrm,ɽ糧,,,,@ݻ@ɽ@ɽ,2,,,,,,,,,,,,,
0,ν,ൺţַſڣǲ···ڣ̵ƻˣС̫ͣϱ򶫷ˡᳵС޺á@ൺͨ㲥FM897 @ൺ @ൺ罨 ,1,2,2,2017/1/2 15:57,https://weibo.cn/comment/EoXT2vFzw?uid=5849512791&rl=1#cmtfrm,ൺ,,,,@ൺͨ㲥FM897@ൺ@ൺ罨,1,,,,,,,,,,,,,
0,PECC-LN,㽭̫ؿӡȾ޹˾㽭ʡҵмƽ̨ʾPHʾδﵽŷű׼ @ ע  @㽭 @- ˵ @ɫϹڻע @εͼ#εͼ# @PECC-LiJ @PECC-׷ ,0,1,2,2017/1/3 10:36,https://weibo.cn/comment/Ep5d8qGRQ?uid=5907562386&rl=1#cmtfrm,㽭̫ؿӡȾ,,,,@@㽭@-@ɫϹڻע@εͼ,2,,,,,,,,,,,,,
0,ɫذ,2017010311㣬±ˮ޹˾߼ݣϣŷŨȸߵҵ˵#εͼ# @ עҵ˵@ @ڻ http://t.cn/RI32lCR ,0,0,0,2017/1/3 11:04,https://weibo.cn/comment/Ep5oxxOpc?uid=5462407856&rl=1#cmtfrm,±ˮ,,,,@@@ڻ,1,,,,,,,,,,,,,
0,ɫذ,2017010311㣬ӳʯú޹˾߼ݣϣŷŨȸߵҵ˵#εͼ# @ עӳŸ˵@ @ڻ @̱ http://t.cn/RVlF3jl ,0,0,0,2017/1/3 11:07,https://weibo.cn/comment/Ep5pNi1QX?uid=5462407856&rl=1#cmtfrm,ӳʯ(),,,,@@@ڻ@̱,1,,,,,,,,,,,,,
0,ɫذ,2017010311㣬ӳʯú޹˾߼ݣϣŷŨȸߵҵ˵#εͼ# @ עӳŸ˵@ @ڻ @̱ http://t.cn/RVlF3jl ,0,0,0,2017/1/3 11:07,https://weibo.cn/comment/Ep5pNi1QX?uid=5462407856&rl=1#cmtfrm,ӳʯͣţ,,,,@@@ڻ@̱,1,,,,,,,,,,,,,
0,ɫذ,2017010311㣬ӳʯú޹˾߼ݣϣŷŨȸߵҵ˵#εͼ# @ עӳŸ˵@ @ڻ @̱ http://t.cn/RVlF3jl ,0,0,0,2017/1/3 11:07,https://weibo.cn/comment/Ep5pNi1QX?uid=5462407856&rl=1#cmtfrm,ӳʯ,,,,@@@ڻ@̱,1,,,,,,,,,,,,,
0,ɫذ,2017010311㣬ӳʯú޹˾߼ݣϣŷŨȸߵҵ˵#εͼ# @ עӳŸ˵@ @ڻ @̱ http://t.cn/RVlF3jl ,0,0,0,2017/1/3 11:07,https://weibo.cn/comment/Ep5pNi1QX?uid=5462407856&rl=1#cmtfrm,ӳʯú,,,,@@@ڻ@̱,1,,,,,,,,,,,,,
0,йʯ˾,ͬġʯҺôǮˡ ,31,22,36,2017/1/3 13:33,https://weibo.cn/comment/EoVtb8HFn?rl=1#cmtfrm,йʯ,1,MM,ת:һֹ֣ɽկ//@ʯʵ˵: һҪͿɽկ[doge]//@˷Բ: ɽկ,@ʯʵ˵@˷Բ,1,,,,,,,,,,,,,
0,ũ,#ֱũ# μлΪμӴϡˮԱв۵شĶƻС׵ũ￹Լ붬ӿܵũˮʩ衣ͼΪе򾮶Ϊ֦ʰʷӦ   @μϷ ,0,0,0,2017/1/3 14:35,https://weibo.cn/comment/Ep6LTdcSI?uid=2866700814&rl=1#cmtfrm,μˮ,,,,@μϷ,1,,,,,,,,,,,,,
0,PECC-LN,ˮҵ޹˾ˮֹ˾ڽʡϢƽ̨ʾPHʾճŷţ @ @л ˵ @ɫϹڻע @εͼ#εͼ# @PECC-LiJ ,0,1,2,2017/1/3 16:28,https://weibo.cn/comment/Ep7w0qWIB?uid=5907562386&rl=1#cmtfrm,ʡˮҵ,,,,@@л@ɫϹڻע@εͼ,2,,,,,,,,,,,,,
0,PECC-LN,ˮҵ޹˾ˮֹ˾ڽʡϢƽ̨ʾPHʾճŷţ @ @л ˵ @ɫϹڻע @εͼ#εͼ# @PECC-LiJ ,0,1,2,2017/1/3 16:28,https://weibo.cn/comment/Ep7w0qWIB?uid=5907562386&rl=1#cmtfrm,ˮҵ,,,,@@л@ɫϹڻע@εͼ,2,,,,,,,,,,,,,
0,PECC-LN,ˮҵ޹˾ˮֹ˾ڽʡϢƽ̨ʾPHʾճŷţ @ @л ˵ @ɫϹڻע @εͼ#εͼ# @PECC-LiJ ,0,1,2,2017/1/3 16:28,https://weibo.cn/comment/Ep7w0qWIB?uid=5907562386&rl=1#cmtfrm,ǻˮҵ,,,,@@л@ɫϹڻע@εͼ,2,,,,,,,,,,,,,
0,,ʡָȾӦӦվ-ɽơ޹˾@ʻ @ɽ ,1,0,0,2017/1/3 16:46,https://weibo.cn/comment/Ep7D9kveo?uid=3800461974&rl=1#cmtfrm,ɽơ,,,,@ʻ@ɽ,2,,,,,,,,,,,,,
0,ˮħ,˵ů ۾Ҫ鹩ů ھ˵  ö ԰ǵ˭ ůѱȱ˱ ÿ궼   ⲻһ ݻмܲ ů#ׯ##ׯԴȵ޹˾[ص]# @ձ @ @³ׯվ @ׯ @ס @ׯ @³΢ @ @ձ http://t.cn/R2Wiknl,0,2,0,2017/1/3 21:26,https://weibo.cn/comment/Ep9sOccN6?uid=2797460577&rl=1#cmtfrm,Դȵ,,,,@ձ@@³ׯվ@ׯ@ס@ׯ@³΢@@ձ,1,,,,,,,,,,,,,
0,ػʵͬǻ,#ػʵ# ػʵĿ ĿڽСǰӱʡί2016ͨĿƻػʵй踧ˮġͷׯӹĿ20߷ƻָꡣ˽⣬ػʵй8Ŀ150߷ƻָ꣬ĸĿ80ѾͶҲѿ裬2017꽨ɴ@ػʵ,6,8,9,2017/1/3 22:33,https://weibo.cn/comment/Ep9Ug1JSP?uid=1787436885&rl=1#cmtfrm,ػʵ,,,,@ػʵ,1,,,,,,,,,,,,,
0,񷻨ŪӰ,@ɽ @ɽЩ¶ @ɽƵ @ʰ @ɽ߷ @ɽ  ɽʡׯհɷ޹˾Żˮչ˾ȾﻷŪ٣׿飬ףᣬؽ ,0,0,49,2017/1/4 0:50,https://weibo.cn/comment/EpaNPaiC2?uid=5611333720&rl=1#cmtfrm,ɽհɷ,,,,@ɽ@ɽЩ¶@ɽƵ@ʰ@ɽ߷@ɽ,1,,,,,,,,,,,,,
0,ɫ֮,@̨л @㽭 @񻷻 ܹʵɷ޹˾񻷵糧ﳬ0.59ע ,0,1,0,2017/1/4 8:54,https://weibo.cn/comment/EpdYdts3B?uid=2768331107&rl=1#cmtfrm,ܹʵɷ,,,,@̨л@㽭@񻷻,2,,,,,,,,,,,,,
0,մtulip,@ڻ @ 2017010416㣬±ˮ޹˾߼ݣϣŷŨȸߵҵ˵#εͼ#http://t.cn/RI32lCR ,2,5,18,2017/1/4 16:31,https://weibo.cn/comment/EpgXGeyoJ?uid=2267361792&rl=1#cmtfrm,±ˮ,,,,@ڻ@,1,,,,,,,,,,,,,
0,մtulip,@ @ڻ 2017010416㣬ˮι˾߼ݣϣŷŨȸߵҵ˵#εͼ#http://t.cn/RVVnwZX ,0,1,1,2017/1/4 16:32,https://weibo.cn/comment/EpgY6y6Ut?uid=2267361792&rl=1#cmtfrm,ˮ,,,,@@ڻ,1,,,,,,,,,,,,,
0,ɣ˹ӣ,2017010416㣬Ȫˮι˾߼ݣϣŷŨȸߵҵ˵#εͼ# http://t.cn/RMA0JvTʡ־Ըϻ @ ,0,0,0,2017/1/4 16:56,https://weibo.cn/comment/Eph7UmedM?uid=2805183624&rl=1#cmtfrm,Ȫˮ,,,,@,1,,,,,,,,,,,,,
0,ɣ˹ӣ,2017010416㣬±ˮ޹˾߼ݣϣŷŨȸߵҵ˵#εͼ# http://t.cn/RI32lCR @ ,0,0,0,2017/1/4 16:57,https://weibo.cn/comment/Eph8lgYgj?uid=2805183624&rl=1#cmtfrm,±ˮ,,,,@,1,,,,,,,,,,,,,
0,PECC-LN,ɽǧˮ޹˾ڽʡҵмƽ̨ʾ䰱ʾճŷš @ ע  @ջ @12345 @ݻ  ˵ @ɫϹڻע @εͼ#εͼ# @PECC-LiJ @PECC-׷ ,0,7,21,2017/1/5 9:19,https://weibo.cn/comment/EpnyHDtIc?uid=5907562386&rl=1#cmtfrm,ɽǧˮ,,,,@@ջ@12345@ݻ@ɫϹڻע@εͼ,1,,,,,,,,,,,,,
0,PECC-LN,ɽǧˮ޹˾ڽʡҵмƽ̨ʾ䰱ʾճŷš @ ע  @ջ @12345 @ݻ  ˵ @ɫϹڻע @εͼ#εͼ# @PECC-LiJ @PECC-׷ ,0,7,21,2017/1/5 9:19,https://weibo.cn/comment/EpnyHDtIc?uid=5907562386&rl=1#cmtfrm,ɽˮ˾,,,,@@ջ@12345@ݻ@ɫϹڻע@εͼ,1,,,,,,,,,,,,,
0,ƽ,@ɳط @ɳعֽ_ƽ365 ÿ·˼ƼſͣܶؿͣҪǻͣ·ϣһͶ³ϣزſһ¡ ,0,5,1,2017/1/5 10:00,https://weibo.cn/comment/EpnPkmLTN?uid=2260725712&rl=1#cmtfrm,˼Ƽ(ɳ),,,,@ɳط@ɳعֽ_ƽ365,2,,,,,,,,,,,,,
0,ƽ,@ɳط @ɳعֽ_ƽ365 ÿ·˼ƼſͣܶؿͣҪǻͣ·ϣһͶ³ϣزſһ¡ ,0,5,1,2017/1/5 10:00,https://weibo.cn/comment/EpnPkmLTN?uid=2260725712&rl=1#cmtfrm,˼Ƽɳ,,,,@ɳط@ɳعֽ_ƽ365,2,,,,,,,,,,,,,
0,PECC-LN,־ӡȾ޹˾㽭ʡҵмƽ̨ʾ䰱ʾԳŷţ @ ע  @㽭 @- ˵ @ɫϹڻע @εͼ#εͼ# @PECC-LiJ @PECC-׷ ,0,1,2,2017/1/5 10:53,https://weibo.cn/comment/Epoba0QNN?uid=5907562386&rl=1#cmtfrm,־ӡȾ,,,,@@㽭@-@ɫϹڻע@εͼ,2,,,,,,,,,,,,,
0,,@̩ #ж#Ķֽ̩̩ҵ޹˾2017һ豸ȶֳ ,3,3,12,2017/1/5 15:05,https://weibo.cn/comment/EppP9sSvw?uid=3542106147&rl=1#cmtfrm,ֽ̩̩ҵ,,,,@̩,1,,,,,,,,,,,,,
0,ũ,1231ռˮȾתˮѹСˮ޷31ա1һֻסƵꡢͲͣˮѹ6죬Ͼˮ96055Ͷ߱ޣù˾ظã̬ȲϡҲ12345ͶˣδҸô죿[ץ]@Ͼ @Ͼйˮˮ @Ͼ @Ͼˮ ,0,5,1,2017/1/5 15:28,https://weibo.cn/comment/EppYosyk5?uid=1403979737&rl=1#cmtfrm,Ͼˮ,,,,@Ͼ@Ͼйˮˮ@Ͼ@Ͼˮ,2,,,,,,,,,,,,,
0,·γ·,17:10ң104ׯ·ɽˮ೧ſڣ³A386F1۾Ͱ㵽[Цcry]@Ͻ ,1,0,0,2017/1/5 17:13,https://weibo.cn/comment/EpqFiwCsq?uid=1885802215&rl=1#cmtfrm,ɽˮ೧,,,,@Ͻ,1,,,,,,,,,,,,,
0,PECC-LN,ϺԴɷ޹˾糧 ȵֳ ڽʡҵмƽ̨ʾ8# λ ʾճŷš @ע @ջ @ݻ ˵@ɫϹڻע @εͼ#εͼ#  @PECC-LiJ @PECC-׷ ,1,6,16,2017/1/6 10:45,https://weibo.cn/comment/Epxy729l3?uid=5907562386&rl=1#cmtfrm,ϺԴɷ,,,,@ע@ջ@ݻ@ɫϹڻע@εͼ,2,,,,,,,,,,,,,
0,IPE_ɫ,ͶͶʹɷ޹˾600864.SHӹ˾걦ȵ޹˾ںʡصҵмϢƽ̨ʾ̳̳꣬λIPE61 12.1-12.15й˾ʾһҲȥ11лġȾӳҵ@ ע@ ˵@εͼ,0,0,2,2017/1/6 11:33,https://weibo.cn/comment/EpxRF46Yr?uid=1771847715&rl=1#cmtfrm,ȵ,,,,@@@εͼ,1,,,,,,,,,,,,,
0,IPE_ɫ,ͶͶʹɷ޹˾600864.SHӹ˾걦ȵ޹˾ںʡصҵмϢƽ̨ʾ̳̳꣬λIPE61 12.1-12.15й˾ʾһҲȥ11лġȾӳҵ@ ע@ ˵@εͼ,0,0,2,2017/1/6 11:33,https://weibo.cn/comment/EpxRF46Yr?uid=1771847715&rl=1#cmtfrm,ͶͶʹɷ,,,,@@@εͼ,1,,,,,,,,,,,,,
0,IPE_ɫ,ͶͶʹɷ޹˾600864.SHӹ˾걦ȵ޹˾ںʡصҵмϢƽ̨ʾ̳̳꣬λIPE61 12.1-12.15й˾ʾһҲȥ11лġȾӳҵ@ ע@ ˵@εͼ,0,0,2,2017/1/6 11:33,https://weibo.cn/comment/EpxRF46Yr?uid=1771847715&rl=1#cmtfrm,걦ȵ,,,,@@@εͼ,1,,,,,,,,,,,,,
0,մtulip,@ڻ @ 2017010614㣬ˮι˾߼ݣϣŷŨȸߵҵ˵#εͼ#http://t.cn/RVVnwZX ,0,0,0,2017/1/6 14:31,https://weibo.cn/comment/Epz1MsQvc?uid=2267361792&rl=1#cmtfrm,ˮ,,,,@ڻ@,1,,,,,,,,,,,,,
0,PECC-LN,ƽˮ޹˾ʡصҵϢƽ̨ʾ̳ʾճŷţ @ ע @ @μл ˵@ɫϹڻע @εͼ #εͼ# @PECC-LiJ @PECC-׷ ,1,1,25,2017/1/6 15:11,https://weibo.cn/comment/EpziggQis?uid=5907562386&rl=1#cmtfrm,ƽˮ,,,,@@@μл@ɫϹڻע@εͼ,2,,,,,,,,,,,,,
0,IPE_ɫ,ʻŹɷ޹˾601718.SHȫӹ˾ʻӡȾ޹˾ԭ差ӡȾι˾ںʡҵмϢƽ̨ʾCOD꣬ڹȥĸϰIPEй˾ʾhttp://t.cn/RMbYiQXҲȥ11лġ2016һҪȾŷسĹصҵ@ ע@ ˵@εͼ,0,0,16,2017/1/6 15:24,https://weibo.cn/comment/EpznEcTgN?uid=1771847715&rl=1#cmtfrm,ʻӡȾ,,,,@@@εͼ,1,,,,,,,,,,,,,
0,ׯ΢,ʯׯ8ʡִũҵ԰ǰӱʡڶʡִũҵ԰ѡʯׯ¹Ȫֱҵִũҵ԰ƽɽִũҵ԰8ũҵ԰԰ɻһϵߡʽ𡢴֡Ŀǰʯׯʡִũҵ԰11Դ/@ʯׯ ,11,2,1,2017/1/6 15:28,https://weibo.cn/comment/Epzp8mhB7?uid=1629898120&rl=1#cmtfrm,ʯׯֱҵ,,,,@ʯׯ,1,,,,,,,,,,,,,
0,˹David,Է´ˮ깤·滹ûָӲʺʱã@ˮ @ˮ ڡԷ´ ,0,0,0,2017/1/6 17:14,https://weibo.cn/comment/EpA5YzxpR?uid=2838504602&rl=1#cmtfrm,ˮ񣨼ţ,,,,@ˮ@ˮ,1,,,,,,,,,,,,,
0,,ٱշվʽͨ! @ @籦 @ƽ @ @籦Ļ @ҵٲ http://t.cn/RMbDMRS ,1,0,0,2017/1/6 17:34,https://weibo.cn/comment/EpAegpgdb?uid=2175004192&rl=1#cmtfrm,ҵ,,,,@@籦@ƽ@@籦Ļ@ҵٲ,3,,,,,,,,,,,,,
0,εͼ,ƽˮ޹˾ʡصҵϢƽ̨ʾ̳ʾճŷţ @ ע @ @μл ˵@ɫϹڻע @εͼ #εͼ# @PECC-LiJ @PECC-׷ ,3,1,23,2017/1/6 17:53,https://weibo.cn/comment/EpziggQis?rl=1#cmtfrm,ƽˮ,1,PECC-LN,ת:ƽˮ޹˾̳,@@@μл@ɫϹڻע@εͼ,2,,,,,,,,,,,,,
0,˵,2017010622㣬Ȫˮι˾߼ݣϣŷŨȸߵҵ˵#εͼ#http://t.cn/RIQVek2 @ @п챨 ,0,0,0,2017/1/6 22:01,https://weibo.cn/comment/EpBYLB1gW?uid=5838283414&rl=1#cmtfrm,Ȫˮ,,,,@@п챨,1,,,,,,,,,,,,,
0,鷳,뱱200ΪȾʧĴׯ200ɽ͡壬ΪӵͼʧˡԴ2003𱻸ΧȾ˵Ĵ໼Ѫ˨Ĺ춽ͣҹ͵͵ϰԸǰңܰߵĶˡƵhttp://t.cn/RMqDxx0,0,2305,0,2017/1/7 13:31,https://weibo.cn/comment/EpHRogngq?rl=1#cmtfrm,ɳּ,1,¾,,@ջ@Ͼ@,2,,,,,,,,,,,,,
0,˵,2017010723㣬Ȫˮι˾߼ݣϣŷŨȸߵҵ˵#εͼ#http://t.cn/RIQVek2 @ @п챨 @Ȫݹ˾ֳ @Ȫ ,0,0,0,2017/1/7 23:40,https://weibo.cn/comment/EpM3hqTJe?uid=5838283414&rl=1#cmtfrm,Ȫˮ,,,,@@п챨@Ȫݹ˾ֳ@Ȫ,2,,,,,,,,,,,,,
0,Gondora,@人 2017010822㣬人ι˾߼ݣϣŷŨȸߵҵ˵#εͼ#http://t.cn/RIS42dW ,0,0,0,2017/1/8 22:56,https://weibo.cn/comment/EpVbLhwG3?uid=2694907815&rl=1#cmtfrm,人,,,,@人,1,,,,,,,,,,,,,
0,Gondora,@人 2017010822㣬人гˮչ޹˾̶ˮ߼ݣϣŷŨȸߵҵ˵#εͼ#http://t.cn/RMfMqBw ,0,0,0,2017/1/8 22:57,https://weibo.cn/comment/EpVcaFIcf?uid=2694907815&rl=1#cmtfrm,人гˮչ,,,,@人,1,,,,,,,,,,,,,
0,ChokLinWu,@гй @΢ @ˮ @Ϸձڹ۲ бɳֵ·ÿ賿ʩ޴ȾӰϢûܹܹܣ Ƶ . ,2,0,0,2017/1/9 1:37,https://weibo.cn/comment/EpWfn26PT?uid=2461855841&rl=1#cmtfrm,Ϸˮ,,,,@гй@΢@ˮ@Ϸձڹ۲,3,,,,,,,,,,,,,
0,PECC-LN,ɫι˾ڽʡϢƽ̨ʾCODʾճŷţ @ ע @ @л ˵ @ɫϹڻע @εͼ#εͼ# @PECC-LiJ ,0,0,3,2017/1/9 14:16,https://weibo.cn/comment/Eq1dduMhQ?uid=5907562386&rl=1#cmtfrm,ɫ,,,,@@@л@ɫϹڻע@εͼ,2,,,,,,,,,,,,,
0,XINGE67695,2017010917㣬걦ȵ޹˾߼ݣϣŷŨȸߵҵ˵#εͼ# http://t.cn/RVJj2o7 @ ,0,0,0,2017/1/9 17:50,https://weibo.cn/comment/Eq2CcreiM?uid=5910164982&rl=1#cmtfrm,걦ȵ,,,,@,1,,,,,,,,,,,,,
0,PECC-LN,㽭ӡȾ޹˾㽭ʡҵмƽ̨ʾPHʾδﵽŷű׼ @ ע  @㽭 @- ˵ @ɫϹڻע @εͼ#εͼ# @PECC-LiJ ,0,2,2,2017/1/10 10:53,https://weibo.cn/comment/Eq9jiEEvD?uid=5907562386&rl=1#cmtfrm,㽭ӡȾ,,,,@@㽭@-@ɫϹڻע@εͼ,2,,,,,,,,,,,,,
0,˾,"##ȵ糧̳߳346ɹŴҵι˾ȵܳϽ㱱мȵֳ,ֳ̨ȹ¯@˾@12348@˾ ",0,0,0,2017/1/10 15:00,https://weibo.cn/comment/EqaVwebyy?uid=3969779338&rl=1#cmtfrm,ɹŴҵ,,,,@˾@12348@˾,3,,,,,,,,,,,,,
0,PECC-LN,ƽ̩ʳƷ޹˾ɽʡصҵԶϢƽ̨ʾCODʾճŷš @ ע @ɽ @̩ ˵@ɫϹڻע @εͼ#εͼ# @PECC-LiJ ,0,2,7,2017/1/10 16:25,https://weibo.cn/comment/Eqbu1k2oP?uid=5907562386&rl=1#cmtfrm,ƽ̩ʳƷ,,,,@@ɽ@̩@ɫϹڻע@εͼ,2,,,,,,,,,,,,,
0,PECC-LN,гۺˮ޹˾ڽʡҵмƽ̨ʾCODʾԳŷš @ ע @ջ @ @ ˵@ɫϹڻע @εͼ#εͼ# @PECC-LiJ ,0,2,2,2017/1/11 9:20,https://weibo.cn/comment/Eqi8maL0q?uid=5907562386&rl=1#cmtfrm,гۺˮ,,,,@@ջ@@@ɫϹڻע@εͼ,3,,,,,,,,,,,,,
0,PECC-LN,㽭ӡȾ޹˾㽭ʡҵмƽ̨ʾ䰱ʾճŷţ @ ע  @㽭 @- ˵ @ɫϹڻע @εͼ#εͼ# @PECC-LiJ ,0,1,3,2017/1/11 10:24,https://weibo.cn/comment/Eqiy3FQvn?uid=5907562386&rl=1#cmtfrm,㽭ӡȾ,,,,@@㽭@-@ɫϹڻע@εͼ,2,,,,,,,,,,,,,
0,PECC-LN,Ͳȵ޹˾ 4Ź¯ŷſڣɽʡصҵмϢƽ̨ʾ䵪ʾճŷš @ ע @ɽ @Ͳ ˵@ɫϹڻע @εͼ#εͼ# @PECC-LiJ ,0,2,2,2017/1/11 16:09,https://weibo.cn/comment/EqkOknvZL?uid=5907562386&rl=1#cmtfrm,Ͳȵ,,,,@@ɽ@Ͳ@ɫϹڻע@εͼ,2,,,,,,,,,,,,,
0,ϷA,#2016̳й۲# #ӵ#˵Ŀǰķǵ¹װ2700ǧߡѾйḻķԴɹţڸĺԼ½ȵزһϵгǧһǧǧߵĴͷأڽ¹ΪķϷԼ½;Уţأ³³ľһ·ϾͼгƼ޹˾ֱŷڱɫյӳ£ɶУɷӭǳ׳ۡƷµ˿֮·ϰȻͦĿ@@@@@̱@@ý@@#ⱨ@ҫ,4,4,3,2017/1/11 19:23,https://weibo.cn/comment/Eqm4RcIyX?uid=1596987345&rl=1#cmtfrm,ɹ϶,,,,@@@@@̱@@ý@@@ҫ,1,,,,,,,,,,,,,
0,ɫذ,2017011210㣬ͭ˽޹˾߼ݣϣŷŨȸߵҵ˵#εͼ# @ @ http://t.cn/RM5l9Nn ,0,0,0,2017/1/12 10:17,https://weibo.cn/comment/EqrVW2mNv?uid=5462407856&rl=1#cmtfrm,ͭ˽,,,,@@,1,,,,,,,,,,,,,
0,,ųţ#һĿȻ# //http://t.cn/RMSaV0e (@Ѻſͻ) // ,0,1,0,2017/1/12 11:14,https://weibo.cn/comment/Eqscjl7Qo?rl=1#cmtfrm,ȵ,1,,,@Ѻſͻ@ջ@㽭,2,,,,,,,,,,,,,
0,ƽ,#(#ǹl\:2AeqMG0l,ǹl\:2Aeq*ZUUZ:' ~ӄ Q,4O@̄~ӱ({N(̄-l\:~ca18m ,x@4O40a0IIIII~ӂp,,ZM,Z;e0MG>QZ;Ѱ'Ga10(qSa4O\::Ucnabd ٛ\:(S0Es_̗̄Sǆ10,@}nĚaӹZ>2020C'ыG١UMww@1(IQKa1$,Z;/? ݤ:/t (
uS?Sٛф݋E(z4aӦU-WU0( A
d'0/aٗ$ջ/	e' *!@Uݣ͵͵Ծͳԭй©ȱֶΣԭȾ񡰶òǣһֱѡΪҪΣȴһֱڡ̸ֽѵĲ֪ЩƵĻ¹ڻˮȾԼ̸μгضںץ⣬һҪϡ𡭡ҵʿԭȾŶ޷ԭ򡭡붨߻ųһ!@,1,0,0,2017/1/12 12:11,https://weibo.cn/comment/EqsFVeQhU?uid=3772527774&rl=1#cmtfrm,ֹ˾ͳ,,,,@,1,,,,,,,,,,,,,
0,,#TI#ǹl\:2Aeq     MG0l,ǹl\:2Aeq*ZUUZ:' ~ӄ Q,4O@̄~ӱ({N(̄-l\:~ca18m ,x@4O40a0IIIII~ӂp,,ZM,Z;e0MG>QZ;Ѱ'Ga10(qSa4O\::Ucnabd ٛ\:(S0Es_̗̄Sǆ10,@}nĚaӹZ>2020C'ыG١UMww@1(IQKa1$,Z;/? ݤ:/t (
uS?Sٛф݋E(z4aӦU-WU0( A
d'0/aٗ$ջ/	e' *!@Uݣ͵͵Ծͳԭй©ȱֶΣԭȾ񡰶òǣһֱѡΪҪΣȴһֱڡ̸ֽѵĲ֪ЩƵĻ¹ڻˮȾԼ̸μгضںץ⣬һҪϡ𡭡ҵʿԭȾŶ޷ԭ򡭡붨߻ųһ!@,0,0,0,2017/1/12 12:18,https://weibo.cn/comment/EqsITDSke?uid=1899984250&rl=1#cmtfrm,ֹ˾ͳ,,,,@,1,,,,,,,,,,,,,
0,,#ɽ#2016зɼ¯֡ˮ֡֡㲥̨зֱũ񡢽һľ֡ͨ˿֡ȵ硢ǵȵλ÷ֽϵͻƫȺڲ˽кܴϵ@ ,3,0,0,2017/1/12 16:18,https://weibo.cn/comment/Equiu71qn?uid=1150583791&rl=1#cmtfrm,ȵ,,,,@,1,,,,,,,,,,,,,
0,_,@ˮ @ˮ վԱߣֳ棩ˮˣˮ׸ߣάް Ƶ . ,1,0,0,2017/1/12 23:17,https://weibo.cn/comment/Eqx2m1fvG?uid=2495840982&rl=1#cmtfrm,ˮ񣨼ţ,,,,@ˮ@ˮ,1,,,,,,,,,,,,,
0,Cherry__,@ˮ @ˮ @һֳ @ ڴڶ7559The Town ֳſڣڴϡˮܱˮ׸ߡ˷Ѱ˴һ˺ܾˡ ڡTHE TOWNֳ Ƶ . ,1,0,0,2017/1/12 23:25,https://weibo.cn/comment/Eqx5S8GGX?uid=1238888434&rl=1#cmtfrm,ˮ񣨼ţ,,,,@ˮ@ˮ@һֳ@,1,,,,,,,,,,,,,
0,ɫϹڻע,Դɷ޹˾糧 ȵֳ ڽʡҵмƽ̨ʾ8# λ ʾճŷš @ע @ջ @ݻ ˵@ɫϹڻע @εͼ#εͼ#  @PECC-LiJ @PECC-׷ ,0,6,0,2017/1/13 10:19,https://weibo.cn/comment/Epxy729l3?rl=1#cmtfrm,ϺԴɷ,1,PECC-LN,ת:ͨЭϸ½˵ڲ룬ƻǽ÷[good] @ݻ:ػֳ飬8żλϺԴɷ޹˾ȵֳ89Ź¯ͬŷſڣ #8#9Ϊ275/ ѭ¯+215MWȵ飬 201410#8#9¯,@ע@ջ@ݻ@ɫϹڻע@εͼ@ݻ,3,,,,,,,,,,,,,
0,ɫ֮,@΢ @л @㽭 ΰԴ޹˾112̳ŷ0.32ע ,0,2,0,2017/1/13 10:49,https://weibo.cn/comment/EqBz85vBY?uid=2768331107&rl=1#cmtfrm,ΰԴ,,,,@΢@л@㽭,2,,,,,,,,,,,,,
0,ɫ֮,@΢ @л @㽭 ΰԴ޹˾112̳ŷ0.32ע ,0,2,0,2017/1/13 10:49,https://weibo.cn/comment/EqBz85vBY?uid=2768331107&rl=1#cmtfrm,ΰԴ,,,,@΢@л@㽭,2,,,,,,,,,,,,,
0,Ҹƽ5376,2017011313㣬ҵмݷƽ̨ʾȫ242ҷصҵŷŨȸߡ#εͼ#ݳ꣬12369΢žٱƽ̨ٱͨɷ޹˾ÿ춼ڳŷŷ۳̣ζָͨҵĴ𸴾޳ŷţЩѵα@ʡ @ÿ @ #12369ٱ##12369ල#@ڻ @,1,0,4,2017/1/13 13:23,https://weibo.cn/comment/EqCzXiG1M?uid=5911743578&rl=1#cmtfrm,ͨɷ,,,,@ʡ@ÿ@@ڻ@,1,,,,,,,,,,,,,
0,Ksana,Ksana  ڷӳ̴δŷһ£Ҳŵγʽġ@ @ ,1,1,0,2017/1/13 18:57,https://weibo.cn/comment/EqE48Elu4?rl=1#cmtfrm,ĵͶȵ,1,,ת:ǳл@ ڴĵͶȵΪĸĽ[],@@@,2,,,,,,,,,,,,,
0,Sun-ye,ھʳ()ذȫԱγԳ[ëë] 1.6Ŵ󲿷˳Եӡнˣöİ@ල @ʳ @ίԱ @ʳƷҩƷ @ @ @ ڡ ,0,0,1,2017/1/15 12:22,https://weibo.cn/comment/EqV2d67r2?uid=2424515253&rl=1#cmtfrm,(),,,,@ල@ʳ@ίԱ@ʳƷҩƷ@@@,1,,,,,,,,,,,,,
0,Sun-ye,ھʳ()ذȫԱγԳ[ëë] 1.6Ŵ󲿷˳Եӡнˣöİ@ල @ʳ @ίԱ @ʳƷҩƷ @ @ @ ڡ ,0,0,1,2017/1/15 12:22,https://weibo.cn/comment/EqV2d67r2?uid=2424515253&rl=1#cmtfrm,ӣڣ,,,,@ල@ʳ@ίԱ@ʳƷҩƷ@@@,1,,,,,,,,,,,,,
0,,#̬#Ϊȷÿ䣬ó俪չרΣϰְ糵Űװѹ壬ȷг@· ,0,0,0,2017/1/16 8:28,https://weibo.cn/comment/Er2VnaTY3?uid=3147975361&rl=1#cmtfrm,,,,,@·,1,,,,,,,,,,,,,
0,ɽ,#ж#ɽлԱͬҴרҶԿˮ޹˾ֳ顣@ɽ @ ɽ ,1,1,22,2017/1/16 8:56,https://weibo.cn/comment/Er372e02w?uid=3735136194&rl=1#cmtfrm,ﻷˮ,,,,@ɽ@,2,,,,,,,,,,,,,
0,ɽ,#ж#ɽлԱͬҴרҶԿˮ޹˾ֳ顣@ɽ @ ɽ ,1,1,22,2017/1/16 8:56,https://weibo.cn/comment/Er372e02w?uid=3735136194&rl=1#cmtfrm,ɽˮ,,,,@ɽ@,2,,,,,,,,,,,,,
0,ɫ֮,@Ҧл12369 @л @㽭 ïҦȵ޹˾113ſʼ쳬꣬ҵмƽ̨мⷽȴΪɫԴ޹˾ȵ繫˾עѯ ,0,0,0,2017/1/16 9:09,https://weibo.cn/comment/Er3ch08ei?uid=2768331107&rl=1#cmtfrm,ïҦȵ,,,,@Ҧл12369@л@㽭,3,,,,,,,,,,,,,
0,ɫ֮,@Ҧл12369 @л @㽭 ïҦȵ޹˾113ſʼ쳬꣬ҵмƽ̨мⷽȴΪɫԴ޹˾ȵ繫˾עѯ ,0,0,0,2017/1/16 9:09,https://weibo.cn/comment/Er3ch08ei?uid=2768331107&rl=1#cmtfrm,ïȵҦȵ,,,,@Ҧл12369@л@㽭,3,,,,,,,,,,,,,
0,ɫ֮,@Ҧл12369 @л @㽭 ïҦȵ޹˾113ſʼ쳬꣬ҵмƽ̨мⷽȴΪɫԴ޹˾ȵ繫˾עѯ ,0,0,0,2017/1/16 9:09,https://weibo.cn/comment/Er3ch08ei?uid=2768331107&rl=1#cmtfrm,ɫԴ,,,,@Ҧл12369@л@㽭,3,,,,,,,,,,,,,
0,΢,˹ܹ[ڱ][ڱ][ڱ]ĺ[][][]¶Ŷ()Ŷ@΢ @΢ @ @Ͽ챨 @ @Ϸб @»й @ @й @˺ӱƵ @»й http://t.cn/RAN9a6i ,2,2,1,2017/1/16 10:29,https://weibo.cn/comment/Er3yg911P?rl=1#cmtfrm,װ,1,ֵĴ,ת:װϼ    @ӱʡ,@΢@΢@@Ͽ챨@@Ϸб@»й@@й@˺ӱƵ@»й@ӱʡ,1,,,,,,,,,,,,,
0,ΰ_i76,2017011614㣬ɽʡӯԴʵҵ޹˾߼ݣϣŷŨȸߵҵ˵#εͼ#http://t.cn/RMTqUDW󻷾 @ɽ ,1,0,0,2017/1/16 14:33,https://weibo.cn/comment/Er5jweHyN?uid=1671570197&rl=1#cmtfrm,ɽʡӯԴʵҵ,,,,@ɽ,1,,,,,,,,,,,,,
0,ɫذ,2017011614㣬ͭ˽޹˾߼ݣϣŷŨȸߵҵ˵#εͼ# @ http://t.cn/RM5l9Nn ,0,0,0,2017/1/16 14:56,https://weibo.cn/comment/Er5sU6GQY?uid=5462407856&rl=1#cmtfrm,ͭ˽,,,,@,1,,,,,,,,,,,,,
0,֮,#ƽǨ# 116 գоֵίǡֳ߳԰־ֳָͬ£ݰ޹ҵ԰ɳɿƼ˾߷õУʵز쿴ҵȫӪ״ҵ˾ĿǰԼҵչй⼰һƻн߳ͬ־ʾؽһҵ跢չӦҵչԹҪڴǿ͹񣬴ŷչΪҵչṩǿİȫϣ߷ȫᾭ÷չˮƽ߳ͬ־͵ǰҵڲȫȹָ԰־ֽһҵҪͬʱҵܱߵ·ͨźŵáҵȫ԰йزЭ졣@Ǩҵ԰ @Ǩ @ƽ http://t.cn/RImJfUn,0,0,1,2017/1/16 16:45,https://weibo.cn/comment/Er6bnBbKa?uid=5034549852&rl=1#cmtfrm,ɳɿƼǨ,,,,@Ǩҵ԰@Ǩ@ƽ,1,,,,,,,,,,,,,
0,ķ,2017011709㣬ˮˮι˾߼ݣϣŷŨȸߵҵ˵#εͼ# http://t.cn/RfEux6o @ӱٷ @ӱʡ @˺ӱ@ӱ ,0,0,0,2017/1/17 9:03,https://weibo.cn/comment/ErcAitlle?uid=2826078080&rl=1#cmtfrm,ˮˮ,,,,@ӱٷ@ӱʡ@˺ӱ@ӱ,1,,,,,,,,,,,,,
0,showǻ,ȫ֣[ŭ]֣޹˾@˺ @ԭ @ͷ @й걨 @֣ڷ ,0,0,0,2017/1/17 9:57,https://weibo.cn/comment/ErcWhiCie?uid=2459917952&rl=1#cmtfrm,֣,,,,@˺@ԭ@ͷ@й걨@֣ڷ,1,,,,,,,,,,,,,
0,,@ơ  ڷӳĵͶȵ޹˾΢Ͷ߲鴦ġ@ @ ,2,1,0,2017/1/17 10:17,https://weibo.cn/comment/Erd4e9Itl?uid=2316615472&rl=1#cmtfrm,ĵͶȵ,,,,@ơ@@,2,,,,,,,,,,,,,
0,ϻ,ƽ¯   ̳ȾΪȫʵӡдȾרж2016-2018֪꣩ͨƽЭƽҵι˾ƽȵ糧ʵʩйỴ̴̄20169291119ղ߹ȫ濢 20161229ȫ¯Ͷ9082.45Ԫ10¯27̨¯517λ10̴ѡͨ¯ʡúԼ57507֡ڶʩУҪǺѣ¹ܽӿڷЧãѶȴ󣬹̼Աָͨ˼ȷݼȷʽ˷ѣƻϳƽҵȹ˾ûĹ¯Ԥ2017ɲ@,1,1,1,2017/1/17 10:20,https://weibo.cn/comment/Erd5nllEx?uid=5616623551&rl=1#cmtfrm,ȵ,,,,@,1,,,,,,,,,,,,,
0,ϻ,ƽ¯   ̳ȾΪȫʵӡдȾרж2016-2018֪꣩ͨƽЭƽҵι˾ƽȵ糧ʵʩйỴ̴̄20169291119ղ߹ȫ濢 20161229ȫ¯Ͷ9082.45Ԫ10¯27̨¯517λ10̴ѡͨ¯ʡúԼ57507֡ڶʩУҪǺѣ¹ܽӿڷЧãѶȴ󣬹̼Աָͨ˼ȷݼȷʽ˷ѣƻϳƽҵȹ˾ûĹ¯Ԥ2017ɲ@,1,1,1,2017/1/17 10:20,https://weibo.cn/comment/Erd5nllEx?uid=5616623551&rl=1#cmtfrm,ȵ,,,,@,1,,,,,,,,,,,,,
0,εͼ,ɽ۲#2017011813㣬ǽȵ޹˾߼ݣϣŷŨȸߵҵ˵#εͼ# @Ϋ @³ @εͼ @ڻ @ɫΫ http://t.cn/RITrUGo ,1,2,38,2017/1/18 13:49,https://weibo.cn/comment/ErnPomgoh?rl=1#cmtfrm,ǽȵ,1,ɽ۲,ת:ǽȵ޹˾쿴ݳ£#εͼ#,@Ϋ@³@εͼ@ڻ@ɫΫ,1,,,,,,,,,,,,,
0,Ӱ,ΪӦдк٣ҵ@ ȵ޹˾ԱϽͷЭִڣΪȫʻһ@Ͻ @Ϸ @Ϲ @Ϻͬ @ϵ̨û @ҵ @ROMANCE- @һɳһһһǬ @ @0531 @ɽ̱ @ɽʡӰЭ,3,0,2,2017/1/18 17:42,https://weibo.cn/comment/ErppuoFRP?uid=2321145017&rl=1#cmtfrm,ȵ,,,,@@Ͻ@Ϸ@Ϲ@Ϻͬ@ϵ̨û@ҵ@һɳһһһǬ@@0531@ɽ̱@ɽʡӰЭ,3,,,,,,,,,,,,,
0,ɳع滮Ϣ,人ţ˾ԭίǡ³ܻ߰һͥձطǷܲۺ5539Ԫͥʾ@ɳس滮 ,0,0,0,2017/1/19 7:16,https://weibo.cn/comment/EruJMjKdG?uid=5870759815&rl=1#cmtfrm,人ţ˾,,,,@ɳس滮,1,,,,,,,,,,,,,
0,PECC-LiJ,ǨŽ跢չ޹˾ ڽʡҵмƽ̨ʾCODʾԳŷš @ ע @ջ @Ǩ  ˵@ɫϹڻע @εͼ#εͼ# @PECC_LN @PECC-CB ,0,2,3,2017/1/19 10:29,https://weibo.cn/comment/Erw0mqIun?uid=6064184520&rl=1#cmtfrm,ǨŽ跢չ,,,,@@ջ@Ǩ@ɫϹڻע@εͼ,1,,,,,,,,,,,,,
0,PECC-LiJ,ݼӡȾ޹˾ 㽭ʡҵмϢƽ̨ʾCODʾԳŷš @ ע @㽭 @ݻ  ˵@ɫϹڻע @εͼ#εͼ# @PECC_LN @PECC-CB ,0,2,16,2017/1/19 13:16,https://weibo.cn/comment/Erx5S4oDg?uid=6064184520&rl=1#cmtfrm,ݼӡȾ,,,,@@㽭@ݻ@ɫϹڻע@εͼ,2,,,,,,,,,,,,,
0,,"#̬#ӿչ 263רж찵á ״šסȲŸͬ־չ(263)רж찵ûȺйҵﰲȫ޹˾ܤˮ޹˾˹ؾɷ޹˾ͻеɷ޹˾ʵز쿴Ҫҵϸػɷ棬Ϸ;Ӫ,ͬʱҪΧʡίʡġ263רжչŬ̬Ķ̰壬ΪմɫƸ̬
ίίμ˼顣@",2,0,1,2017/1/19 13:27,https://weibo.cn/comment/ErxadzrDw?uid=5345449203&rl=1#cmtfrm,йҵﰲȫ,,,,@,1,,,,,,,,,,,,,
0,,"#̬#ӿչ 263רж찵á ״šסȲŸͬ־չ(263)רж찵ûȺйҵﰲȫ޹˾ܤˮ޹˾˹ؾɷ޹˾ͻеɷ޹˾ʵز쿴Ҫҵϸػɷ棬Ϸ;Ӫ,ͬʱҪΧʡίʡġ263רжչŬ̬Ķ̰壬ΪմɫƸ̬
ίίμ˼顣@",2,0,1,2017/1/19 13:27,https://weibo.cn/comment/ErxadzrDw?uid=5345449203&rl=1#cmtfrm,ܤˮ,,,,@,1,,,,,,,,,,,,,
0,,#·ʱ# 110·ʱ·ΡСף120գ110·ʱ·Ρ110·СƷԭ·вƼؿԪ·Ԫ·̨··ںҹ̨·ʻΰҵ㳡ָԭУͣл粣֯ҽԺӣǽңɳ5վ㡣 @ @ͨ,1,3,5,2017/1/19 15:24,https://weibo.cn/comment/ErxW2c6J3?uid=3910576483&rl=1#cmtfrm,вƼ,,,,@@ͨ,1,,,,,,,,,,,,,
0,PECC-LiJ,㽭ͷ֯ӡȾװţ޹˾ 㽭ʡҵмϢƽ̨ʾCODʾճŷš @ ע @㽭 @-   ˵@ɫϹڻע @εͼ#εͼ# @PECC_LN @PECC-CB ,0,1,6,2017/1/19 16:22,https://weibo.cn/comment/EryjC3lbc?uid=6064184520&rl=1#cmtfrm,㽭ͷ֯ӡȾװţ,,,,@@㽭@-@ɫϹڻע@εͼ,2,,,,,,,,,,,,,
0,HJG,#Ҹ#ߺзƽ̫ܷվ@ @շ @Ժ101 @ߺ ,1,0,0,2017/1/19 20:19,https://weibo.cn/comment/ErzRA2zw1?uid=6100825152&rl=1#cmtfrm,ߺ,,,,@@շ@Ժ101@ߺ,2,,,,,,,,,,,,,
0,PECC-LiJ,ˮҵ޹˾Ͽֹ˾ڽʡϢƽ̨ʾ䰱ʾճŷţ @ @л  ˵ @ɫϹڻע @εͼ#εͼ# @PECC_LN @PECC-CB ,0,1,2,2017/1/20 14:09,https://weibo.cn/comment/ErGRLnFWY?uid=6064184520&rl=1#cmtfrm,ʡˮҵ,,,,@@л@ɫϹڻע@εͼ,2,,,,,,,,,,,,,
0,PECC-LiJ,ˮҵ޹˾Ͽֹ˾ڽʡϢƽ̨ʾ䰱ʾճŷţ @ @л  ˵ @ɫϹڻע @εͼ#εͼ# @PECC_LN @PECC-CB ,0,1,2,2017/1/20 14:09,https://weibo.cn/comment/ErGRLnFWY?uid=6064184520&rl=1#cmtfrm,ˮҵ,,,,@@л@ɫϹڻע@εͼ,2,,,,,,,,,,,,,
0,PECC-LiJ,ˮҵ޹˾Ͽֹ˾ڽʡϢƽ̨ʾ䰱ʾճŷţ @ @л  ˵ @ɫϹڻע @εͼ#εͼ# @PECC_LN @PECC-CB ,0,1,2,2017/1/20 14:09,https://weibo.cn/comment/ErGRLnFWY?uid=6064184520&rl=1#cmtfrm,ǻˮҵ,,,,@@л@ɫϹڻע@εͼ,2,,,,,,,,,,,,,
0,PECC-LiJ,㽭ʢ֯Ⱦ޹˾㽭ʡҵмϢƽ̨ʾpHʾճŷš @ ע @㽭 @-   ˵@ɫϹڻע @εͼ#εͼ# @PECC_LN @PECC-CB ,0,3,8,2017/1/22 13:32,https://weibo.cn/comment/ErZtVtP1J?uid=6064184520&rl=1#cmtfrm,㽭ʢ֯Ⱦ,,,,@@㽭@-@ɫϹڻע@εͼ,2,,,,,,,,,,,,,
0,ͭѶ,#ͭ# ͭһҵѡйȫʾҵǰʼֹܾ˵52ҡйȫʾҵͭ꾫Ѹι˾ٵǰ񵥡ĿǰйͭɫŹɷ޹˾ͭ꾫Ѹι˾2ҵѡйȫʾҵϤйȫʾҵǹʼֶܾԳҵĿľڹҵƷȫˮƽھơvia.ͭձ @ʼ @ͭʼ,5,3,2,2017/1/22 14:00,https://weibo.cn/comment/ErZF7gZ54?uid=2008732281&rl=1#cmtfrm,ͭɫŹɷ,,,,@ʼ@ͭʼ,1,,,,,,,,,,,,,
0,PECC-LiJ,ƺˮʡصҵϢƽ̨ʾ䰱ʾճŷţ @ ע @ @ٱ  ˵@ɫϹڻע @εͼ #εͼ# @PECC_LN @PECC-CB ,0,6,4,2017/1/22 15:14,https://weibo.cn/comment/Es09cugdx?uid=6064184520&rl=1#cmtfrm,ƺˮ,,,,@@@ٱ@ɫϹڻע@εͼ,1,,,,,,,,,,,,,
0,MrsС,ΪʲôߺԴгķֿʼҹû˿ţҲû˹ܣ˾ҲҲˣ˻ҪҪ˯[][]ͷ÷@ߺ @ߺ @ߺ @ߺ ,0,0,0,2017/1/22 22:08,https://weibo.cn/comment/Es2RlrQUe?uid=5041742114&rl=1#cmtfrm,ߺ,,,,@ߺ@ߺ@ߺ@ߺ,1,,,,,,,,,,,,,
0,ӻ,#ӽϢ#إ壬[̫]ʱеǣмҤоСλڼļҤַ԰®ĻȻԶ̣ɷ羰̴дŴĻ֣ܶͨεͼԿЩ̴[]ܹʵɷ޹˾ɽ糧ԿֵΪ520׼4.21[ը]ڱͺȾ[][]ܲܺúùˣϣйزżǿ®ĻɲûȾۡϣڼǶڵ[΢]@εͼ @ڻ @ @ഺ,1,0,0,2017/1/23 0:57,https://weibo.cn/comment/Es3Y8wWAy?uid=2073022367&rl=1#cmtfrm,ܹʵɷ,,,,@εͼ@ڻ@@ഺ,1,,,,,,,,,,,,,
0,PECC-LiJ,ԣ¡ι˾ ʡصҵϢƽ̨ʾ䵪̳Ͷʾճŷţ @ ע @   ˵@ɫϹڻע @εͼ #εͼ# @PECC_LN @PECC-CB ,0,1,2,2017/1/23 9:41,https://weibo.cn/comment/Es7otD8lN?uid=6064184520&rl=1#cmtfrm,ԣ¡,,,,@@@ɫϹڻע@εͼ,1,,,,,,,,,,,,,
0,ͭѶ,#ͭ# ͭҵϰйҵգͭ߾ֻͬʡЭˡйҵʽ¡ͭҵ˾ͭ޹˾Դҵ޹˾ҵ١˽⣬ йҵƺй뾳Эÿ깫һΣݡҵ취()Żʵʩҵ롢ϳۡרҸṫʾáȳּڽҵϢ³ЧƣϽҵϢ׼ȷͼʱvia.ͭ @ͭʼ,1,0,1,2017/1/23 10:30,https://weibo.cn/comment/Es7InkK3z?uid=2008732281&rl=1#cmtfrm,¡ͭҵ,,,,@ͭʼ,1,,,,,,,,,,,,,
0,򰲼,ˮֿչڽǰȫ@Ұȫܾ @򷢲 @     Ŀǰˮֶȫˮϵͳȫм顣˴ΰȫҪˮ񹤳̽Сƶʵũ弯йˮˮʩˮӵˮ̷Ƚȫ氲ȫŲ飬ֳдˮȫͳƱ͡ˮȫش¹γı棬Ҫ󱻼鵥λֳзֵһʱģʱȷȫӼȫˮϵͳȫƽȣҲڰȫϵȫȫƶִȲһİȫԼзֳֵҪλ֯ģʱܼʱĵλģ鵥λݼʱҪĵλʽְȫ졣ͬʱҪ鵥λһʵȫκͰȫʩȫŲలȫǷΥ辭ӪΪЧͼ¹ʵķȷڼ䰲ȫȶ,1,1,0,2017/1/23 14:47,https://weibo.cn/comment/Es9oL7CgP?uid=3250216315&rl=1#cmtfrm,ˮ,,,,@Ұȫܾ@򷢲@,2,,,,,,,,,,,,,
0,PECC-LiJ,ι˾ڽʡϢƽ̨ʾ䰱ʾԳŷţ@ ע @ @ӥ̶   ˵ @ɫϹڻע @εͼ #εͼ# @PECC_LN @PECC-LiJ  ,0,0,1,2017/1/23 15:39,https://weibo.cn/comment/Es9K2wsq6?uid=6064184520&rl=1#cmtfrm,,,,,@@@ӥ̶@ɫϹڻע@εͼ,2,,,,,,,,,,,,,
0,PECC-LiJ,ȵ޹˾㽭ʡҵмϢƽ̨ʾ̳ʾճŷš @ ע @㽭 @л    ˵@ɫϹڻע @εͼ#εͼ# @PECC_LN @PECC-CB ,0,0,2,2017/1/23 16:39,https://weibo.cn/comment/Esa8tw107?uid=6064184520&rl=1#cmtfrm,ȵ,,,,@@㽭@л@ɫϹڻע@εͼ,2,,,,,,,,,,,,,
0,PECC-LiJ,дϪˮ㽭ʡҵмϢƽ̨ʾʾճŷš @ ע @㽭 @뻷    ˵@ɫϹڻע @εͼ#εͼ# @PECC_LN @PECC-CB ,0,1,2,2017/1/24 9:26,https://weibo.cn/comment/EsgJ6rXWn?uid=6064184520&rl=1#cmtfrm,дϪˮ,,,,@@㽭@뻷@ɫϹڻע@εͼ,2,,,,,,,,,,,,,
0,PECC-LiJ,±ǬԪԴι˾ ʡصҵϢƽ̨ʾ䵪ʾճŷţ @ ע @   ˵@ɫϹڻע @εͼ #εͼ# @PECC_LN @PECC-CB ,0,1,3,2017/1/24 13:50,https://weibo.cn/comment/EsisgyeKl?uid=6064184520&rl=1#cmtfrm,±ǬԪԴ,,,,@@@ɫϹڻע@εͼ,1,,,,,,,,,,,,,
0,s10,@ @ʹģ̵hhc ں ,0,0,0,2017/1/24 13:58,https://weibo.cn/comment/EsivFunxL?uid=1416205324&rl=1#cmtfrm,ʹȵ,,,,@@ʹ,1,,,,,,,,,,,,,
0,PECC-LiJ,нӡȾ޹˾㽭ʡҵмϢƽ̨ʾpHʾճŷš @ ע @㽭 @-   ˵@ɫϹڻע @εͼ#εͼ# @PECC_LN @PECC-CB ,0,1,2,2017/1/24 15:53,https://weibo.cn/comment/EsjgjxOgU?uid=6064184520&rl=1#cmtfrm,нӡȾ,,,,@@㽭@-@ɫϹڻע@εͼ,2,,,,,,,,,,,,,
0,ɫ֮,@- @㽭 ɽϷˮ޹˾ԭ㽭ɽˮ޹˾̳ŷ0.23ע  ,0,0,0,2017/1/25 10:20,https://weibo.cn/comment/EsqvBgKom?uid=2768331107&rl=1#cmtfrm,ɽϷˮ,,,,@-@㽭,2,,,,,,,,,,,,,
0,PECC-LiJ,кúι˾ʡصҵϢƽ̨ʾ䵪ʾճŷţ @ ע @   ˵@ɫϹڻע @εͼ #εͼ# @PECC_LN @PECC-CB ,0,0,3,2017/1/25 13:30,https://weibo.cn/comment/EsrKDiG99?uid=6064184520&rl=1#cmtfrm,кú,,,,@@@ɫϹڻע@εͼ,1,,,,,,,,,,,,,
0,PECC-LiJ,ˮйˮι˾ˮˮ㽭ʡҵмϢƽ̨ʾ䰱ʾճŷš @ ע @㽭  ˵@ɫϹڻע @εͼ#εͼ# @PECC_LN @PECC-CB ,0,2,7,2017/1/25 14:24,https://weibo.cn/comment/Ess6GeTS0?uid=6064184520&rl=1#cmtfrm,ˮйˮ,,,,@@㽭@ɫϹڻע@εͼ,1,,,,,,,,,,,,,
0,,@ Ⱦ¾Է12ҵŷţ1ҡӱʡ5ҡɽʡ4ҡɽʡ2ҡǷֱǣ1ӱʡɽό޹˾2ɽ޹˾3ɽʡԴïú޹˾4׸ֳθ޹˾5Դ޹˾6ӱ󰲽޹˾7Դ޹˾8Ǩк¹ó޹˾9úԴ޹˾10лԱ޹˾11Ͳ⺣ȵ޹˾12ɽԴʯͻɷ޹˾12ҹ˾йNGO -  #һĿȻ# 2017ȾǺȫ12ҵǿǴ𣬲Ҫ12ҵͺͳŵ@εͼ @ @¾ @ @й @й @йձ @й @ @ƾ @һƾձ http://t.cn/R2WJoir,3,4,22,2017/1/25 21:43,https://weibo.cn/comment/EsuYDDNnG?uid=1000481815&rl=1#cmtfrm,Դïú,,,,@@εͼ@@¾@@й@й@йձ@й@@ƾ@һƾձ,1,,,,,,,,,,,,,
0,,@ Ⱦ¾Է12ҵŷţ1ҡӱʡ5ҡɽʡ4ҡɽʡ2ҡǷֱǣ1ӱʡɽό޹˾2ɽ޹˾3ɽʡԴïú޹˾4׸ֳθ޹˾5Դ޹˾6ӱ󰲽޹˾7Դ޹˾8Ǩк¹ó޹˾9úԴ޹˾10лԱ޹˾11Ͳ⺣ȵ޹˾12ɽԴʯͻɷ޹˾12ҹ˾йNGO -  #һĿȻ# 2017ȾǺȫ12ҵǿǴ𣬲Ҫ12ҵͺͳŵ@εͼ @ @¾ @ @й @й @йձ @й @ @ƾ @һƾձ http://t.cn/R2WJoir,3,4,22,2017/1/25 21:43,https://weibo.cn/comment/EsuYDDNnG?uid=1000481815&rl=1#cmtfrm,׸ֳθ,,,,@@εͼ@@¾@@й@й@йձ@й@@ƾ@һƾձ,1,,,,,,,,,,,,,
0,,򼪸 ľ ̴ð  ӦǱҵ ȻǸ˳ ־ٱȾ @˳л ,1,0,0,2017/1/30 17:05,https://weibo.cn/comment/Eteivlylc?uid=1693004433&rl=1#cmtfrm,˳ҵ,,,,@˳л,1,,,,,,,,,,,,,