山东环境,发表了文章 关于网友@山东空气观察团 反映的泰安中科环保电力有限公司外排废水问题的回复 @山东空气观察团 ​,3,2,2,2015-06-29 10:33:05,https://weibo.cn/comment/CoLaYyk90?rl=1#cmtfrm,泰安中科环保电力,1,泰安环境,,@山东空气观察团,@山东空气观察团,@山东空气观察团,@泰安环境
山东环境,发表了文章 关于网友@山东空气观察团 反映的泰安中科环保电力有限公司外排废水问题的回复 @山东空气观察团 ​,3,2,2,2015-06-29 10:33:05,https://weibo.cn/comment/CoLaYyk90?rl=1#cmtfrm,泰安中科环保电力,1,泰安环境,,@山东空气观察团,@山东空气观察团,@山东空气观察团,@泰安环境
山东环境,民@沂南事儿”通过微博反映：2015年6月18日19点左右，沂南县经济开发区胡家庄北污水处理厂出现污水倒流，流入沂河，河水污染严重，有村民反映地下水成黑色有异味。 一、基本情况 经 ...(发自@微博桌面 微博桌面首页） ​,1,4,3,2015-06-23 16:02:37,https://weibo.cn/comment/CnSP7mt3c?rl=1#cmtfrm,沂南县污水处理厂,1,沂南环境,转发理由:#互动#关于网友反映的沂南县经济开发区胡家庄北污水处理厂出现污水倒流的污染问题，已经@沂南环境 调查处理，欢迎网友监督评议。      ,@沂南事儿,@微博桌面,@沂南环境
沂南环境,网民@沂南事儿”通过微博反映：2015年6月18日19点左右，沂南县经济开发区胡家庄北污水处理厂出现污水倒流，流入沂河，河水污染严重，有村民反映地下水成黑色有异味。 一、基本情况 经 ...(发自@微博桌面 微博桌面首页） ​,2,4,9,2015-06-23 15:45:38,https://weibo.cn/comment/CnSP7mt3c?uid=3803678055&rl=1#cmtfrm,沂南县污水处理厂,,,,@沂南事儿,@微博桌面
淄博环保,【加强监管 认真落实环保部对鲁维制药有限公司挂牌督办要求】2014年12月，山东鲁维制药有限公司因环境违法行为被环保部挂牌督办。督办要求是：依法责令该公司违法建设项目停止生产，未经批准不得恢复生产，逾期不执行处理处罚要求的，依法申请法院强制执行；限期…（详见长微博）@山东环境@蔚蓝地图   ​,4,10,25,2015-06-05 14:37:18,https://weibo.cn/comment/Cl8Grec8o?uid=3114085181&rl=1#cmtfrm,山东鲁维制药,,,,@山东环境,@蔚蓝地图
淄博环保,【加强监管 认真落实环保部对鲁维制药有限公司挂牌督办要求】2014年12月，山东鲁维制药有限公司因环境违法行为被环保部挂牌督办。督办要求是：依法责令该公司违法建设项目停止生产，未经批准不得恢复生产，逾期不执行处理处罚要求的，依法申请法院强制执行；限期…（详见长微博）@山东环境@蔚蓝地图   ​,4,10,25,2015-06-05 14:37:18,https://weibo.cn/comment/Cl8Grec8o?uid=3114085181&rl=1#cmtfrm,山东鲁维制药,,,,@山东环境,@蔚蓝地图
大丰市环保志愿者,2015年11月24日07点，福州经济技术开发区市政公用事业管理处长安污水处理厂在线监测数据，希望排放浓度高的企业作出公开说明！#蔚蓝地图#@公众环境马军 ​,2,4,5,2015-11-24 07:12:43,https://weibo.cn/comment/D5hP4dcC1?uid=1707640501&rl=1#cmtfrm,福州经济技术开发区市政公用事业管理处（青洲污水处理厂）,,,,@公众环境马军
山东环境,【枣庄丰元化工黄烟弥漫 系突然停电所致】有网友反映位于台儿庄区的山东丰元化学股份有限公司冒起黄烟，怀疑发生泄漏事故。@大众网 记者了解到，丰元化工厂黄烟漫天，系突然停电导致。http://t.cn/RU8RwPD ​,3,23,23,2015-11-17 07:32:35,https://weibo.cn/comment/D4dXEub0x?uid=3354394424&rl=1#cmtfrm,山东丰元化学股份,,,,@大众网
莒县环保,五莲县第三污水处理厂试运行】5月16日，五莲城区第三污水处理厂正式进水调试运行。至此，历时16个月的五莲第三污水处理厂及配套管网建设项目一期工程基本完成。@山东环境 @日照发布 @五莲环保 ​,2,11,5,2015-05-23 10:01:27,https://weibo.cn/comment/CiRX6lk2X?rl=1#cmtfrm,莒县城北污水处理厂,1,日照环境,转发理由:感谢@沂水大小事 对莒县环保的关心和支持！目前莒县城区南有莒县城市污水处理厂，北有莒县城北污水处理厂，县城东部新区正在开工建设莒县城东污水处理厂。//@沂水大小事：大五莲赞一个，大莒县有没有？@莒县环保 //@沂水大小事:大五莲赞一个，大莒县有没有？@莒县环保 大美沂水有没有？@山东沂水环境      ,@山东环境,@日照发布,@五莲环保,@沂水大小事,@沂水大小事,@莒县环保,@沂水大小事,@莒县环保,@山东沂水环境
莒县环保,全县总量减排工作调度会】为推动污染减排工作扎实开展，确保全县“十二五”主要污染物总量减排计划全面完成，4月1日上午，莒县政府在县环保局四楼会议室召开全县总量减排工作调度会。部分县直单位、乡镇（街道）分管负责人，9家重点减排企业主要负责人参加会议。@山东环境 @日照环境 @生态小哥 ​,0,5,3,2015-04-01 12:10:26,https://weibo.cn/comment/CbeQcdoK5?rl=1#cmtfrm,莒县城北污水处理厂,1,莒县环保,转发理由:一、尽快完善重点减排工程。将莒县城北污水处理厂、莒县第二污水处理厂、莒县刘官庄镇污水处理厂负荷提升到70%以上，莒县刘官庄镇污水处理厂、柳青河人工湿地在线监控设施与环保部门联网并上传数据。@山东环境 @日照环境 @环保老孙 @WALLVs @绿色717 @寻梦12369      ,@山东环境,@日照环境,@生态小哥,@山东环境,@日照环境,@环保老孙,@绿色717,@寻梦12369
山东环境,回音廊#我发表了文章 关于稻庄镇污水处理厂水质在线超标的回复 ​,2,0,1,2015-06-24 21:27:07,https://weibo.cn/comment/Co2PEqD2n?rl=1#cmtfrm,稻庄镇污水处理厂,1,环保东营,,@霸天虎V5
山东环境,回音廊#[话筒]我发表了文章 关于群众举报的有关广饶县稻庄镇污水处理厂等四家企业在线监测数据超标的回复 @霸天虎V5 @胜利油田那点事 @山东环境 ​,2,4,3,2015-04-30 16:45:05,https://weibo.cn/comment/CfG6cgenz?rl=1#cmtfrm,稻庄镇污水处理厂,1,环保东营,,@霸天虎V5,@胜利油田那点事,@山东环境,@环保东营
山东环境,回音廊#[话筒]我发表了文章 关于群众举报的有关广饶县稻庄镇污水处理厂等四家企业在线监测数据超标的回复 @霸天虎V5 @胜利油田那点事 @山东环境 ​,2,4,3,2015-04-30 16:45:05,https://weibo.cn/comment/CfG6cgenz?rl=1#cmtfrm,稻庄镇污水处理厂,1,环保东营,,@霸天虎V5,@胜利油田那点事,@山东环境,@环保东营
济南环保,今天为进一步加强大气污染防治宣传工作，激发我市居民热爱环境、参与环保的热情，济南市环保宣教中心组织绿色家庭、环保义务监督员60余人，参观济南市环境教育基地——光大环保能源有限公司。这项活动主题是：向污染宣战——我爱泉城 济南市绿色家庭、环保义务监督员参观宣传活动 @山东环境 @生态梦人 ​,6,1,11,2015-07-24 15:35:34,https://weibo.cn/comment/CsB0q6UCj?uid=3567934541&rl=1#cmtfrm,光大环保能源（济南）,,,,@山东环境,@生态梦人
镇海环保,超标排放# 宁波市镇海蛟川水处理运营有限公司(创业电镀)，据浙江省企业自行监控平台显示数据显示，其氨氮数据从2014年9月起持续超标。请关注。@浙江环保@宁波市环境保护局@绿色江南公众环境关注中心 @蔚蓝地图 ​,0,14,3,2015-07-16 17:08:03,https://weibo.cn/comment/CreOwkCTf?rl=1#cmtfrm,宁波市镇海蛟川水处理运营,1,PECC-YW,转发理由:回复@PECC-YW:#投诉回复# 经了解， 宁波市镇海蛟川水处理运营有限公司（创业电镀）废水接入宁波北区污水处理厂，COD入网标准是500，其监测数据是否达标不应按照外排标准。 //@PECC-YW:回复@宁波市环境保护局:感谢您的关注与回复，还请@镇海环保 跟进处理~      ,@浙江环保,@宁波市环境保护局,@绿色江南公众环境关注中心,@蔚蓝地图,@宁波市环境保护局,@镇海环保
淄博环保,015年04月10日21点，山东金岭化工股份有限公司（热电项目）在线监测数据，希望排放浓度高的企业作出公开说明！#蔚蓝地图##污染地图#@蔚蓝地图 @淄博环保 都已经超了41天了！！ ​,1,7,5,2015-04-13 08:39:12,https://weibo.cn/comment/CcFlGr8ma?rl=1#cmtfrm,山东金岭化工股份,1,卡卡侬kandar,转发理由:#回音#经查，山东金岭化工股份有限公司不属于临淄分局管辖范围，此企业坐落于东营市广饶县大王镇，公司始建于1992年，是一家以基础化工、热电能源为主导产业的国家大型企业集团。@环保东营      ,@蔚蓝地图,@淄博环保,@环保东营
山东环境,于网友反映的愉悦家纺有限公司在线数据超标的问题说明@Bluracle@滨州环保 ​,1,3,4,2015-04-21 15:25:54,https://weibo.cn/comment/CeiIZukwp?rl=1#cmtfrm,愉悦家纺,1,滨州高新环保,转发理由:#互动#关于网友反映的愉悦家纺有限公司在线数据超标问题的回复//@滨州环保: #回音壁#@山东环境 @蔚蓝地图      ,@滨州环保,@滨州环保,@山东环境,@蔚蓝地图
莒县环保,新环保法知识竞赛#为深入贯彻落实新《环保法》知识，强化企业的环保意识和守法意识，5月21日莒县环保局、莒县电视台共同举办了“法进企业”新环保法知识竞赛。12支企业代表队经过初赛、决赛激烈角逐，最后决出了一、二、三等奖。大众网日照频道记者现场进行了采访报道。@日照环境 @环保老孙 @WALLVs ​,2,3,1,2015-05-22 19:45:00,https://weibo.cn/comment/Cj2FSqqo2?rl=1#cmtfrm,日照金禾博源生化,1,莒县环保,转发理由:莒县第二污水处理厂、日照金禾博源生化有限公司两支企业代表队获得并列第一的好成绩，并代表莒县参加日照市环保志愿者协会、大众网日照频道联合主办的新环保法知识竞赛总决赛。      ,@日照环境,@环保老孙
莒县环保,新环保法知识竞赛#为深入贯彻落实新《环保法》知识，强化企业的环保意识和守法意识，5月21日莒县环保局、莒县电视台共同举办了“法进企业”新环保法知识竞赛。12支企业代表队经过初赛、决赛激烈角逐，最后决出了一、二、三等奖。大众网日照频道记者现场进行了采访报道。@日照环境 @环保老孙 @WALLVs ​,2,3,1,2015-05-22 19:45:00,https://weibo.cn/comment/Cj2FSqqo2?rl=1#cmtfrm,日照金禾博源生化,1,莒县环保,转发理由:莒县第二污水处理厂、日照金禾博源生化有限公司两支企业代表队获得并列第一的好成绩，并代表莒县参加日照市环保志愿者协会、大众网日照频道联合主办的新环保法知识竞赛总决赛。      ,@日照环境,@环保老孙
威海环境,发表了文章 关于网友举报2015年1月21日上午8时威海鑫山集团有限公司铁厂烧结数据超标问题的说明 @威海环境 @山东环境 @污染地图 ​,0,1,1,2015-01-23 10:41:18,https://weibo.cn/comment/C0SOT0rie?rl=1#cmtfrm,威海鑫山集团,1,乳山环保,,@威海环境,@山东环境,@污染地图,@公众环境马军,@豫鲁风骨
威海环境,发表了文章 关于网友举报2015年1月21日上午8时威海鑫山集团有限公司铁厂烧结数据超标问题的说明 @威海环境 @山东环境 @污染地图 ​,0,1,1,2015-01-23 10:41:18,https://weibo.cn/comment/C0SOT0rie?rl=1#cmtfrm,威海鑫山集团,1,乳山环保,,@威海环境,@山东环境,@污染地图,@公众环境马军,@豫鲁风骨
山东环境,发表了文章 济阳环境违法案件曝光 @济南环保 @绿之芽 @山东环境 @环境保护主义者联盟 ​,1,4,1,2015-08-18 15:12:42,https://weibo.cn/comment/Cwonjwjqa?rl=1#cmtfrm,济阳新华能源实业,1,济阳环保,,@济南环保,@绿之芽,@山东环境,@环境保护主义者联盟,@济阳环保,@济南环保
济南环保,发表了文章 济阳县环境保护局处理一起企业超标排污问题 @济南环保 @山东环境 @绿之芽 @环境保护主义者联盟 @ ​,3,3,5,2015-07-03 15:39:45,https://weibo.cn/comment/CpoFiiK7X?rl=1#cmtfrm,济阳新华能源实业,1,济阳环保,,@济南环保,@山东环境,@绿之芽,@环境保护主义者联盟
山东环境,复@不跑就飞 关于济阳新华能源实业有限责任公司在2015年4月4日8：00时二氧化硫超标问题，已经济阳县环保局调查处理。现将情况公布如下，欢迎网友监督评议。我发表了文章 2015年4月8日 ​,3,4,9,2015-04-08 17:06:58,https://weibo.cn/comment/CckdDEqPO?rl=1#cmtfrm,济阳新华能源实业,1,济阳环保,,@不跑就飞
济阳环保,回复@不跑就飞 关于济阳新华能源实业有限责任公司在2015年4月4日8：00时二氧化硫超标问题，已经济阳县环保局调查处理。现将情况公布如下，欢迎网友监督评议。我发表了文章 2015年4月8日 ​,1,4,13,2015-04-08 15:26:35,https://weibo.cn/comment/CckdDEqPO?uid=3691062540&rl=1#cmtfrm,济阳新华能源实业,,,,@不跑就飞
山东环境,发表了文章 济阳环境违法案件曝光 @济南环保 @绿之芽 @山东环境 @环境保护主义者联盟 ​,1,4,1,2015-08-18 15:12:42,https://weibo.cn/comment/Cwonjwjqa?rl=1#cmtfrm,济阳新华能源实业,1,济阳环保,,@济南环保,@绿之芽,@山东环境,@环境保护主义者联盟,@济阳环保,@济南环保
济南环保,发表了文章 济阳县环境保护局处理一起企业超标排污问题 @济南环保 @山东环境 @绿之芽 @环境保护主义者联盟 @ ​,3,3,5,2015-07-03 15:39:45,https://weibo.cn/comment/CpoFiiK7X?rl=1#cmtfrm,济阳新华能源实业,1,济阳环保,,@济南环保,@山东环境,@绿之芽,@环境保护主义者联盟
山东环境,复@不跑就飞 关于济阳新华能源实业有限责任公司在2015年4月4日8：00时二氧化硫超标问题，已经济阳县环保局调查处理。现将情况公布如下，欢迎网友监督评议。我发表了文章 2015年4月8日 ​,3,4,9,2015-04-08 17:06:58,https://weibo.cn/comment/CckdDEqPO?rl=1#cmtfrm,济阳新华能源实业,1,济阳环保,,@不跑就飞
济阳环保,回复@不跑就飞 关于济阳新华能源实业有限责任公司在2015年4月4日8：00时二氧化硫超标问题，已经济阳县环保局调查处理。现将情况公布如下，欢迎网友监督评议。我发表了文章 2015年4月8日 ​,1,4,13,2015-04-08 15:26:35,https://weibo.cn/comment/CckdDEqPO?uid=3691062540&rl=1#cmtfrm,济阳新华能源实业,,,,@不跑就飞
临沂环境,#我们在行动#夜鹰在行动[雷锋][雷锋][雷锋] 市政府副市长、党组成员侯晓滨同志亲自带队夜查[hold住][hold住][hold住]山东华宇铝电有限公司，检查组现场查看了大气治理设施和中控室，此次检查过程中未发现环境违法行为。@山东环境 @临沂发布 @01黑脸 @新浪山东临沂频道 @临沂微资讯 @临沂大小事 ​,8,6,6,2015-10-05 23:37:59,https://weibo.cn/comment/CDKmtFQVP?uid=3600956903&rl=1#cmtfrm,中铝山东,,,,@山东环境,@临沂发布,@新浪山东临沂频道,@临沂微资讯,@临沂大小事
临沂环境,5日下午，我局举行一起行政处罚案件听证会，就蒙阴盛科污水处理有限公司超标排放水污染物行政处罚事项进行公开听证。。@山东环境 @不浪费2 @生态梦人 @豫鲁风骨 @拨云见晴空 @临沂发布 @01黑脸 @天天向上_1203 @赞成一切美好的 @还清风明月 ​,10,17,18,2015-02-05 15:55:36,https://weibo.cn/comment/C2TUDjH0D?uid=3600956903&rl=1#cmtfrm,蒙阴盛科污水处理,,,,@山东环境,@不浪费2,@生态梦人,@豫鲁风骨,@拨云见晴空,@临沂发布,@天天向上_1203,@赞成一切美好的,@还清风明月
临沂环境,5日下午，我局举行一起行政处罚案件听证会，就蒙阴盛科污水处理有限公司超标排放水污染物行政处罚事项进行公开听证。。@山东环境 @不浪费2 @生态梦人 @豫鲁风骨 @拨云见晴空 @临沂发布 @01黑脸 @天天向上_1203 @赞成一切美好的 @还清风明月 ​,10,17,18,2015-02-05 15:55:36,https://weibo.cn/comment/C2TUDjH0D?uid=3600956903&rl=1#cmtfrm,蒙阴盛科污水处理,,,,@山东环境,@不浪费2,@生态梦人,@豫鲁风骨,@拨云见晴空,@临沂发布,@天天向上_1203,@赞成一切美好的,@还清风明月
山东环境,防霾治霾，共治共享##曝光台#【济南市环境保护局2015年11月环境违法信息公开】11月共7家企业违法被罚70.1855万元。http://t.cn/RUrZ1dk @山东环境 @微博济南 ​,6,8,10,2015-11-26 11:30:37,https://weibo.cn/comment/D5CgQwNYz?rl=1#cmtfrm,山东球墨铸铁管,1,济南环保,转发理由:#贯彻落实新环保法#11月份，@济南环保 对齐鲁天和惠世制药有限公司、山东球墨铸铁管有限公司等7家企业环境违法行为进行了处罚。其中，山东球墨铸铁管有限公司因烟尘和二氧化硫排放浓度分别超标被处罚两次。      ,@山东环境,@微博济南,@济南环保
山东环境,曝光台# 【济南市环境保护局2015年7月环境违法信息公开表 】7月份有6家企业被处罚8次共计76.5万元。包括:山东华尔康生物技术有限公司;山东球墨铸铁管有限公司;济南万兴达化工有限公司;济南巴德士化工有限公司;济南铁路房产集团有限公司热力分公司等@山东环境 @微博济南 @生态梦人 @绿行齐鲁 ​,2,10,7,2015-08-27 13:29:54,https://weibo.cn/comment/CxJKAlNDG?rl=1#cmtfrm,山东球墨铸铁管,1,济南环保,转发理由:#曝光台#7月份，济南市对6家企业进行了处罚。其中，山东华尔康生物技术有限公司、山东球墨铸铁管有限公司被处罚了两次。      ,@山东环境,@微博济南,@生态梦人,@绿行齐鲁
山东环境,曝光台#【责令限制生产决定书（山东球墨铸铁管有限公司）】@山东环境 @生态梦人 ​,2,13,1,2015-08-27 11:20:52,https://weibo.cn/comment/CxJPi0viM?rl=1#cmtfrm,山东球墨铸铁管,1,济南环保,转发理由:#贯彻落实新环保法#济南市环保局依法对山东球墨铸铁管有限公司下达《责令限制生产决定书》      ,@山东环境,@生态梦人
济南环保,#曝光台#【责令限制生产决定书（山东球墨铸铁管有限公司）】@山东环境 @生态梦人 ​,6,13,9,2015-08-27 11:14:23,https://weibo.cn/comment/CxJPi0viM?uid=3567934541&rl=1#cmtfrm,山东球墨铸铁管,,,,@山东环境,@生态梦人
济南环保,#曝光台# 【济南市环境保护局2015年7月环境违法信息公开表 】7月份有6家企业被处罚8次共计76.5万元。包括:山东华尔康生物技术有限公司;山东球墨铸铁管有限公司;济南万兴达化工有限公司;济南巴德士化工有限公司;济南铁路房产集团有限公司热力分公司等@山东环境 @微博济南 @生态梦人 @绿行齐鲁 ​,5,10,20,2015-08-27 11:02:47,https://weibo.cn/comment/CxJKAlNDG?uid=3567934541&rl=1#cmtfrm,山东球墨铸铁管,,,,@山东环境,@微博济南,@生态梦人,@绿行齐鲁
济南环保,#回声台#【关于于对网友反映山东球墨铸铁管有限公司排放异味情况的调查报告】 @山东环境 @生态梦人 @绿行齐鲁 @环保汪昭华 @绿满中华 ​,0,4,7,2015-01-07 15:51:21,https://weibo.cn/comment/BErWQk1nU?uid=3567934541&rl=1#cmtfrm,山东球墨铸铁管,,,,@山东环境,@生态梦人,@绿行齐鲁,@环保汪昭华,@绿满中华
山东环境,查处结果#关于网友反映“山东金晶科技股份有限公司NOX超标，污染环境”的问题，已经淄博市环境监察支队调查处理，现就有关情况答复如下，欢迎网友监督评议...（详见长微博）@山东环境@淄博发布@污染地图@公众环境马军   ​,2,9,4,2015-03-24 15:47:59,https://weibo.cn/comment/Ca2Un4DH2?rl=1#cmtfrm,山东金晶科技股份,1,淄博环保,转发理由:#互动#关于网友反映山东金晶科技股份有限公司NOX超标，污染环境的问题，已经@淄博环保 调查处理，欢迎网友监督评议。      ,@山东环境,@淄博发布,@污染地图,@公众环境马军,@淄博环保
淄博环保,#查处结果#关于网友反映“山东金晶科技股份有限公司NOX超标，污染环境”的问题，已经淄博市环境监察支队调查处理，现就有关情况答复如下，欢迎网友监督评议...（详见长微博）@山东环境@淄博发布@污染地图@公众环境马军   ​,4,9,21,2015-03-24 15:41:48,https://weibo.cn/comment/Ca2Un4DH2?uid=3114085181&rl=1#cmtfrm,山东金晶科技股份,,,,@山东环境,@淄博发布,@污染地图,@公众环境马军
罗庄环境,#我们在行动#夜鹰剿污突击队罗庄小队在行动。今晚我们夜查了罗庄区第二污水处理厂、盛阳焦化和豪门铝业，曝气效果均匀，进出水质正常。并沿途看了6个企业的墙外电子公示屏，显示均正常。@山东环境 @临沂环境 @01黑脸 @生态梦人 ​,6,0,0,2015-07-09 23:25:37,https://weibo.cn/comment/CqmFLq6lA?uid=5110084056&rl=1#cmtfrm,罗庄区第二污水处理厂,,,,@山东环境,@临沂环境,@生态梦人
罗庄环境,#我们在行动#夜鹰剿污别动队罗庄小队夜查总动员。第二小队还现场检查了山东盛阳焦化有限公司和罗庄区第二污水处理厂。发现盛阳焦化在线监测数据正常，罗庄区第二污水处理厂门口大屏幕显示不正常，已要求企业立即整改，进、出水口均采集水样，将送市监测站检测。@山东环境 @临沂环境 @01黑脸 @生态梦人 ​,8,7,6,2015-06-04 23:17:15,https://weibo.cn/comment/Cl2EZkrOF?uid=5110084056&rl=1#cmtfrm,罗庄区第二污水处理厂,,,,@山东环境,@临沂环境,@生态梦人
罗庄环境,我们在行动#夜鹰剿污别动队罗庄小队在行动。图为罗庄环保分局监察大队一中队队员们到罗庄区第二污水处理厂取水样调查。@生态梦人 @01黑脸 @山东环境 @临沂环境 ​,4,1,6,2015-05-18 22:40:33,https://weibo.cn/comment/Cis9ElFf8?uid=5110084056&rl=1#cmtfrm,罗庄区第二污水处理厂,,,,@生态梦人,@山东环境,@临沂环境
罗庄环境,#我们在行动#夜鹰剿污突击队罗庄小队在行动。今晚我们夜查了罗庄区第二污水处理厂、盛阳焦化和豪门铝业，曝气效果均匀，进出水质正常。并沿途看了6个企业的墙外电子公示屏，显示均正常。@山东环境 @临沂环境 @01黑脸 @生态梦人 ​,6,0,0,2015-07-09 23:25:37,https://weibo.cn/comment/CqmFLq6lA?uid=5110084056&rl=1#cmtfrm,罗庄区第二污水处理厂,,,,@山东环境,@临沂环境,@生态梦人
罗庄环境,#我们在行动#夜鹰剿污别动队罗庄小队夜查总动员。第二小队还现场检查了山东盛阳焦化有限公司和罗庄区第二污水处理厂。发现盛阳焦化在线监测数据正常，罗庄区第二污水处理厂门口大屏幕显示不正常，已要求企业立即整改，进、出水口均采集水样，将送市监测站检测。@山东环境 @临沂环境 @01黑脸 @生态梦人 ​,8,7,6,2015-06-04 23:17:15,https://weibo.cn/comment/Cl2EZkrOF?uid=5110084056&rl=1#cmtfrm,罗庄区第二污水处理厂,,,,@山东环境,@临沂环境,@生态梦人
罗庄环境,我们在行动#夜鹰剿污别动队罗庄小队在行动。图为罗庄环保分局监察大队一中队队员们到罗庄区第二污水处理厂取水样调查。@生态梦人 @01黑脸 @山东环境 @临沂环境 ​,4,1,6,2015-05-18 22:40:33,https://weibo.cn/comment/Cis9ElFf8?uid=5110084056&rl=1#cmtfrm,罗庄区第二污水处理厂,,,,@生态梦人,@山东环境,@临沂环境
济南环保,2015年8月12日下午在龙奥大厦召开【第22届国际历史科学大会空气质量保障动员大会】安排部署全市会议空气质量保障有关工作，重点企业（山钢股份济南分公司、蓝星石油济南分公司）及历下区环保局、市局高新分局做了表态发言。附参会企业名单 @山东环境 @微博济南 ​,3,5,31,2015-08-12 14:31:51,https://weibo.cn/comment/CvtHZtRHm?uid=3567934541&rl=1#cmtfrm,山钢股份,,,,@山东环境,@微博济南
济南环保,2015年8月12日下午在龙奥大厦召开【第22届国际历史科学大会空气质量保障动员大会】安排部署全市会议空气质量保障有关工作，重点企业（山钢股份济南分公司、蓝星石油济南分公司）及历下区环保局、市局高新分局做了表态发言。附参会企业名单 @山东环境 @微博济南 ​,3,5,31,2015-08-12 14:31:51,https://weibo.cn/comment/CvtHZtRHm?uid=3567934541&rl=1#cmtfrm,山钢股份,,,,@山东环境,@微博济南
烟台环境,冀东水泥(烟台)有限责任公司关于氮氧化物排放异常的回复。我发表了文章 关于冀东水泥氮氧化物异常的说明 @EProtector @山东环境 @绿行齐鲁 #蔚蓝地图##污染地图# ​,2,5,17,2015-04-01 11:37:24,https://weibo.cn/comment/CbeJ8ApKu?uid=3559965083&rl=1#cmtfrm,冀东水泥（烟台）,,,,@山东环境,@绿行齐鲁
山东环境,东水泥(烟台)有限责任公司关于氮氧化物排放异常的回复。我发表了文章 关于冀东水泥氮氧化物异常的说明 @EProtector @山东环境 @绿行齐鲁 #蔚蓝地图##污染地图# ​,3,5,2,2015-04-01 12:15:31,https://weibo.cn/comment/CbeJ8ApKu?rl=1#cmtfrm,冀东水泥（烟台）,1,烟台环境,,@山东环境,@绿行齐鲁
烟台环境,冀东水泥(烟台)有限责任公司关于氮氧化物排放异常的回复。我发表了文章 关于冀东水泥氮氧化物异常的说明 @EProtector @山东环境 @绿行齐鲁 #蔚蓝地图##污染地图# ​,2,5,17,2015-04-01 11:37:24,https://weibo.cn/comment/CbeJ8ApKu?uid=3559965083&rl=1#cmtfrm,冀东水泥（烟台）,,,,@山东环境,@绿行齐鲁
沈阳环保,沈阳蓝天行动# 鉴于国电沈阳热电3#、4#锅炉烟气超标的违法行为，市政府决定在2015年4月1日采暖期结束后，对该企业3#、4#锅炉实施关停。此次环保、公安的联合行动对沈阳热电厂3#、4#机组予以查封，打响了沈阳市“蓝天行动”的第一枪。 沈阳市环保局、公安局联合查封沈阳热电厂3#、4#机组 ​,3,6,4,2015-04-30 16:44:49,https://weibo.cn/comment/Cfvxj12rY?rl=1#cmtfrm,沈阳热电厂,1,沈阳环保,,@公众环境马军,@蔚蓝地图
潍坊环保,于二热电在线监测数据超标问题的说明:接到反映2015年7月13日潍坊市第二热电有限公司在线监测数据超标问题，我局高度重视，立即组织执法人员进行了调查，回复情况如下： 根据7月13日潍坊市 ...(发自@微博桌面 微博桌面首页） ​,0,5,4,2015-07-21 10:24:30,https://weibo.cn/comment/Cs6xXdzJa?rl=1#cmtfrm,潍坊第二热电,1,寒亭环保,转发理由:#回音#关于潍坊市第二热电有限公司在线数据超标问题，已由@寒亭环保调查处理，感谢对环保工作的关注。@山东环境 @蔚蓝地图@bluracle      ,@微博桌面,@寒亭环保调查处理,@山东环境,@蔚蓝地图
山东环境,互动# 【关于烟台华力热电供应有限公司氮氧化物超标排放问题的回复】请见长微博 @公众环境马军 @蔚蓝地图 @山东环境 @绿色潍坊 关于烟台华力热电供应有限公司氮氧化物超标问题的回复 ​,3,3,4,2015-12-25 16:46:08,https://weibo.cn/comment/Da33c2rkn?rl=1#cmtfrm,烟台华力热电供应,1,烟台环境,,@公众环境马军,@蔚蓝地图,@山东环境,@绿色潍坊,@烟台环境
烟台环境,#互动# 【关于烟台华力热电供应有限公司氮氧化物超标排放问题的回复】请见长微博 @公众环境马军 @蔚蓝地图 @山东环境 @绿色潍坊 关于烟台华力热电供应有限公司氮氧化物超标问题的回复 ​,7,3,7,2015-12-25 14:47:49,https://weibo.cn/comment/Da33c2rkn?uid=3559965083&rl=1#cmtfrm,烟台华力热电供应,,,,@公众环境马军,@蔚蓝地图,@山东环境,@绿色潍坊
烟台环境,015年12月12日02点，烟台华力热电有限公司在线监测数据，希望排放浓度高的企业作出公开说明！#蔚蓝地图#@山东环境 @烟台环境  ​,3,6,7,2015-12-16 15:13:22,https://weibo.cn/comment/D7ZwM43d7?rl=1#cmtfrm,烟台华力热电供应,1,花子风0916,转发理由:华力热电供应有限公司计划搬迁到烟台开发区，因此在实施脱硫改造后未进一步实施脱硝改造，出现氮氧化物超标问题。对此，我局依法对其实施了处罚并责令其限制生产，之后，该公司相继关停了3台燃煤锅炉，针对目前在产的最后一台锅炉，我局已经下达了停产整治决定，正在督促企业抓紧落实。@蔚蓝地图      ,@山东环境,@烟台环境,@蔚蓝地图
山东环境,回声台# 今天，烟台华力热电供应有限公司就废气排放超标问题向环保部门做出书面回复。感谢网友关注，并欢迎继续监督。@山东空气观察 @蔚蓝地图 @绿行齐鲁 ​,0,2,3,2015-06-12 12:02:14,https://weibo.cn/comment/CmbvHxa0L?rl=1#cmtfrm,烟台华力热电供应,1,烟台环境,转发理由:#互动#烟台华力热电供应有限公司关于废气排放超标问题的说明      ,@山东空气观察,@蔚蓝地图,@绿行齐鲁
烟台环境,#回声台# 今天，烟台华力热电供应有限公司就废气排放超标问题向环保部门做出书面回复。感谢网友关注，并欢迎继续监督。@山东空气观察 @蔚蓝地图 @绿行齐鲁 ​,1,2,5,2015-06-12 11:39:23,https://weibo.cn/comment/CmbvHxa0L?uid=3559965083&rl=1#cmtfrm,烟台华力热电供应,,,,@山东空气观察,@蔚蓝地图,@绿行齐鲁
青岛环保,经评审，我局决定命名青岛啤酒股份有限公司青岛啤酒二厂、中粮可口可乐饮料（山东）有限公司、市南区江苏路街道办事处齐东路社区居委会、青岛小川环保设备有限公司、青岛胶南中科成污水净化有限公司、青岛环境再生能源有限公司为青岛市市级环境教育基地。@青岛教育微博 @青岛交通广播FM897 @掌上青岛 ​,1,4,7,2015-11-27 10:52:40,https://weibo.cn/comment/D5LxPzMPf?uid=3245359303&rl=1#cmtfrm,青岛啤酒股份,,,,@青岛教育微博,@青岛交通广播FM897,@掌上青岛
莒县环保,五莲县第三污水处理厂试运行】5月16日，五莲城区第三污水处理厂正式进水调试运行。至此，历时16个月的五莲第三污水处理厂及配套管网建设项目一期工程基本完成。@山东环境 @日照发布 @五莲环保 ​,2,11,5,2015-05-23 10:01:27,https://weibo.cn/comment/CiRX6lk2X?rl=1#cmtfrm,莒县城市污水处理厂,1,日照环境,转发理由:感谢@沂水大小事 对莒县环保的关心和支持！目前莒县城区南有莒县城市污水处理厂，北有莒县城北污水处理厂，县城东部新区正在开工建设莒县城东污水处理厂。//@沂水大小事：大五莲赞一个，大莒县有没有？@莒县环保 //@沂水大小事:大五莲赞一个，大莒县有没有？@莒县环保 大美沂水有没有？@山东沂水环境      ,@山东环境,@日照发布,@五莲环保,@沂水大小事,@沂水大小事,@莒县环保,@沂水大小事,@莒县环保,@山东沂水环境
莒县环保,#小记者环保实践活动# 4月18日下午，山东广播电视台日照记者站组织莒县小记者团一行20多人，在县环保局工作人员协调安排下，走进莒县城市污水处理厂对城市污水处理工艺流程进行实地参观和采访活动。@山东环境 @日照环境 @WALLVs @绿色717 @大鹏2226 @环保老孙 @心悦山水 ​,8,13,75,2015-04-18 20:05:24,https://weibo.cn/comment/CdSjMimKT?uid=3548442991&rl=1#cmtfrm,莒县城市污水处理厂,,,,@山东环境,@日照环境,@绿色717,@大鹏2226,@环保老孙,@心悦山水
大丰市环保志愿者,2015年11月24日07点，福州经济技术开发区市政公用事业管理处长安污水处理厂在线监测数据，希望排放浓度高的企业作出公开说明！#蔚蓝地图#@公众环境马军 ​,2,4,5,2015-11-24 07:12:43,https://weibo.cn/comment/D5hP4dcC1?uid=1707640501&rl=1#cmtfrm,福州经济技术开发区市政公用事业管理处（快安污水处理厂）,,,,@公众环境马军
临沂环境,#我们在行动#夜鹰在行动[雷锋][雷锋][雷锋] 市政府副市长、党组成员侯晓滨同志亲自带队夜查[hold住][hold住][hold住]山东华宇铝电有限公司，检查组现场查看了大气治理设施和中控室，此次检查过程中未发现环境违法行为。@山东环境 @临沂发布 @01黑脸 @新浪山东临沂频道 @临沂微资讯 @临沂大小事 ​,8,6,6,2015-10-05 23:37:59,https://weibo.cn/comment/CDKmtFQVP?uid=3600956903&rl=1#cmtfrm,山东华宇铝电,,,,@山东环境,@临沂发布,@新浪山东临沂频道,@临沂微资讯,@临沂大小事
大丰市环保志愿者,2015年09月26日08点，神木县兴永兰炭有限责任公司在线监测数据，希望排放浓度高的企业作出公开说明！#蔚蓝地图#@公众环境马军 ​,1,0,0,2015-09-26 08:20:11,https://weibo.cn/comment/CChvtxmYK?uid=1707640501&rl=1#cmtfrm,神木县兴永兰炭,,,,@公众环境马军
柳州机车车辆厂,【“面夏背冬”的锻工】2016年的春运大幕即将拉开，为确保客车能按时参加春运，柳州机车车辆厂的工人们夜以继日地工作。机械车间的锻工师傅们面对着800℃的火炉，背对着8℃的寒风，他们自嘲说：“面对着盛夏，背对着寒冬”。@南宁铁路 @工人日报 @人民铁道网 @中国铁路 ​,0,0,0,2015-12-23 18:04:53,https://weibo.cn/comment/D9LubivVR?uid=3153855700&rl=1#cmtfrm,柳州机车车辆厂,,,,@南宁铁路,@工人日报,@人民铁道网,@中国铁路
柳州机车车辆厂,我分享了@人民铁道网 的文章 中国铁路95306网站正式上线运行 ​,0,0,0,2015-05-14 09:39:55,https://weibo.cn/comment/ChLkO6vh5?uid=3153855700&rl=1#cmtfrm,柳州机车车辆厂,,,,@人民铁道网
柳州机车车辆厂,我分享了@人民铁道网 的文章 人民铁道网2015年新春寄语：回家路上 ​,0,0,0,2015-02-15 02:27:28,https://weibo.cn/comment/C4kTzE0hs?uid=3153855700&rl=1#cmtfrm,柳州机车车辆厂,,,,@人民铁道网
大理市在线,关于网友@爱搭理123 反映的大理水务产业投资有限公司水费收费员服务态度差一事，大理市水务公司  回复如下：  @问政大理   首先感谢网友的热心关注！根据网友反映的情况，大理市水务公司高度重视。及时安排分管领导就网友反映的情况进行了解 …… ​,0,2,1,2015-06-03 14:53:35,https://weibo.cn/comment/CkPW3FBpD?uid=3812084754&rl=1#cmtfrm,大理水务产业投资,,,,@爱搭理123,@问政大理
烟台环境,#烟台环保投诉回复# 针对烟台白洋河水泥超标排放问题，企业已向栖霞环保部门做了回复：因企业SNCR控制系统死机，导致氮氧化物于4月19日21时超标排放，目前已恢复正常。@山东环境 @马-克-小小 @蔚蓝地图 ​,0,4,6,2015-04-20 10:34:11,https://weibo.cn/comment/Ce7qUBQxV?uid=3559965083&rl=1#cmtfrm,栖霞白洋河水泥,,,,@山东环境,@马-克-小小,@蔚蓝地图
济宁环境,@鲁在1066 @Ofhumanbondage @山东空气观察团 说：经我局调查，山东华金集团有限公司脱硝工程总投资576万元，现已经建成，正在调试运行阶段，预计6月底正常运转。 ​,0,2,0,2015-06-24 09:56:58,https://weibo.cn/comment/CmXK32qOd?rl=1#cmtfrm,山东华金集团,1,泗水环境,,@鲁在1066,@山东空气观察团,@蔚蓝地图
泗水环境,对@鲁在1066 @Ofhumanbondage @山东空气观察团 说：经我局调查，山东华金集团有限公司脱硝工程总投资576万元，现已经建成，正在调试运行阶段，预计6月底正常运转。 ​,0,2,5,2015-06-17 14:26:35,https://weibo.cn/comment/CmXK32qOd?uid=3960777495&rl=1#cmtfrm,山东华金集团,,,,@鲁在1066,@山东空气观察团
山东环境,于网友反映的微山湖热电有限公司排放的二氧化硫在线监测数据超标问题，经微山县环保局调查处理，现将结果进行公开，欢迎网友监督评议。@山东环境 @济宁环境 @渔人163 @不跑就飞 ​,2,4,4,2015-08-17 18:06:49,https://weibo.cn/comment/CwgbstywL?rl=1#cmtfrm,微山县微山湖热电,1,微山环境,转发理由:#互动#关于网友反映微山湖热电有限公司排放的二氧化硫在线监测数据超标问题，已经微山县环保局调查处理。欢迎网友监督评议。      ,@山东环境,@济宁环境,@渔人163,@不跑就飞
微山环境,关于网友反映的微山湖热电有限公司排放的二氧化硫在线监测数据超标问题，经微山县环保局调查处理，现将结果进行公开，欢迎网友监督评议。@山东环境 @济宁环境 @渔人163 @不跑就飞 ​,1,4,6,2015-08-17 17:56:18,https://weibo.cn/comment/CwgbstywL?uid=3911898840&rl=1#cmtfrm,微山县微山湖热电,,,,@山东环境,@济宁环境,@渔人163,@不跑就飞
青岛环保,【省环保厅对我市环保大检查工作进行督查】督查组对督查内容逐项考核落实，并现场检查了莱西和黄岛的环保工作，对新天地固体废物综合处置有限公司、大唐黄岛发电、青岛港集团和丽东化工有限公司执法检查。督查组对我市的工作总体上表示满意。@山东环境 @青岛发布 @青岛交通广播FM897 @掌上青岛   ​,4,3,12,2015-12-09 13:54:58,https://weibo.cn/comment/D7BRN0QwE?uid=3245359303&rl=1#cmtfrm,青岛新天地固体废物综合处置,,,,@山东环境,@青岛发布,@青岛交通广播FM897,@掌上青岛
青岛环保,【省环保厅对我市环保大检查工作进行督查】督查组对督查内容逐项考核落实，并现场检查了莱西和黄岛的环保工作，对新天地固体废物综合处置有限公司、大唐黄岛发电、青岛港集团和丽东化工有限公司执法检查。督查组对我市的工作总体上表示满意。@山东环境 @青岛发布 @青岛交通广播FM897 @掌上青岛   ​,4,3,12,2015-12-09 13:54:58,https://weibo.cn/comment/D7BRN0QwE?uid=3245359303&rl=1#cmtfrm,青岛新天地固体废物综合处置,,,,@山东环境,@青岛发布,@青岛交通广播FM897,@掌上青岛
青岛环保,经评审，我局决定命名青岛啤酒股份有限公司青岛啤酒二厂、中粮可口可乐饮料（山东）有限公司、市南区江苏路街道办事处齐东路社区居委会、青岛小川环保设备有限公司、青岛胶南中科成污水净化有限公司、青岛环境再生能源有限公司为青岛市市级环境教育基地。@青岛教育微博 @青岛交通广播FM897 @掌上青岛 ​,1,4,7,2015-11-27 10:52:40,https://weibo.cn/comment/D5LxPzMPf?uid=3245359303&rl=1#cmtfrm,青岛中科成污水净化,,,,@青岛教育微博,@青岛交通广播FM897,@掌上青岛
青岛环保,经评审，我局决定命名青岛啤酒股份有限公司青岛啤酒二厂、中粮可口可乐饮料（山东）有限公司、市南区江苏路街道办事处齐东路社区居委会、青岛小川环保设备有限公司、青岛胶南中科成污水净化有限公司、青岛环境再生能源有限公司为青岛市市级环境教育基地。@青岛教育微博 @青岛交通广播FM897 @掌上青岛 ​,1,4,7,2015-11-27 10:52:40,https://weibo.cn/comment/D5LxPzMPf?uid=3245359303&rl=1#cmtfrm,青岛中科成污水净化,,,,@青岛教育微博,@青岛交通广播FM897,@掌上青岛
山东环境,回声台#据网友反映，经查询济南东新热电有限公司，是瞬时超标，目前我市利用自动监测数据对企业超标处罚的方式是采用日均值超标立案处罚，对于小时的瞬时超标不立案处罚@米斯特_徐 @蔚蓝地图 @山东环境 ​,7,4,2,2015-12-08 15:33:11,https://weibo.cn/comment/D7t4adoeM?rl=1#cmtfrm,济南热电,1,济南环保,,@米斯特_徐,@蔚蓝地图,@山东环境,@济南环保
济南环保,#回声台#据网友反映，经查询济南东新热电有限公司，是瞬时超标，目前我市利用自动监测数据对企业超标处罚的方式是采用日均值超标立案处罚，对于小时的瞬时超标不立案处罚@米斯特_徐 @蔚蓝地图 @山东环境 ​,4,4,3,2015-12-08 15:30:44,https://weibo.cn/comment/D7t4adoeM?uid=3567934541&rl=1#cmtfrm,济南热电,,,,@米斯特_徐,@蔚蓝地图,@山东环境
绿色郑州,雾霾来了 除了吐槽还能做什么】或许在很多人眼中，雾霾的根源是工业污染，是污染企业在惹祸。其实，污染的产生与我们每一个人息息相关：大量私家车的排放，煤炭燃烧......雾霾袭来，我们并非只能吐槽和忍受。可以做的事情很多。驱散灰霾，我们不要作围观者，要变成行动派。雾霾来了 除了吐槽还能做什么 ​,1,7,0,2015-12-06 13:15:53,https://weibo.cn/comment/D78kGExmX?rl=1#cmtfrm,郑州新力电力,1,绿色郑州,"转发理由:您好！您所反映的是郑新电力公司，它是郑州市冬季居民采暖供热的一个重要热源点。根据2015蓝天工程行动计划，2015年6月底前,新力电力公司3、4、5号燃煤机组锅炉烟气完成脱硝治理。另外，新力电力公司计划两年后迁址荥阳市贾峪镇。//@郭志_远：竟然说郑州市区锅炉已拆玩，难道秦岭路的巨无霸是玩具      ",@郭志_远
山东环境,发表了文章【关于网友反映盛隆化工冒黄烟问题的说明】 关于对滕州环保微博舆情发现我公司冒烟 情况的说明 @蔚蓝地图 @山东空气观察团 @滕州网事 @山东环境 @绿行齐鲁 @环境保护主义者联盟 @看花开2013 @洞庭守护者 @湘潭环保迪迪 @得善行销 @公众环境马军 @珠海板牙 @荷风飘香999 ​,2,3,17,2015-05-21 15:55:44,https://weibo.cn/comment/CiRLn6Fgs?rl=1#cmtfrm,盛隆化工,1,滕州环保,,@蔚蓝地图,@山东空气观察团,@滕州网事,@山东环境,@绿行齐鲁,@环境保护主义者联盟,@看花开2013,@洞庭守护者,@湘潭环保迪迪,@得善行销,@公众环境马军,@珠海板牙,@荷风飘香999
滕州环保,我发表了文章【关于网友反映盛隆化工冒黄烟问题的说明】 关于对滕州环保微博舆情发现我公司冒烟 情况的说明 @蔚蓝地图 @山东空气观察团 @滕州网事 @山东环境 @绿行齐鲁 @环境保护主义者联盟 @看花开2013 @洞庭守护者 @湘潭环保迪迪 @得善行销 @公众环境马军 @珠海板牙 @荷风飘香999 ​,5,3,20,2015-05-21 15:52:09,https://weibo.cn/comment/CiRLn6Fgs?uid=3771166944&rl=1#cmtfrm,盛隆化工,,,,@蔚蓝地图,@山东空气观察团,@滕州网事,@山东环境,@绿行齐鲁,@环境保护主义者联盟,@看花开2013,@洞庭守护者,@湘潭环保迪迪,@得善行销,@公众环境马军,@珠海板牙,@荷风飘香999
滕州环保,关于滕州环保微博舆情反映盛隆化工二氧化硫超标问题，经我局工作人员调查处理，盛隆化工有限公司作出如下解释。@枣庄环保政务微博 @山东环境 @山东空气观察团 @蔚蓝地图我发表了文章 关于对微博发现反映盛隆化工二氧化硫超标排放问题的说明 ​,0,1,3,2015-04-07 15:45:36,https://weibo.cn/comment/CcaURtHry?uid=3771166944&rl=1#cmtfrm,盛隆化工,,,,@枣庄环保政务微博,@山东环境,@山东空气观察团,@蔚蓝地图我发表了文章
山东环境,关于网友反映华能威海发电有限责任公司氮氧化物超标问题的回复】@EProtector@威海环境 ​,3,2,5,2015-04-07 15:57:41,https://weibo.cn/comment/CcaWnsSwG?rl=1#cmtfrm,华能威海发电,1,威海经区环保分局v,转发理由:#互动#关于网友反映的华能威海发电有限责任公司氮氧化物超标的问题，已经@威海经区环保分局v 调查处理。欢迎网友监督评议。//@威海环境: #威环说事#【微回复】关于网友反映华能威海发电有限责任公司氮氧化物超标问题的回复      ,@威海环境,@威海经区环保分局v,@威海环境
山东环境,查处结果#关于网友反映“淄博热电集团公司NOX超标，污染环境”的问题，已经淄博市环境监察支队调查处理，现就有关情况答复如下，欢迎网友监督评议...（详见长微博）@山东环境@淄博发布@污染地图@公众环境马军   ​,2,5,7,2015-03-24 15:36:17,https://weibo.cn/comment/Ca2QI8SKa?rl=1#cmtfrm,淄博热电集团公司,1,淄博环保,转发理由:#互动#关于网友反映淄博热电集团公司NOX超标，污染环境的问题，已经@淄博环保 调查处理，欢迎网友监督评议。      ,@山东环境,@淄博发布,@污染地图,@公众环境马军,@淄博环保
淄博环保,#查处结果#关于网友反映“淄博热电集团公司NOX超标，污染环境”的问题，已经淄博市环境监察支队调查处理，现就有关情况答复如下，欢迎网友监督评议...（详见长微博）@山东环境@淄博发布@污染地图@公众环境马军   ​,2,5,10,2015-03-24 15:32:47,https://weibo.cn/comment/Ca2QI8SKa?uid=3114085181&rl=1#cmtfrm,淄博热电集团公司,,,,@山东环境,@淄博发布,@污染地图,@公众环境马军
烟台环境,我省重污染红色预警解除！济钢等企业被查出超排】据省环境信息与监控中心和省气象台预测，自2015年12月25日起，省级红色预警区域（德州、聊城、东营、滨州4市）空气质量指数AQI将低于红色预警条件，且预计48小时不会反弹。部分企业出现瞬时超标排放的现象http://t.cn/R45O0BG ​,3,33,15,2015-12-26 09:55:19,https://weibo.cn/comment/Da9I55DSX?rl=1#cmtfrm,烟台三菱水泥,1,齐鲁晚报,转发理由:华力热电不属瞬间超标，环保部门已经处罚，并正对其强化监管 /@绿色潍坊:报道这几家超排企业要注意了：青岛高科热力、烟台华力热电、烟台三菱水泥、青岛热电等企业均在部分时段出现二氧化硫、氮氧化物等气体瞬时超标排放的现象。@烟台环境@青岛环保@好空气自然田@好空气保卫侠@蔚蓝地图@公众环境马军      ,@绿色潍坊,@烟台环境,@青岛环保,@好空气自然田,@好空气保卫侠,@蔚蓝地图,@公众环境马军
烟台环境,于烟台三菱水泥有限公司2015年4月2日在线监测二氧化硫超标排放的回复：经查，由于该公司生料磨故障停机维修，致使本应通过生料磨的高温烟气不通过生料磨系统，烟气中的二氧化硫不能与生料进行反应，使二氧化硫超标排放。执法人员要求加强设备管理，减少生料磨故障率，确保污染物达标排放。@烟台环境 ​,1,3,0,2015-04-03 14:59:10,https://weibo.cn/comment/CbxiszACY?rl=1#cmtfrm,烟台三菱水泥,1,栖霞环境,,@烟台环境,@蔚蓝地图
山东环境,于烟台三菱水泥有限公司2015年4月2日在线监测二氧化硫超标排放的回复：经查，由于该公司生料磨故障停机维修，致使本应通过生料磨的高温烟气不通过生料磨系统，烟气中的二氧化硫不能与生料进行反应，使二氧化硫超标排放。执法人员要求加强设备管理，减少生料磨故障率，确保污染物达标排放。@烟台环境 ​,3,3,5,2015-04-03 14:12:14,https://weibo.cn/comment/CbxiszACY?rl=1#cmtfrm,烟台三菱水泥,1,栖霞环境,,@烟台环境,@栖霞环境,@烟台环境,@山东环境
兖州环境,015年04月24日09点，青岛钢铁集团兖州焦化厂在线监测数据，希望排放浓度高的企业作出公开说明！#蔚蓝地图##污染地图#@山东环境 @济宁环境 @兖州环境 @绿行齐鲁 @山东空气观察团 @蔚蓝地图 ​,0,16,20,2015-04-24 10:10:28,https://weibo.cn/comment/CeIEvnaXc?rl=1#cmtfrm,青岛钢铁集团兖州焦化厂,1,Bluracle,转发理由:青岛钢铁集团兖州焦化厂目前上传的在线监测数据，为其35t/h工业燃气锅炉上安装的在线监测设备数据。按照《山东省锅炉大气污染物排放标准》（DB37/2374-2013），使用煤制气的锅炉执行表2燃煤锅炉标准，为SO2 :200mg/m3、NOX:300 mg/m3、烟尘:30 mg/m3。      ,@山东环境,@济宁环境,@兖州环境,@绿行齐鲁,@山东空气观察团,@蔚蓝地图
临沂环境,#我们在行动#夜鹰在行动[雷锋][雷锋][雷锋]临沂江鑫钢铁有限公司，检查组现场查看了大气治理设施和中控室，此次检查过程中未发现环境违法行为。@山东环境 @生态梦人 @01黑脸 ​,8,4,7,2015-10-06 00:31:17,https://weibo.cn/comment/CDKI7giwf?uid=3600956903&rl=1#cmtfrm,临沂江鑫钢铁,,,,@山东环境,@生态梦人
山东环境,【山东：晒严打非法排污、食品犯罪成绩单】济南裕兴化工安全环保部负责人说，“原来可能只是说说，但新环保法实施后，罚单开出来，多数企业都认识到了严肃性。”按日计罚动真格的，让很多企业意识到，环保真不是儿戏，一旦开出罚单，那可不是闹着玩的。@大众网 @山东商报 http://t.cn/R2dXb8t ​,2,3,17,2015-06-24 15:01:16,https://weibo.cn/comment/Co1XBfQ41?uid=3354394424&rl=1#cmtfrm,济南裕兴化工,,,,@大众网,@山东商报
济南环保,回声台#【关于关于济南裕兴化工有限责任公司氮氧化物超标排放处理情况的汇报】新环保法实施的力度。 @山东环境 @生态梦人 @绿行齐鲁 @公众环境马军 @污染地图 @米斯特_徐 ​,0,21,30,2015-01-27 17:30:38,https://weibo.cn/comment/C1wZShcgg?rl=1#cmtfrm,济南裕兴化工,1,济南环保,转发理由:更正：2，2015年1月23日对济南裕兴化工有限责任公司1月17日-22日排放氮氧化物超标进行处罚，该处罚为按日计罚，共处罚48万元。望亲们见谅。      ,@山东环境,@生态梦人,@绿行齐鲁,@公众环境马军,@污染地图,@米斯特_徐
济南环保,#回声台#【关于关于济南裕兴化工有限责任公司氮氧化物超标排放处理情况的汇报】新环保法实施的力度。 @山东环境 @生态梦人 @绿行齐鲁 @公众环境马军 @污染地图 @米斯特_徐 ​,2,21,45,2015-01-27 15:45:01,https://weibo.cn/comment/C1wZShcgg?uid=3567934541&rl=1#cmtfrm,济南裕兴化工,,,,@山东环境,@生态梦人,@绿行齐鲁,@公众环境马军,@污染地图,@米斯特_徐
长春市环境保护局,长春身边事# 汽车开发区绿新大市场附近@长春热门 @长春西门大官人 @长春市环境保护局 @长春饭店小奶油 ​,1,6,1,2015-11-24 16:01:55,https://weibo.cn/comment/D2By9lycL?rl=1#cmtfrm,长春市热力（集团）,1,长春小亮子,转发理由:您好，经调查，长春市热力（集团）有限责任公司绿新大市场锅炉房烟囱冒黑烟情况属实，市环保局已责令该单位停止超标排放大气污染物，并进行整改，保证环保设施正常运行，做到达标排放。并拟对该单位进行处罚。如再发现冒黑烟情况，将从重处罚。      ,@长春热门,@长春西门大官人,@长春市环境保护局,@长春饭店小奶油
大丰市环保志愿者,2015年11月02日10点，兰精（南京）纤维有限公司在线监测数据，希望排放浓度高这的企业作出公开说明！#蔚蓝地图#@江苏环保 @蔚蓝地图 @公众环境马军 我经常看到它排放超标，是检测设备的问题，还是此企业就正常超标排放？ ​,3,1,2,2015-11-02 10:52:43,https://weibo.cn/comment/D1XRrjBQQ?uid=1707640501&rl=1#cmtfrm,兰精（南京）纤维,,,,@江苏环保,@蔚蓝地图,@公众环境马军
大丰市环保志愿者,2015年09月26日08点，兰精（南京）纤维有限公司在线监测数据，希望排放浓度高的企业作出公开说明！#蔚蓝地图#@公众环境马军 @江苏环保 @南京人大 .是仪器坏了还是正常超标? ​,0,0,1,2015-09-26 08:24:33,https://weibo.cn/comment/CChxfpckD?uid=1707640501&rl=1#cmtfrm,兰精（南京）纤维,,,,@公众环境马军,@江苏环保,@南京人大
大丰市环保志愿者,2015年08月07日08点，兰精（南京）纤维有限公司在线监测数据，希望排放浓度高的企业作出公开说明！#蔚蓝地图#@江苏环保 @微言环保 @中国环境新闻 ​,0,0,0,2015-08-07 08:30:02,https://weibo.cn/comment/CuGcEcdTn?uid=1707640501&rl=1#cmtfrm,兰精（南京）纤维,,,,@江苏环保,@微言环保,@中国环境新闻
肥城环境,相关部门关注，希望排放浓度高的企业进行公开说明！并进行整治！@济南环保 @绿行齐鲁 @平阴环保 @央视新闻 ​,0,4,1,2015-05-29 18:31:41,https://weibo.cn/comment/CjPP2chEF?rl=1#cmtfrm,山东石横特钢集团,1,sunshine王淑琪,转发理由:经查，山东石横特钢集团有限公司烧结机1#在线监测设备因安装动态监控导致5月27日下午出现故障。第三方运营公司已对此出具了故障说明。我局将加大对该公司的监管力度，要求其污染防治设施正常运转，污染物稳定达标排放。 //@泰安环境:请@肥城环境 调查处理，并及时回复。      ,@济南环保,@绿行齐鲁,@平阴环保,@央视新闻,@泰安环境,@肥城环境
昆明市环保局,#微博回音壁# @公众环境马军 网友“公众环境马军”你好，你反映的宜良红狮水泥有限公司窑头烟尘自2015年11月8日后为何没有数据的情况我局已知悉，现将调查处理情况简要回复如下，感谢你对环保工作的理解与支持。 ​,0,3,0,2015-11-30 13:37:58,https://weibo.cn/comment/D6eUq6sge?uid=3806199621&rl=1#cmtfrm,宜良红狮水泥,,,,@公众环境马军
莒县环保,五莲县第三污水处理厂试运行】5月16日，五莲城区第三污水处理厂正式进水调试运行。至此，历时16个月的五莲第三污水处理厂及配套管网建设项目一期工程基本完成。@山东环境 @日照发布 @五莲环保 ​,2,11,5,2015-05-23 10:01:27,https://weibo.cn/comment/CiRX6lk2X?rl=1#cmtfrm,城北污水处理厂,1,日照环境,转发理由:感谢@沂水大小事 对莒县环保的关心和支持！目前莒县城区南有莒县城市污水处理厂，北有莒县城北污水处理厂，县城东部新区正在开工建设莒县城东污水处理厂。//@沂水大小事：大五莲赞一个，大莒县有没有？@莒县环保 //@沂水大小事:大五莲赞一个，大莒县有没有？@莒县环保 大美沂水有没有？@山东沂水环境      ,@山东环境,@日照发布,@五莲环保,@沂水大小事,@沂水大小事,@莒县环保,@沂水大小事,@莒县环保,@山东沂水环境
莒县环保,全县总量减排工作调度会】为推动污染减排工作扎实开展，确保全县“十二五”主要污染物总量减排计划全面完成，4月1日上午，莒县政府在县环保局四楼会议室召开全县总量减排工作调度会。部分县直单位、乡镇（街道）分管负责人，9家重点减排企业主要负责人参加会议。@山东环境 @日照环境 @生态小哥 ​,0,5,3,2015-04-01 12:10:26,https://weibo.cn/comment/CbeQcdoK5?rl=1#cmtfrm,城北污水处理厂,1,莒县环保,转发理由:一、尽快完善重点减排工程。将莒县城北污水处理厂、莒县第二污水处理厂、莒县刘官庄镇污水处理厂负荷提升到70%以上，莒县刘官庄镇污水处理厂、柳青河人工湿地在线监控设施与环保部门联网并上传数据。@山东环境 @日照环境 @环保老孙 @WALLVs @绿色717 @寻梦12369      ,@山东环境,@日照环境,@生态小哥,@山东环境,@日照环境,@环保老孙,@绿色717,@寻梦12369
青岛环保,【省环保厅对我市环保大检查工作进行督查】督查组对督查内容逐项考核落实，并现场检查了莱西和黄岛的环保工作，对新天地固体废物综合处置有限公司、大唐黄岛发电、青岛港集团和丽东化工有限公司执法检查。督查组对我市的工作总体上表示满意。@山东环境 @青岛发布 @青岛交通广播FM897 @掌上青岛   ​,4,3,12,2015-12-09 13:54:58,https://weibo.cn/comment/D7BRN0QwE?uid=3245359303&rl=1#cmtfrm,大唐黄岛发电,,,,@山东环境,@青岛发布,@青岛交通广播FM897,@掌上青岛
青岛环保,【2015青岛37项市办实事部分超额完成 进展公布】青岛碱业、青岛恒源热电、青岛能源热电等33台锅炉已完成治理，占年计划的82.5%，大唐黄岛发电厂等其余7台锅炉已全部开工建设。@青岛交通广播FM897 @掌上青岛 2015青岛37项市办实事部分超额完成 进展公布  ​,0,3,8,2015-08-14 11:01:31,https://weibo.cn/comment/CvLbCylXU?uid=3245359303&rl=1#cmtfrm,大唐黄岛发电,,,,@青岛交通广播FM897,@掌上青岛
青岛环保,[话筒]上半年，青岛能源热电有限公司等20台燃煤锅炉废气污染治理已完成，大唐黄岛发电厂等14台锅炉已开工建设，开工及完成率达到85%。今年我市将实施市区燃煤锅炉污染治理项目40个，市区两级财政投入1亿元用于对治理企业进行补助。@青岛发布 @山东环境 @青岛交通广播FM897 @掌上青岛 @sina青岛头条 ​,2,2,4,2015-07-06 14:37:53,https://weibo.cn/comment/CpQW4eR3P?uid=3245359303&rl=1#cmtfrm,大唐黄岛发电,,,,@青岛发布,@山东环境,@青岛交通广播FM897,@掌上青岛
青岛环保,度市保持打击直排偷排高压态势，1-4月份出动执法车辆220余台次、执法人员650余人次，检查企业350余家，共审查行政处罚案件17件，移送公安机关1件。 @平度发布 @平度环保 @青岛交通广播FM897 @掌上青岛 ​,0,1,2,2015-05-18 11:01:01,https://weibo.cn/comment/Cinz6kQHF?rl=1#cmtfrm,青岛崇杰环保平度污水处理,1,青岛环保,,@平度发布,@平度环保,@青岛交通广播FM897,@掌上青岛
莱州环境,莱州金兴化工有限责任公司、山东黄金矿业（莱州）有限公司精炼厂对罚款的自动履行情况。@山东环境 @烟台环境 @绿色潍坊 ​,1,0,1,2015-12-23 10:14:09,https://weibo.cn/comment/D9Ip71Dl1?uid=3145392337&rl=1#cmtfrm,山东黄金矿业（莱州）,,,,@山东环境,@烟台环境,@绿色潍坊
莱州环境,我局对山东黄金矿业（莱州）有限公司精炼厂做出的行政处罚决定。@烟台环境 @山东环境 @绿色潍坊 ​,0,1,3,2015-12-23 10:11:50,https://weibo.cn/comment/D9IoatnyQ?uid=3145392337&rl=1#cmtfrm,山东黄金矿业（莱州）,,,,@烟台环境,@山东环境,@绿色潍坊
大丰市环保志愿者,2015年11月24日07点，福州经济技术开发区市政公用事业管理处长安污水处理厂在线监测数据，希望排放浓度高的企业作出公开说明！#蔚蓝地图#@公众环境马军 ​,2,4,5,2015-11-24 07:12:43,https://weibo.cn/comment/D5hP4dcC1?uid=1707640501&rl=1#cmtfrm,开发区污水处理厂,,,,@公众环境马军
山东环境,民@沂南事儿”通过微博反映：2015年6月18日19点左右，沂南县经济开发区胡家庄北污水处理厂出现污水倒流，流入沂河，河水污染严重，有村民反映地下水成黑色有异味。 一、基本情况 经 ...(发自@微博桌面 微博桌面首页） ​,1,4,3,2015-06-23 16:02:37,https://weibo.cn/comment/CnSP7mt3c?rl=1#cmtfrm,开发区污水处理厂,1,沂南环境,转发理由:#互动#关于网友反映的沂南县经济开发区胡家庄北污水处理厂出现污水倒流的污染问题，已经@沂南环境 调查处理，欢迎网友监督评议。      ,@沂南事儿,@微博桌面,@沂南环境
沂南环境,网民@沂南事儿”通过微博反映：2015年6月18日19点左右，沂南县经济开发区胡家庄北污水处理厂出现污水倒流，流入沂河，河水污染严重，有村民反映地下水成黑色有异味。 一、基本情况 经 ...(发自@微博桌面 微博桌面首页） ​,2,4,9,2015-06-23 15:45:38,https://weibo.cn/comment/CnSP7mt3c?uid=3803678055&rl=1#cmtfrm,开发区污水处理厂,,,,@沂南事儿,@微博桌面
莒县环保,新环保法知识竞赛#为深入贯彻落实新《环保法》知识，强化企业的环保意识和守法意识，5月21日莒县环保局、莒县电视台共同举办了“法进企业”新环保法知识竞赛。12支企业代表队经过初赛、决赛激烈角逐，最后决出了一、二、三等奖。大众网日照频道记者现场进行了采访报道。@日照环境 @环保老孙 @WALLVs ​,2,3,1,2015-05-22 19:45:00,https://weibo.cn/comment/Cj2FSqqo2?rl=1#cmtfrm,莒县第二污水处理厂,1,莒县环保,转发理由:莒县第二污水处理厂、日照金禾博源生化有限公司两支企业代表队获得并列第一的好成绩，并代表莒县参加日照市环保志愿者协会、大众网日照频道联合主办的新环保法知识竞赛总决赛。      ,@日照环境,@环保老孙
莒县环保,全县总量减排工作调度会】为推动污染减排工作扎实开展，确保全县“十二五”主要污染物总量减排计划全面完成，4月1日上午，莒县政府在县环保局四楼会议室召开全县总量减排工作调度会。部分县直单位、乡镇（街道）分管负责人，9家重点减排企业主要负责人参加会议。@山东环境 @日照环境 @生态小哥 ​,0,5,3,2015-04-01 12:10:26,https://weibo.cn/comment/CbeQcdoK5?rl=1#cmtfrm,莒县第二污水处理厂,1,莒县环保,转发理由:一、尽快完善重点减排工程。将莒县城北污水处理厂、莒县第二污水处理厂、莒县刘官庄镇污水处理厂负荷提升到70%以上，莒县刘官庄镇污水处理厂、柳青河人工湿地在线监控设施与环保部门联网并上传数据。@山东环境 @日照环境 @环保老孙 @WALLVs @绿色717 @寻梦12369      ,@山东环境,@日照环境,@生态小哥,@山东环境,@日照环境,@环保老孙,@绿色717,@寻梦12369
莒县环保,全县总量减排工作调度会】为推动污染减排工作扎实开展，确保全县“十二五”主要污染物总量减排计划全面完成，4月1日上午，莒县政府在县环保局四楼会议室召开全县总量减排工作调度会。部分县直单位、乡镇（街道）分管负责人，9家重点减排企业主要负责人参加会议。@山东环境 @日照环境 @生态小哥 ​,0,5,3,2015-04-01 12:10:26,https://weibo.cn/comment/CbeQcdoK5?rl=1#cmtfrm,莒县第二污水处理厂,1,莒县环保,转发理由:一、尽快完善重点减排工程。将莒县城北污水处理厂、莒县第二污水处理厂、莒县刘官庄镇污水处理厂负荷提升到70%以上，莒县刘官庄镇污水处理厂、柳青河人工湿地在线监控设施与环保部门联网并上传数据。@山东环境 @日照环境 @环保老孙 @WALLVs @绿色717 @寻梦12369      ,@山东环境,@日照环境,@生态小哥,@山东环境,@日照环境,@环保老孙,@绿色717,@寻梦12369
环保东营,#回音廊#关于5月19日东营首创水务有限公司在线监控数据异常的说明：经核实，该污水处理厂5月19日出水量显示79176001m3/h，实际建设处理能力60000m3/d，显示出水量超出了处理能力。目前已申报设备故障并经运营方维护检修。@霸天虎V5 @山东环境@黄三角早报-东营 @蔚蓝地图 ​,0,3,10,2015-06-02 17:38:41,https://weibo.cn/comment/CkHAzrH2J?uid=1602726821&rl=1#cmtfrm,东营首创水务,,,,@霸天虎V5,@山东环境,@黄三角早报-东营,@蔚蓝地图
山东环境,回音廊#关于5月19日东营首创水务有限公司在线监控数据异常的说明：经核实，该污水处理厂5月19日出水量显示79176001m3/h，实际建设处理能力60000m3/d，显示出水量超出了处理能力。目前已申报设备故障并经运营方维护检修。@霸天虎V5 @山东环境@黄三角早报-东营 @蔚蓝地图 ​,0,3,4,2015-06-02 17:44:11,https://weibo.cn/comment/CkHAzrH2J?rl=1#cmtfrm,东营首创水务,1,环保东营,,@霸天虎V5,@山东环境,@黄三角早报-东营,@蔚蓝地图,@环保东营
环保东营,#回音廊#关于5月19日东营首创水务有限公司在线监控数据异常的说明：经核实，该污水处理厂5月19日出水量显示79176001m3/h，实际建设处理能力60000m3/d，显示出水量超出了处理能力。目前已申报设备故障并经运营方维护检修。@霸天虎V5 @山东环境@黄三角早报-东营 @蔚蓝地图 ​,0,3,10,2015-06-02 17:38:41,https://weibo.cn/comment/CkHAzrH2J?uid=1602726821&rl=1#cmtfrm,东营首创水务,,,,@霸天虎V5,@山东环境,@黄三角早报-东营,@蔚蓝地图
青岛环保,经评审，我局决定命名青岛啤酒股份有限公司青岛啤酒二厂、中粮可口可乐饮料（山东）有限公司、市南区江苏路街道办事处齐东路社区居委会、青岛小川环保设备有限公司、青岛胶南中科成污水净化有限公司、青岛环境再生能源有限公司为青岛市市级环境教育基地。@青岛教育微博 @青岛交通广播FM897 @掌上青岛 ​,1,4,7,2015-11-27 10:52:40,https://weibo.cn/comment/D5LxPzMPf?uid=3245359303&rl=1#cmtfrm,青岛胶南中科成污水净化,,,,@青岛教育微博,@青岛交通广播FM897,@掌上青岛
青岛环保,经评审，我局决定命名青岛啤酒股份有限公司青岛啤酒二厂、中粮可口可乐饮料（山东）有限公司、市南区江苏路街道办事处齐东路社区居委会、青岛小川环保设备有限公司、青岛胶南中科成污水净化有限公司、青岛环境再生能源有限公司为青岛市市级环境教育基地。@青岛教育微博 @青岛交通广播FM897 @掌上青岛 ​,1,4,7,2015-11-27 10:52:40,https://weibo.cn/comment/D5LxPzMPf?uid=3245359303&rl=1#cmtfrm,青岛胶南中科成污水净化,,,,@青岛教育微博,@青岛交通广播FM897,@掌上青岛
李沧环保,沧区海岸华府小区，最近经常被浓重的汽油味熏得头疼，晚上窗户关严实了，还是很大的气味，持续将近一个月了，打过12369，说是石化厂检修，具体持续多久一直没回复。这种污染对我们的危害太大了@青岛环保 @半岛都市报 @青岛电视台今日 @半岛网 @今日青岛 @青岛新闻网 @QTV-2生活在线 ​,0,21,3,2015-10-09 13:55:46,https://weibo.cn/comment/CE9QMlwsd?rl=1#cmtfrm,中国石化青岛石油化工,1,Chris李宁,,@青岛环保,@半岛都市报,@青岛电视台今日,@半岛网,@今日青岛,@青岛新闻网
李沧环保,沧区海岸华府小区，最近经常被浓重的汽油味熏得头疼，晚上窗户关严实了，还是很大的气味，持续将近一个月了，打过12369，说是石化厂检修，具体持续多久一直没回复。这种污染对我们的危害太大了@青岛环保 @半岛都市报 @青岛电视台今日 @半岛网 @今日青岛 @青岛新闻网 @QTV-2生活在线 ​,0,21,1,2015-10-09 13:55:32,https://weibo.cn/comment/CE9QMlwsd?rl=1#cmtfrm,中国石化青岛石油化工,1,Chris李宁,,@青岛环保,@半岛都市报,@青岛电视台今日,@半岛网,@今日青岛,@青岛新闻网
龙口环境,015年08月31日19点，龙口市第二污水处理厂在线监测数据，希望排放浓度高的企业作出公开说明！#蔚蓝地图#@蔚蓝地图 @绿行齐鲁 @山东空气观察团 @龙口环境 ​,0,5,0,2015-09-29 11:47:43,https://weibo.cn/comment/CyoL8yKVp?rl=1#cmtfrm,龙口市第二污水处理厂,1,Bluracle,转发理由:您好，经龙口市环保局调查，您反映的龙口市第二污水处理厂COD在线监测值超标的情况是由于之前进该污水处理厂的水量突然大幅增加导致超过设施处理能力而不能正常运行。我局已要求污水处理厂进行设施改造，提高适应进水变化的能力，预计10月底改造完毕。      ,@蔚蓝地图,@绿行齐鲁,@山东空气观察团,@龙口环境
临沂环境,“向污染宣战”[雷锋]我们的环保夜战，让污染无处可藏！第一站临沂市第二污水处理厂[噢耶]@山东环境 @不浪费2 @生态梦人 @豫鲁风骨@临沂大小事 @01黑脸 @赞成一切美好的 @天天向上_1203 ​,12,18,18,2015-01-15 19:13:08,https://weibo.cn/comment/BFGGI0aMj?uid=3600956903&rl=1#cmtfrm,临沂市第二污水处理厂,,,,@山东环境,@不浪费2,@生态梦人,@豫鲁风骨,@临沂大小事,@赞成一切美好的,@天天向上_1203
唐山网警巡查执法,#唐山警方辟谣# 6月18日16时25分左右，唐山三友硅业有限责任公司有机硅厂区废料区废料自燃。截至17时30分，现场火势基本扑灭。火灾发生现场远离生产区域，无人员伤亡。提醒大家，不要相信网民散布的关于有人员伤亡的造谣信息。@唐山首发 @唐山头条 @唐山全攻略 ​,7,4,11,2015-06-19 17:13:31,https://weibo.cn/comment/CnhGNpOEP?uid=5611238757&rl=1#cmtfrm,唐山三友硅业,,,,@唐山首发,@唐山头条,@唐山全攻略
罗庄环境,#我们在行动#夜鹰剿污突击队罗庄小队在行动。今晚我们夜查了罗庄区第二污水处理厂、盛阳焦化和豪门铝业，曝气效果均匀，进出水质正常。并沿途看了6个企业的墙外电子公示屏，显示均正常。@山东环境 @临沂环境 @01黑脸 @生态梦人 ​,6,0,0,2015-07-09 23:25:37,https://weibo.cn/comment/CqmFLq6lA?uid=5110084056&rl=1#cmtfrm,罗庄区污水处理厂,,,,@山东环境,@临沂环境,@生态梦人
罗庄环境,#我们在行动#夜鹰剿污别动队罗庄小队夜查总动员。第二小队还现场检查了山东盛阳焦化有限公司和罗庄区第二污水处理厂。发现盛阳焦化在线监测数据正常，罗庄区第二污水处理厂门口大屏幕显示不正常，已要求企业立即整改，进、出水口均采集水样，将送市监测站检测。@山东环境 @临沂环境 @01黑脸 @生态梦人 ​,8,7,6,2015-06-04 23:17:15,https://weibo.cn/comment/Cl2EZkrOF?uid=5110084056&rl=1#cmtfrm,罗庄区污水处理厂,,,,@山东环境,@临沂环境,@生态梦人
罗庄环境,我们在行动#夜鹰剿污别动队罗庄小队在行动。图为罗庄环保分局监察大队一中队队员们到罗庄区第二污水处理厂取水样调查。@生态梦人 @01黑脸 @山东环境 @临沂环境 ​,4,1,6,2015-05-18 22:40:33,https://weibo.cn/comment/Cis9ElFf8?uid=5110084056&rl=1#cmtfrm,罗庄区污水处理厂,,,,@生态梦人,@山东环境,@临沂环境
罗庄环境,#我们在行动#夜鹰剿污突击队罗庄小队在行动。今晚我们夜查了罗庄区第二污水处理厂、盛阳焦化和豪门铝业，曝气效果均匀，进出水质正常。并沿途看了6个企业的墙外电子公示屏，显示均正常。@山东环境 @临沂环境 @01黑脸 @生态梦人 ​,6,0,0,2015-07-09 23:25:37,https://weibo.cn/comment/CqmFLq6lA?uid=5110084056&rl=1#cmtfrm,罗庄区污水处理厂,,,,@山东环境,@临沂环境,@生态梦人
罗庄环境,#我们在行动#夜鹰剿污别动队罗庄小队夜查总动员。第二小队还现场检查了山东盛阳焦化有限公司和罗庄区第二污水处理厂。发现盛阳焦化在线监测数据正常，罗庄区第二污水处理厂门口大屏幕显示不正常，已要求企业立即整改，进、出水口均采集水样，将送市监测站检测。@山东环境 @临沂环境 @01黑脸 @生态梦人 ​,8,7,6,2015-06-04 23:17:15,https://weibo.cn/comment/Cl2EZkrOF?uid=5110084056&rl=1#cmtfrm,罗庄区污水处理厂,,,,@山东环境,@临沂环境,@生态梦人
罗庄环境,我们在行动#夜鹰剿污别动队罗庄小队在行动。图为罗庄环保分局监察大队一中队队员们到罗庄区第二污水处理厂取水样调查。@生态梦人 @01黑脸 @山东环境 @临沂环境 ​,4,1,6,2015-05-18 22:40:33,https://weibo.cn/comment/Cis9ElFf8?uid=5110084056&rl=1#cmtfrm,罗庄区污水处理厂,,,,@生态梦人,@山东环境,@临沂环境
宁阳环境,各位网友：你们好！首先感谢大家对环保工作的关心和支持。在线数据显示，山东天和纸业有限公司外排水2015年12月20日6:00与8:00出现COD超标现象，我局立即对该公司进行了检查，经查，..@豫鲁风骨 @泰安环境 @山东环境 @他知道风从哪个方向来CJ @公众环境马军 关于网友反映山东天和纸业有限公司在线数据超标调查处理情况的回复 ​,7,4,9,2015-12-21 11:49:15,https://weibo.cn/comment/D9qaIuHn2?uid=3602390355&rl=1#cmtfrm,山东天和纸业,,,,@豫鲁风骨,@泰安环境,@山东环境,@他知道风从哪个方向来CJ,@公众环境马军
临沭环保,关于网友反映的金沂蒙集团二氧化硫超标问题，经查，由于设备管路反吹，导致二氧化硫瞬时数据超标，日均值能够稳定达标。@Bluracle @临沂环境 @山东环境 @蔚蓝地图 ​,0,2,1,2015-07-17 09:24:38,https://weibo.cn/comment/CruAnyMw8?uid=5144114030&rl=1#cmtfrm,金沂蒙集团,,,,@临沂环境,@山东环境,@蔚蓝地图
山东环境,威公司180m2烧结脱硫于12月11日4:00分左右在线监测数据出现异常，后联系运营单位莱芜市东鹏机械设备安装有限公司维护人员进行排查，经检查是由于在线监测设备加热器跳闸，导致二氧化硫测量室进入冷凝水，致使在线监测数据异常，于2015年12月12日12:00分修复完成。@莱芜环境 ​,4,1,5,2015-12-16 09:16:23,https://weibo.cn/comment/D8ooN2lQK?rl=1#cmtfrm,山东泰威冶金材料制造,1,泰威公司微博,,@莱芜环境,@莱芜环境,@蛇妖妖娆-敏,@山东环境
沈阳环保,【沈阳新北热电数据超标情况说明】由于企业工况原因，3月14日起，沈阳新北热电3号锅炉就已停运，并没有超标排放的行为。非燃烧状态，监测点位含氧量在9%至20%，含氧量较高，通过折算后的二氧化硫浓度折算值也相应提高。请@蔚蓝地图 关注，并加以说明修改。非常感谢各位热心网友的关注~ @公众环境马军 ​,4,7,10,2015-03-25 10:34:11,https://weibo.cn/comment/Caak0jchI?uid=2765022325&rl=1#cmtfrm,沈阳新北热电,,,,@蔚蓝地图,@公众环境马军
沈阳环保,【沈阳新北热电数据超标情况说明】由于企业工况原因，3月14日起，沈阳新北热电3号锅炉就已停运，并没有超标排放的行为。非燃烧状态，监测点位含氧量在9%至20%，含氧量较高，通过折算后的二氧化硫浓度折算值也相应提高。请@蔚蓝地图 关注，并加以说明修改。非常感谢各位热心网友的关注~ @公众环境马军 ​,4,7,10,2015-03-25 10:34:11,https://weibo.cn/comment/Caak0jchI?uid=2765022325&rl=1#cmtfrm,沈阳新北热电,,,,@蔚蓝地图,@公众环境马军
丹阳环保局,@莫愁环境保护协会       网友你好！根据您的建议，我们专门调阅了该厂相关检查记录，现将有关情况答复如下：江苏长丰造纸有限公司年产30万吨包装纸技改项目，于2006年12月12 详见长微博： 502 Bad Gateway  ​,0,0,0,2015-04-02 09:45:28,https://weibo.cn/comment/CbnqcwIrb?uid=1400381784&rl=1#cmtfrm,江苏长丰造纸,,,,@莫愁环境保护协会
青岛环保,【市办实事前三个季度进展】燃煤锅炉治理：青岛碱业、青岛恒源热电、青岛能源热电等42台锅炉已完成治理，占年计划的105%；新建小型垃圾转运处理设施15处，占年计划150%，垃圾转运站总数达161处。@青岛交通广播FM897 @掌上青岛   　　● 　　全市新增城乡就业30.6万人、全市政策性扶持创业1.5万人、完成技能帮扶培训10532人、保障性住房开工40个项目、优化公交线路、站点方面超额完成年计划……今年市办实事前三个季度完成情况公布，11件37个项目总体进展顺利，其中多项工作已超额完成年度目标。　　　　　　100%+22.4%　　●全市新增城乡就...  ​,4,3,8,2015-10-15 14:48:28,https://weibo.cn/comment/CFdaw5wU3?uid=3245359303&rl=1#cmtfrm,青岛恒源热电,,,,@青岛交通广播FM897,@掌上青岛
青岛环保,【2015青岛37项市办实事部分超额完成 进展公布】青岛碱业、青岛恒源热电、青岛能源热电等33台锅炉已完成治理，占年计划的82.5%，大唐黄岛发电厂等其余7台锅炉已全部开工建设。@青岛交通广播FM897 @掌上青岛 2015青岛37项市办实事部分超额完成 进展公布  ​,0,3,8,2015-08-14 11:01:31,https://weibo.cn/comment/CvLbCylXU?uid=3245359303&rl=1#cmtfrm,青岛恒源热电,,,,@青岛交通广播FM897,@掌上青岛
环保东营,015年05月14日10点，垦利惠能热电有限责任公司在线监测数据，希望排放浓度高的企业作出公开说明！#蔚蓝地图# ​,0,2,2,2015-05-14 10:27:55,https://weibo.cn/comment/ChLx6qOG6?rl=1#cmtfrm,垦利惠能热电,1,Bluracle,转发理由:图片好像不对，不是垦利惠能热电的在线监测数据 //@Bluracle:2015年05月14日10点，垦利惠能热电有限责任公司在线监测数据，希望排放浓度高的企业作出公开说明！#蔚蓝地图#@环保东营 @蔚蓝地图 @山东空气观察团 @绿行齐鲁 #山东空气观察#      ,@环保东营,@蔚蓝地图,@山东空气观察团,@绿行齐鲁
济南环保,#防霾治霾，共治共享##环监在行动#【济南市环境监察支队对庚辰钢铁有限公司进行专项检查】 11月18日，济南市环境监察支队联合济南市环境监测中心站，对济南庚辰钢铁有限公司2台30平米烧结机的废气治理设施及堆场料场进行了全面检查和监测。 @山东环境 @微博济南 ​,5,4,20,2015-11-18 15:59:54,https://weibo.cn/comment/D4qI4FG8t?uid=3567934541&rl=1#cmtfrm,济南庚辰钢铁,,,,@山东环境,@微博济南
大丰市环保志愿者,2015年11月24日07点，福州经济技术开发区市政公用事业管理处长安污水处理厂在线监测数据，希望排放浓度高的企业作出公开说明！#蔚蓝地图#@公众环境马军 ​,2,4,5,2015-11-24 07:12:43,https://weibo.cn/comment/D5hP4dcC1?uid=1707640501&rl=1#cmtfrm,福州经济技术开发区市政公用事业管理处（长安污水处理厂）,,,,@公众环境马军
衢州质监,【衢州市最大吨位的冶金起重机改造成功】近日，衢州元立金属制品有限公司的冶金起重机改造成功，在主梁不拆除不卸载，跨度不变的情况下，该起重机从100吨位直接改造为110吨位，是衢州市最大吨位的冶金起重机改造项目。图为特检中心检验员在为改造后的起重机做上岗前的检验。@衢州特检 ​,0,0,0,2015-03-05 11:08:25,https://weibo.cn/comment/C77ZYamQr?uid=3518927655&rl=1#cmtfrm,衢州元立金属制品,,,,@衢州特检
青岛环保,经评审，我局决定命名青岛啤酒股份有限公司青岛啤酒二厂、中粮可口可乐饮料（山东）有限公司、市南区江苏路街道办事处齐东路社区居委会、青岛小川环保设备有限公司、青岛胶南中科成污水净化有限公司、青岛环境再生能源有限公司为青岛市市级环境教育基地。@青岛教育微博 @青岛交通广播FM897 @掌上青岛 ​,1,4,7,2015-11-27 10:52:40,https://weibo.cn/comment/D5LxPzMPf?uid=3245359303&rl=1#cmtfrm,青岛环境再生能源,,,,@青岛教育微博,@青岛交通广播FM897,@掌上青岛
青岛环保,经评审，我局决定命名青岛啤酒股份有限公司青岛啤酒二厂、中粮可口可乐饮料（山东）有限公司、市南区江苏路街道办事处齐东路社区居委会、青岛小川环保设备有限公司、青岛胶南中科成污水净化有限公司、青岛环境再生能源有限公司为青岛市市级环境教育基地。@青岛教育微博 @青岛交通广播FM897 @掌上青岛 ​,1,4,7,2015-11-27 10:52:40,https://weibo.cn/comment/D5LxPzMPf?uid=3245359303&rl=1#cmtfrm,青岛环境再生能源,,,,@青岛教育微博,@青岛交通广播FM897,@掌上青岛
湛江供电,10月11日24时，经过连续7天的全力抢修，湛江受强台风影响地区全面恢复供电。据统计，本次台风导致湛江180多万用电客户受到停电影响。全省多地电力部门驰援湛江，一万五千多名抢修人员奋战在抗风一线，全力抢修复电，7天内全面完成恢复供电任务。@南网50Hz @广东电网 ​,119,35,33,2015-10-12 16:34:23,https://weibo.cn/comment/CELA1ai7b?uid=3222053164&rl=1#cmtfrm,湛江电力,,,,@南网50Hz,@广东电网
惠州供电,#迎战彩虹#一碗热粥暖人心！“供电的兄弟们辛苦了，喝口粥暖暖身子吧！”湛江坡头西边地居委会为惠州供电局援湛救灾队伍送来了热腾腾的鸡粥，慰问冷雨瑟瑟中一直在抢修复电的供电蜀黍！粥里满满的都是湛江坡头人民的感激和关怀，这一刻电力君的小宇宙充满了正能量吼吼！[hold住]@广东电网 @南网50Hz ​,8,0,0,2015-10-11 18:10:01,https://weibo.cn/comment/CECMl6zRW?uid=3282544440&rl=1#cmtfrm,湛江电力,,,,@广东电网,@南网50Hz
中山供电,#迎战彩虹# 【你们像军人一样快速、坚毅、刚强……】中山供电局抗风复电抢修队收到了位于湛江市麻章区坡塘的中国人民解放军部队赠予的锦旗，该部队感谢电力工人们在灾后及时派送发电车输送电源，减少了停电影响，赞电力蜀黍的奉献精神与军人一般。[鼓掌]@南网50Hz @广东电网 ​,2,0,3,2015-10-10 12:38:40,https://weibo.cn/comment/CErbltHch?uid=3218276984&rl=1#cmtfrm,湛江电力,,,,@南网50Hz,@广东电网
中山供电,#迎战彩虹#【“充电”水厂，用水无忧】台风过后，湛江市部分自来水公司的电力系统也受到影响，为了保证市民用水，中山供电发电车对湛江市区东山第一抽水厂、龙华抽水站等多个自来水公司进行保供电，供电蜀黍携多台发电车24小时驻守在自来水公司，确保市民人人有水用！@南网50HZ@广东电网 ​,3,2,1,2015-10-08 12:26:22,https://weibo.cn/comment/CE8fmnx9v?uid=3218276984&rl=1#cmtfrm,湛江电力,,,,@南网50HZ,@广东电网
珠海供电,#迎战彩虹# 【支援湛江抗灾复电进展】彩虹过后，供电蜀黍先要巡查丈量电力设施受损情况，长腿发挥作用啦！根据数据拿到物资材料，开动！清断塔、立新塔、扶歪塔，拉线、维修金具更是少不了的。没有重型机械帮忙就肩扛手拉干起来！乡亲们，受苦啦，我们正在加油！@南网50Hz @广东电网 @国资小新 ​,20,15,8,2015-10-08 12:20:31,https://weibo.cn/comment/CE8cZwSlB?uid=3217021832&rl=1#cmtfrm,湛江电力,,,,@南网50Hz,@广东电网,@国资小新
湛江供电,#抗击台风“彩虹”# “什么时候才有电？”这是自10月4日强台风“彩虹”在湛江坡头区登陆后95598电力咨询热线中出线最多的声音，同时这也是全湛江人民心中最焦急的声音，当然，这更是每一位湛江供电局员工心中最胶着的声音。“彩... 湛江供电，加油！ @湛江日报 @广东电网 ​,112,56,20,2015-10-06 13:20:42,https://weibo.cn/comment/CDPKqx43A?uid=3222053164&rl=1#cmtfrm,湛江电力,,,,@湛江日报,@广东电网
珠海供电,#湛江正能量#【支援湛江抗灾复电进展】昼夜兼程，一路驰骋，今日凌晨5时许，珠海供电局电力抢修先遣队带着两台应急发电车及12台发电机到达湛江受灾重点区域。随后立即参加湛江局抢修对接会，落实抢修方案和任务。 @广东电网 @南网50Hz @珠海发布 ​,29,6,3,2015-10-05 13:56:08,https://weibo.cn/comment/CDGyjapRW?uid=3217021832&rl=1#cmtfrm,湛江电力,,,,@广东电网,@南网50Hz,@珠海发布
珠海供电,#迎战彩虹# 【支援湛江抗灾复电进展】今天湛江的天空好美，来自珠海的电力欧巴继续在干活啦，好让湛江的夜也美起来！认真工作的人最可爱啦![好爱哦]@南网50Hz @广东电网@湛江供电@国资小新 ​,107,37,15,2015-10-07 10:03:56,https://weibo.cn/comment/CDXT3dc3F?uid=3217021832&rl=1#cmtfrm,湛江电力,,,,@南网50Hz ,@广东电网,@湛江供电,@国资小新
珠海供电,#迎战彩虹# 【支援湛江抗灾复电进展】今天湛江的天空好美，来自珠海的电力欧巴继续在干活啦，好让湛江的夜也美起来！认真工作的人最可爱啦![好爱哦]@南网50Hz @广东电网@湛江供电@国资小新 ​,107,37,15,2015-10-07 10:03:56,https://weibo.cn/comment/CDXT3dc3F?uid=3217021832&rl=1#cmtfrm,湛江电力,,,,@南网50Hz ,@广东电网,@湛江供电,@国资小新
罗庄环境,#我们在行动#夜鹰剿污突击队罗庄小队在行动。雨后夏夜，夜查再出动。今晚的主要检查目标为华能临沂发电有限公司和红日阿康化工有限公司等大型企业。@山东环境 @临沂环境 @01黑脸@生态梦人 ​,6,3,7,2015-08-06 22:04:26,https://weibo.cn/comment/CuC6IETCD?uid=5110084056&rl=1#cmtfrm,华能临沂发电,,,,@山东环境,@临沂环境,@生态梦人
呼和浩特发布,于网友通过手机APP“污染地图”反映“内蒙古丰泰发电有限责任公司8月26日二氧化硫超标”的情况说明：经我局监控中心核实，该企业已于8月26日22时机组停运，该数据是因停机时氧含量升高导致折算浓度超标，实测值为1.81mg/m³。而且该机组停机检修已向我局报备。@BartLofty @雷蒙host @呼和浩特发布 ​,1,3,0,2015-08-28 12:27:48,https://weibo.cn/comment/CxTHIqn4I?rl=1#cmtfrm,内蒙古丰泰发电,1,呼和浩特市环保,转发理由:#回音壁#@呼和浩特市环保：关于网友通过手机APPP污染地图反映“内蒙古丰泰发电有限责任公司8月26日二氧化硫超标”的情况说明：经我局监控中心核实，该企业已于8月26日22时机组停运，该数据是因停机时氧含量升高导致折算浓度超标，实测值为1.81mg/m³。而且该机组停机检修已向我局报备。@新浪内蒙古      ,@雷蒙host,@呼和浩特发布,@呼和浩特市环保,@新浪内蒙古
呼和浩特市环保,关于网友通过手机APP“污染地图”反映“内蒙古丰泰发电有限责任公司8月26日二氧化硫超标”的情况说明：经我局监控中心核实，该企业已于8月26日22时机组停运，该数据是因停机时氧含量升高导致折算浓度超标，实测值为1.81mg/m³。而且该机组停机检修已向我局报备。@BartLofty @雷蒙host @呼和浩特发布 ​,2,3,5,2015-08-28 12:23:12,https://weibo.cn/comment/CxTHIqn4I?uid=3859121244&rl=1#cmtfrm,内蒙古丰泰发电,,,,@雷蒙host,@呼和浩特发布
山东环境,环保处罚#[话筒]关于对​即墨市污水处理有限公司等107家企业（个人）处以行政罚款情况 #环保处罚#关于对​即墨市污水处理有限公司等107家企业（个人）处以行政罚款情况 @山东环境 @中国环境新闻 @青岛城乡建设 @青岛市政公用 @共青团青岛市委 @青岛交通广播FM897 @掌上青岛 @sina青岛头条 @半岛网 @青岛晚报 @蔚蓝地图 @青岛日报官方微博 ​,3,7,6,2015-07-08 11:55:04,https://weibo.cn/comment/Cq8DHxwFY?rl=1#cmtfrm,即墨市污水处理,1,青岛环保,,@山东环境,@中国环境新闻,@青岛城乡建设,@青岛市政公用,@共青团青岛市委,@青岛交通广播FM897,@掌上青岛,@半岛网,@青岛晚报,@蔚蓝地图,@青岛日报官方微博
青岛环保,#环保处罚#[话筒]关于对​即墨市污水处理有限公司等107家企业（个人）处以行政罚款情况 #环保处罚#关于对​即墨市污水处理有限公司等107家企业（个人）处以行政罚款情况 @山东环境 @中国环境新闻 @青岛城乡建设 @青岛市政公用 @共青团青岛市委 @青岛交通广播FM897 @掌上青岛 @sina青岛头条 @半岛网 @青岛晚报 @蔚蓝地图 @青岛日报官方微博 ​,5,7,13,2015-07-08 11:42:05,https://weibo.cn/comment/Cq8DHxwFY?uid=3245359303&rl=1#cmtfrm,即墨市污水处理,,,,@山东环境,@中国环境新闻,@青岛城乡建设,@青岛市政公用,@共青团青岛市委,@青岛交通广播FM897,@掌上青岛,@半岛网,@青岛晚报,@蔚蓝地图,@青岛日报官方微博
大丰市环保志愿者,2015年10月06日23点，上海梅山钢铁股份有限公司在线监测数据，希望排放浓度高的企业作出公开说明！#蔚蓝地图#@公众环境马军 ​,1,0,0,2015-10-06 23:11:30,https://weibo.cn/comment/CDTCedcoQ?uid=1707640501&rl=1#cmtfrm,上海梅山钢铁股份,,,,@公众环境马军
大丰市环保志愿者,2015年09月16日08点，上海梅山钢铁股份有限公司在线监测数据，希望排放浓度高的企业作出公开说明！#蔚蓝地图#@公众环境马军 ​,1,3,7,2015-09-16 08:32:45,https://weibo.cn/comment/CALjC4Hqw?uid=1707640501&rl=1#cmtfrm,上海梅山钢铁股份,,,,@公众环境马军
北海发布,#生态北海 绿色发展#从中石化北海炼化公司获悉，该公司自投产以来，致力建设资源节约型、环境友好型企业，节能减排成效显著，2014年度实现节能量12800吨标准煤以上。近日，该公司荣获“广西节能减排荣誉成就奖”。[赞]@中国石化北海炼化 http://t.cn/RZxHkM7 ​,1,0,1,2015-01-09 10:45:11,https://weibo.cn/comment/BEINybTNV?uid=2177412401&rl=1#cmtfrm,中国石化北海炼化,,,,@中国石化北海炼化
龙口环境,015年08月31日19点，龙口市第二污水处理厂在线监测数据，希望排放浓度高的企业作出公开说明！#蔚蓝地图#@蔚蓝地图 @绿行齐鲁 @山东空气观察团 @龙口环境 ​,0,5,0,2015-09-29 11:47:43,https://weibo.cn/comment/CyoL8yKVp?rl=1#cmtfrm,龙口市污水处理厂,1,Bluracle,转发理由:您好，经龙口市环保局调查，您反映的龙口市第二污水处理厂COD在线监测值超标的情况是由于之前进该污水处理厂的水量突然大幅增加导致超过设施处理能力而不能正常运行。我局已要求污水处理厂进行设施改造，提高适应进水变化的能力，预计10月底改造完毕。      ,@蔚蓝地图,@绿行齐鲁,@山东空气观察团,@龙口环境
山东环境,回声台# 【关于光大水务排污口标志牌的回复】欢迎网友监督。@山东环境 @生态梦人@豫鲁风骨 @绿行齐鲁 @孤独求单 @拨云见晴空 @山东商报 ​,7,1,6,2015-04-01 21:36:55,https://weibo.cn/comment/CbiBI7K0L?rl=1#cmtfrm,光大水务（济南）,1,济南环保,转发理由:#互动# 关于网友反映的光大水务排污口标志牌的问题，已经@济南环保 调查处理。欢迎网友监督评议。  赞[7]    ,@山东环境,@生态梦人,@豫鲁风骨,@绿行齐鲁,@孤独求单,@拨云见晴空,@山东商报,@济南环保
保定市环保局微博,续超标第二天！无人问津！@公众环境马军 @蔚蓝地图 @河北发布 @柴静看见 @燕赵都市报保定站 @保定早报 @尘世之言 @保定电视台 @保定市环保局微博 @保定同城会 @微博保定 ​,0,10,1,2015-04-16 09:58:19,https://weibo.cn/comment/CcPTxklzq?rl=1#cmtfrm,大唐保定华源热电,1,保定土著高峥,转发理由:（三）@微博保定 您好，微博举报显示：大唐保定华源热电有限公，4月11日锅炉烟囱8（2015-4-11 22:00）排口烟尘超标小时均值424.46mg/m3。据分析，超标数据应来源于某款手机APP软件。该APP软件数据与河北省污染源自动监控系统一致，但显示数据不完整、不严谨、不科学，只显示了部分数据，      ,@公众环境马军,@蔚蓝地图,@河北发布,@柴静看见,@燕赵都市报保定站,@保定早报,@尘世之言,@保定电视台,@保定市环保局微博,@保定同城会,@微博保定,@微博保定
保定市环保局微博,续超标第二天！无人问津！@公众环境马军 @蔚蓝地图 @河北发布 @柴静看见 @燕赵都市报保定站 @保定早报 @尘世之言 @保定电视台 @保定市环保局微博 @保定同城会 @微博保定 ​,0,10,1,2015-04-16 09:58:19,https://weibo.cn/comment/CcPTxklzq?rl=1#cmtfrm,大唐保定华源热电,1,保定土著高峥,转发理由:（三）@微博保定 您好，微博举报显示：大唐保定华源热电有限公，4月11日锅炉烟囱8（2015-4-11 22:00）排口烟尘超标小时均值424.46mg/m3。据分析，超标数据应来源于某款手机APP软件。该APP软件数据与河北省污染源自动监控系统一致，但显示数据不完整、不严谨、不科学，只显示了部分数据，      ,@公众环境马军,@蔚蓝地图,@河北发布,@柴静看见,@燕赵都市报保定站,@保定早报,@尘世之言,@保定电视台,@保定市环保局微博,@保定同城会,@微博保定,@微博保定
绿色郑州,015年03月20日13点，昊华宇航化工有限责任公司热电分厂在线监测数据，希望排放浓度高的企业作出公开说明！#蔚蓝地图##污染地图#@绿色郑州 @在线投诉 @河南绿色中原 @映象网 http://t.cn/RzFuhC2 ​,2,4,7,2015-03-20 14:36:19,https://weibo.cn/comment/C9qfj2dHV?rl=1#cmtfrm,昊华宇航化工,1,oliver萌,转发理由:昊华宇航化工有限责任公司是国家大型工业企业、中国化工500强、河南省百户重点发展企业和焦作市18家重点发展企业之一。 //@在线投诉:@绿色郑州 这个应该在河南省吧，你还有啥话要说？@河南绿色中原 @消费质量报社      ,@绿色郑州,@在线投诉,@河南绿色中原,@映象网,@在线投诉,@绿色郑州,@河南绿色中原,@消费质量报社
临沭环保,沭县污水处理厂 化学需氧量 超标10倍！[吃惊][弱]再次表示震惊[星星眼] 临沭县华盛化工超标1倍[弱]，苍山（兰陵）县污水处理厂超标2倍[弱]@临沂环境 @临沭环保 @兰陵环境 @蔚蓝地图 @公众环境马军 ​,0,13,16,2015-07-15 10:11:58,https://weibo.cn/comment/CrbPNjLnT?rl=1#cmtfrm,临沭县清源污水处理厂,1,AWC_Belinda,转发理由:经了解，临沭县清源污水处理厂14日由于仪器故障，化学需氧量（COD）数据一直保持在538mg/l左右，已向临沭县环保局监控中心和临沂市环保局监控中心提交报告，经县环保局监察人员现场采样监测，出水COD达标。污水处理厂已与中介公司联系，维修人员正在前往途中。//@临沭环保: 已转监察人员前往查明原因      ,@临沂环境,@临沭环保,@兰陵环境,@蔚蓝地图,@公众环境马军,@临沭环保
淄博环保,#回音壁#【关于对山东万杰高科技股份有限公司博山热电厂氮氧化物超标处理意见情况回复】山东万杰高科技股份有限公司博山热电厂系博山一家热电联产工业企业，位于博山区经济开发区岜山村，该企业1994年建厂，产能2×3.5MW发电装机，配备3台锅炉（目前1台锅炉运行）...（详见长微博）@山东环境@蔚蓝地图   ​,1,4,7,2015-06-25 17:01:11,https://weibo.cn/comment/CocaNbRwA?uid=3114085181&rl=1#cmtfrm,山东万杰高科技股份,,,,@山东环境,@蔚蓝地图
山东环境,环保罚款#[话筒]关于对青岛后海热电有限公司等29家单位处以罚款情况 #环保罚款#关于对青岛后海热电有限公司等29家单位处以行政罚款情况 @青岛发布 @山东环境 @中国环境新闻 @青岛城乡建设 @青岛市政公用 @共青团青岛市委 @青岛交通广播FM897 @掌上青岛 @城市信报 @sina青岛头条 @半岛网 @青岛晚报 @蔚蓝地图 @公众环境马军 ​,2,3,4,2015-06-23 13:12:24,https://weibo.cn/comment/CnRKMadDa?rl=1#cmtfrm,青岛后海热电,1,青岛环保,,@青岛发布,@山东环境,@中国环境新闻,@青岛城乡建设,@青岛市政公用,@共青团青岛市委,@青岛交通广播FM897,@掌上青岛,@城市信报,@半岛网,@青岛晚报,@蔚蓝地图,@公众环境马军
青岛环保,#环保罚款#[话筒]关于对青岛后海热电有限公司等29家单位处以罚款情况 #环保罚款#关于对青岛后海热电有限公司等29家单位处以行政罚款情况 @青岛发布 @山东环境 @中国环境新闻 @青岛城乡建设 @青岛市政公用 @共青团青岛市委 @青岛交通广播FM897 @掌上青岛 @城市信报 @sina青岛头条 @半岛网 @青岛晚报 @蔚蓝地图 @公众环境马军 ​,2,3,14,2015-06-23 13:02:12,https://weibo.cn/comment/CnRKMadDa?uid=3245359303&rl=1#cmtfrm,青岛后海热电,,,,@青岛发布,@山东环境,@中国环境新闻,@青岛城乡建设,@青岛市政公用,@共青团青岛市委,@青岛交通广播FM897,@掌上青岛,@城市信报,@半岛网,@青岛晚报,@蔚蓝地图,@公众环境马军
青岛环保,#治霾-控燃煤# [话筒]实施脱硫除尘改造、低氮燃烧、脱硝建设项目的40台燃煤锅炉治理进展顺利，青岛碱业等3家企业6台锅炉已完成脱硝治理，青岛后海热电有限公司等11台锅炉已开工建设，青岛能源热电等18台锅炉已确定治理方案。@山东环境 @青岛发布 @青岛市政公用 @青岛交通广播FM897 @掌上青岛 ​,0,0,3,2015-04-27 17:02:19,https://weibo.cn/comment/CfdXWlnR1?uid=3245359303&rl=1#cmtfrm,青岛后海热电,,,,@山东环境,@青岛发布,@青岛市政公用,@青岛交通广播FM897,@掌上青岛
青岛环保,山东：拎出超排企业，接受社会监督】近日，山东环保厅在网站公布70家涉气重点监管企业超排信息，并就超标原因、整改措施、达标排放时限等向社会发布。@豫鲁风骨 @公众环境马军 @青岛环保 @拨云见晴空 @环保汪昭华 @绿色水滴2013 @临沂环境。http://t.cn/RZfFZQ8 ​,0,10,17,2015-01-16 14:52:52,https://weibo.cn/comment/BFOl6mT1H?rl=1#cmtfrm,青岛后海热电,1,生态梦人,转发理由:[话筒]青岛，保障民生或生产工艺特殊的超标企业还有四家：青岛热电股份有限公司、青岛碱业股份有限公司、青岛泰能燃气热电有限责任公司、青岛后海热电有限公司。//@贝克海螺: 这点钱对于他们来说，算什么？      ,@豫鲁风骨,@公众环境马军,@青岛环保,@拨云见晴空,@环保汪昭华,@绿色水滴2013,@临沂环境,@贝克海螺
